-- phpMyAdmin SQL Dump
-- version 5.1.3
-- https://www.phpmyadmin.net/
--
-- Host: 127.0.0.1
-- Generation Time: Aug 17, 2022 at 04:22 AM
-- Server version: 10.4.24-MariaDB
-- PHP Version: 7.4.29

SET SQL_MODE = "NO_AUTO_VALUE_ON_ZERO";
START TRANSACTION;
SET time_zone = "+00:00";


/*!40101 SET @OLD_CHARACTER_SET_CLIENT=@@CHARACTER_SET_CLIENT */;
/*!40101 SET @OLD_CHARACTER_SET_RESULTS=@@CHARACTER_SET_RESULTS */;
/*!40101 SET @OLD_COLLATION_CONNECTION=@@COLLATION_CONNECTION */;
/*!40101 SET NAMES utf8mb4 */;

--
-- Database: `farmer26`
--

-- --------------------------------------------------------

--
-- Table structure for table `comment`
--

CREATE TABLE `comment` (
  `comment_sid` int(11) NOT NULL,
  `member_id` varchar(255) NOT NULL,
  `comment` varchar(255) DEFAULT NULL,
  `rating` varchar(255) NOT NULL,
  `likes` varchar(1000) NOT NULL,
  `created_at` datetime NOT NULL,
  `product_sid` varchar(255) DEFAULT NULL
) ENGINE=InnoDB DEFAULT CHARSET=utf8mb4;

--
-- Dumping data for table `comment`
--

INSERT INTO `comment` (`comment_sid`, `member_id`, `comment`, `rating`, `likes`, `created_at`, `product_sid`) VALUES
(1, '1', '超愛小鱻肉推薦的生鮮食品，都會自己先吃過才會推薦給朋友。 ', '5', '26', '2022-05-14 14:30:30', '26'),
(2, '2', '商品很新鮮', '5', '11', '2022-05-15 14:30:30', '26'),
(3, '3', '嚴選生鮮食材 選擇多樣 讓人忍不住 餐餐想自己動手煮 ', '5', '18', '2022-05-16 14:30:30', '26'),
(4, '4', '新鮮的食材，很棒 東西都很好吃 會常常來光顧 ', '4', '9', '2022-05-17 14:30:30', '26'),
(5, '5', '商品很新鮮', '3', '4', '2022-05-18 14:30:30', '27'),
(6, '6', '這家鮭魚很好吃又新鮮，推薦大家來這邊選購', '5', '58', '2022-05-19 14:30:30', '27'),
(7, '7', ':( BAD', '1', '7', '2022-05-20 14:30:30', '27'),
(8, '8', '新鮮，價格實惠，值得常常來挖寶 ', '4', '9', '2022-05-21 14:30:30', '27'),
(9, '9', '東西齊全價格便宜，服務親切，值得推薦 ', '5', '19', '2022-05-22 14:30:30', '26'),
(10, '10', '食材新鮮 ', '4', '11', '2022-05-23 14:30:30', '26'),
(11, '11', 'GOOD', '4', '12', '2022-05-23 14:30:31', '26'),
(12, '12', 'GOOD', '4', '2', '2022-05-23 14:30:35', '26'),
(13, '13', '客服態度很差', '1', '4', '2022-05-23 14:30:36', '26'),
(14, '14', '什麼都有什麼都賣 買鮮魚買水果買牛排這裡通通有 很方便', '5', '17', '2022-05-23 14:30:37', '2'),
(15, '15', '蘋果很甜', '5', '3', '2022-05-23 14:30:38', '2'),
(16, '16', '服務好 商品好吃 ', '5', '9', '2022-05-23 14:30:39', '2'),
(17, '17', '商品很新鮮', '5', '5', '2022-05-23 14:30:40', '6'),
(18, '18', 'CP值高 ', '4', '4', '2022-05-23 14:30:41', '6'),
(19, '19', '想說隨便找一間訂購買買，結果還不錯...', '4', '4', '2022-05-23 14:30:42', '6'),
(20, '20', '送來的的蔬菜及瓜果類都非常新鮮，品質優於大賣場及傳統市場，重點疫情期間內，幫忙送到府減少接觸，真是佛心，更別提大熱天的，送貨司機也超貼心的，辛苦了！ ', '5', '38', '2022-05-23 14:30:45', '6'),
(21, '21', '非常實在！價格合理，服務周到！ ', '5', '6', '2022-05-23 14:30:46', '6'),
(22, '22', 'GOOD', '2', '4', '2022-05-23 14:30:47', '6'),
(23, '23', '送來都爛掉，傻眼', '1', '3', '2022-05-23 14:30:48', '6'),
(24, '24', '香蕉很好吃', '5', '1', '2022-05-23 14:30:49', '7'),
(25, '25', 'CP值高 ', '5', '2', '2022-05-23 14:30:50', '7'),
(26, '1', '極力推薦優良商家 各種生鮮蔬果 品質超好的，蔬菜水果清洗過後就可以吃了，根本不用再挑選不良品，絕對是超值。 ', '5', '11', '2022-05-23 14:30:51', '7'),
(27, '2', 'Good~~~', '3', '1', '2022-05-23 14:30:52', '7'),
(28, '3', 'good~~', '3', '2', '2022-05-23 14:30:53', '7'),
(29, '4', 'soso', '3', '2', '2022-05-23 14:30:54', '7'),
(30, '5', '還可以', '2', '3', '2022-05-23 14:30:55', '7'),
(31, '6', ':(', '2', '2', '2022-05-23 14:30:56', '3'),
(32, '7', '司機態度不好，但東西還不錯，勉強給2顆星', '2', '19', '2022-05-23 14:30:57', '3'),
(33, '8', '司機態度不好...打電話也沒人接 :(', '1', '3', '2022-05-23 14:30:58', '3'),
(34, '9', '蔬果很新鮮，司機都很親切，遇到問題也會處理好，不錯！ ', '5', '12', '2022-05-23 14:30:59', '11'),
(35, '10', '服務態度不錯，生鮮蔬果都很新鮮 ', '5', '1', '0000-00-00 00:00:00', '11'),
(36, '11', '商品很新鮮', '3', '1', '0000-00-00 00:00:00', '11'),
(37, '12', '還行', '3', '1', '0000-00-00 00:00:00', '11'),
(38, '13', 'good~', '3', '1', '0000-00-00 00:00:00', '11'),
(39, '14', 'good~\\', '5', '1', '0000-00-00 00:00:00', '11'),
(40, '15', '還可以再更好', '3', '24', '0000-00-00 00:00:00', '11'),
(41, '16', '價格便宜，服務親切，值得推薦 ', '5', '5', '0000-00-00 00:00:00', '33'),
(42, '17', '肉超好吃的', '4', '1', '0000-00-00 00:00:00', '29'),
(43, '18', 'CP值高 ', '4', '1', '0000-00-00 00:00:00', '29'),
(44, '19', '好讚', '4', '1', '0000-00-00 00:00:00', '29'),
(45, '20', '肉類很新鮮很好吃', '4', '1', '0000-00-00 00:00:00', '29'),
(46, '21', '好吃!!!!!!', '5', '1', '0000-00-00 00:00:00', '29'),
(47, '22', '', '5', '1', '0000-00-00 00:00:00', '29'),
(48, '23', '', '5', '1', '0000-00-00 00:00:00', '29'),
(49, '24', '還可以', '3', '1', '0000-00-00 00:00:00', '29'),
(50, '25', '', '5', '2', '0000-00-00 00:00:00', '29'),
(51, '1', '非常棒 ', '5', '14', '2021-01-02 23:56:11', '33'),
(52, '2', '不錯~', '4', '7', '2022-02-02 11:30:30', '5'),
(53, '3', '新鮮', '5', '5', '2022-05-02 14:30:30', '5'),
(54, '4', '666', '4', '7', '2022-08-10 16:39:18', '30'),
(55, '5', 'BAD :(', '1', '8', '2022-08-10 16:55:29', '30'),
(56, '6', '444', '5', '2', '2022-08-10 17:19:03', '30'),
(57, '7', '17:23', '5', '2', '2022-08-10 17:23:18', '30'),
(58, '8', '包裝很用心，值得推薦的好賣家~', '5', '3', '2022-08-10 18:09:30', '30'),
(59, '9', '新鮮', '5', '1', '2022-08-10 18:09:32', '1'),
(60, '10', '非常棒，下次一定會再來光顧', '5', '2', '2022-08-10 18:09:34', '30'),
(61, '11', '讚喔', '5', '12', '2022-08-11 16:02:03', '30'),
(62, '12', '不錯', '5', '8', '2022-08-11 16:04:27', '30'),
(63, '13', '家裡小孩很喜歡吃魚所以挑了這家的產品試試，意外還不錯！', '5', '6', '2022-08-12 14:08:39', '30'),
(64, '14', 'CP值高', '5', '4', '2022-08-12 14:09:12', '30'),
(65, '15', '還好', '3', '43', '2022-08-12 14:09:59', '22'),
(66, '16', '好吃!!!!!!', '5', '5', '2022-08-12 14:46:44', '30'),
(67, '17', '東西齊全價格便宜，服務親切，值得推薦', '5', '6', '2022-08-12 14:47:10', '30'),
(68, '18', '蔬果很新鮮，司機都很親切，遇到問題也會處理好，不錯！', '5', '5', '2022-08-12 14:47:55', '30'),
(69, '19', 'Good', '4', '6', '2022-08-12 14:50:52', '30'),
(70, '20', '品質很好', '5', '2', '2022-08-12 14:53:35', '30'),
(71, '21', '買過還不錯，會推薦給其他朋友~', '5', '1', '2022-08-12 14:55:48', '30'),
(72, '22', '超愛小鱻肉推薦的生鮮食品，都會自己先吃過才會推薦給朋友。 ', '5', '15', '2022-08-13 15:57:22', '30'),
(73, '23', '好吃!', '5', '1', '2022-08-16 15:48:09', '30');

-- --------------------------------------------------------

--
-- Table structure for table `comment_isliked`
--

CREATE TABLE `comment_isliked` (
  `sid` int(50) NOT NULL,
  `comment_sid` int(50) NOT NULL,
  `customer_id` int(50) NOT NULL
) ENGINE=InnoDB DEFAULT CHARSET=utf8mb4;

--
-- Dumping data for table `comment_isliked`
--

INSERT INTO `comment_isliked` (`sid`, `comment_sid`, `customer_id`) VALUES
(2, 1, 1),
(3, 1, 2),
(4, 1, 3),
(5, 1, 4),
(6, 1, 5),
(7, 1, 6),
(8, 1, 7),
(9, 1, 8),
(10, 1, 9),
(11, 1, 10),
(12, 1, 11),
(13, 1, 12),
(14, 1, 13),
(15, 1, 14),
(16, 1, 15),
(17, 1, 16),
(18, 1, 17),
(19, 1, 18),
(20, 1, 19),
(21, 1, 20),
(22, 1, 21),
(23, 1, 22),
(24, 1, 23),
(25, 1, 24),
(26, 1, 25),
(27, 2, 1),
(28, 2, 2),
(29, 2, 3),
(30, 2, 4),
(31, 2, 5),
(32, 2, 6),
(33, 2, 7),
(34, 2, 8),
(35, 2, 9),
(36, 2, 10),
(37, 2, 11),
(38, 3, 1),
(39, 3, 2),
(40, 3, 3),
(41, 3, 4),
(42, 3, 5),
(43, 3, 6),
(44, 3, 7),
(45, 3, 8),
(46, 3, 9),
(47, 3, 10),
(48, 3, 11),
(49, 3, 12),
(50, 3, 13),
(51, 3, 14),
(52, 3, 15),
(53, 3, 16),
(54, 3, 17),
(55, 3, 18),
(56, 4, 1),
(57, 4, 2),
(58, 4, 3),
(59, 4, 4),
(60, 4, 5),
(61, 4, 6),
(62, 4, 7),
(63, 4, 8),
(64, 5, 1),
(65, 5, 2),
(66, 5, 3),
(67, 5, 4),
(68, 6, 1),
(69, 6, 2),
(70, 6, 3),
(71, 6, 4),
(72, 6, 5),
(73, 6, 6),
(74, 6, 7),
(75, 6, 8),
(76, 6, 9),
(77, 6, 10),
(78, 6, 11),
(79, 6, 12),
(80, 6, 13),
(81, 6, 14),
(82, 6, 15),
(83, 6, 16),
(84, 6, 17),
(85, 6, 18),
(86, 6, 19),
(87, 6, 20),
(88, 6, 21),
(89, 6, 22),
(90, 6, 23),
(91, 6, 24),
(92, 6, 25),
(93, 6, 26),
(94, 6, 27),
(95, 6, 28),
(96, 6, 29),
(97, 6, 30),
(98, 6, 31),
(99, 6, 32),
(100, 6, 33),
(101, 6, 34),
(102, 6, 35),
(103, 6, 36),
(104, 6, 37),
(105, 6, 38),
(106, 6, 39),
(107, 6, 40),
(108, 6, 41),
(109, 6, 42),
(110, 6, 43),
(111, 6, 44),
(112, 6, 45),
(113, 6, 46),
(114, 6, 47),
(115, 6, 48),
(116, 6, 49),
(117, 6, 50),
(118, 6, 51),
(119, 6, 52),
(120, 6, 53),
(121, 6, 54),
(122, 6, 55),
(123, 6, 56),
(124, 6, 57),
(125, 7, 1),
(126, 7, 2),
(127, 7, 3),
(128, 7, 4),
(129, 7, 5),
(130, 7, 6),
(131, 7, 7),
(132, 8, 1),
(133, 8, 2),
(134, 8, 3),
(135, 8, 4),
(136, 8, 5),
(137, 8, 6),
(138, 8, 7),
(139, 8, 8),
(140, 9, 1),
(141, 9, 2),
(142, 9, 3),
(143, 9, 4),
(144, 9, 5),
(145, 9, 6),
(146, 9, 7),
(147, 9, 8),
(148, 9, 9),
(149, 9, 10),
(150, 9, 11),
(151, 9, 12),
(152, 9, 13),
(153, 9, 14),
(154, 9, 15),
(155, 9, 16),
(156, 9, 17),
(157, 9, 18),
(158, 9, 19),
(159, 10, 1),
(160, 10, 2),
(161, 10, 3),
(162, 10, 4),
(163, 10, 5),
(164, 10, 6),
(165, 10, 7),
(166, 10, 8),
(167, 10, 9),
(168, 10, 10),
(169, 11, 1),
(170, 11, 2),
(171, 11, 3),
(172, 11, 4),
(173, 11, 5),
(174, 11, 6),
(175, 11, 7),
(176, 11, 8),
(177, 11, 9),
(178, 11, 10),
(179, 11, 11),
(180, 11, 12),
(181, 12, 1),
(182, 13, 1),
(183, 13, 2),
(184, 13, 3),
(185, 14, 1),
(186, 14, 2),
(187, 15, 1),
(188, 15, 2),
(189, 16, 1),
(190, 16, 2),
(191, 16, 3),
(192, 16, 4),
(193, 16, 5),
(194, 16, 6),
(195, 16, 7),
(196, 16, 8),
(197, 17, 1),
(198, 17, 2),
(199, 17, 3),
(200, 17, 4),
(201, 18, 1),
(202, 18, 2),
(203, 18, 3),
(204, 18, 4),
(205, 19, 1),
(206, 19, 2),
(207, 19, 3),
(208, 19, 4),
(209, 20, 1),
(210, 20, 2),
(211, 20, 3),
(212, 20, 4),
(213, 20, 5),
(214, 20, 6),
(215, 20, 7),
(216, 20, 8),
(217, 20, 9),
(218, 20, 10),
(219, 20, 11),
(220, 20, 12),
(221, 20, 13),
(222, 20, 14),
(223, 20, 15),
(224, 20, 16),
(225, 20, 17),
(226, 20, 18),
(227, 20, 19),
(228, 20, 20),
(229, 20, 21),
(230, 20, 22),
(231, 20, 23),
(232, 20, 24),
(233, 20, 25),
(234, 20, 26),
(235, 20, 27),
(236, 20, 28),
(237, 20, 29),
(238, 20, 30),
(239, 20, 31),
(240, 20, 32),
(241, 20, 33),
(242, 20, 34),
(243, 20, 35),
(244, 20, 36),
(245, 20, 37),
(246, 20, 38),
(247, 21, 1),
(248, 21, 2),
(249, 21, 3),
(250, 21, 4),
(251, 21, 5),
(252, 21, 6),
(253, 22, 7),
(254, 22, 8),
(255, 22, 9),
(256, 22, 10),
(257, 23, 11),
(258, 23, 12),
(259, 24, 13),
(260, 25, 14),
(261, 25, 15),
(262, 26, 1),
(263, 26, 2),
(264, 26, 3),
(265, 26, 4),
(266, 26, 5),
(267, 26, 6),
(268, 26, 7),
(269, 26, 8),
(270, 26, 9),
(271, 26, 10),
(272, 26, 11),
(273, 27, 1),
(274, 28, 1),
(275, 28, 2),
(276, 29, 1),
(277, 29, 2),
(278, 30, 1),
(279, 30, 2),
(280, 31, 1),
(281, 31, 2),
(282, 32, 1),
(283, 32, 2),
(284, 32, 3),
(285, 32, 4),
(286, 32, 5),
(287, 32, 6),
(288, 32, 7),
(289, 32, 8),
(290, 32, 9),
(291, 32, 10),
(292, 32, 11),
(293, 32, 12),
(294, 32, 13),
(295, 32, 14),
(296, 32, 15),
(297, 32, 16),
(298, 32, 17),
(299, 32, 18),
(300, 32, 19),
(301, 33, 1),
(302, 33, 2),
(303, 33, 33),
(304, 34, 114),
(305, 34, 341),
(306, 34, 342),
(307, 34, 343),
(308, 34, 344),
(309, 34, 345),
(310, 34, 346),
(311, 34, 347),
(312, 34, 348),
(313, 34, 349),
(314, 34, 350),
(315, 35, 115),
(316, 36, 116),
(317, 37, 117),
(318, 38, 118),
(319, 39, 119),
(320, 40, 120),
(321, 40, 121),
(322, 40, 122),
(323, 40, 123),
(324, 40, 124),
(325, 40, 125),
(326, 40, 126),
(327, 40, 127),
(328, 40, 128),
(329, 40, 129),
(330, 40, 130),
(331, 40, 131),
(332, 40, 132),
(333, 40, 133),
(334, 40, 134),
(335, 40, 135),
(336, 40, 136),
(337, 40, 137),
(338, 40, 138),
(339, 40, 139),
(340, 40, 140),
(341, 40, 140),
(342, 40, 142),
(343, 40, 143),
(344, 41, 121),
(345, 41, 411),
(346, 41, 412),
(347, 41, 413),
(348, 41, 414),
(349, 42, 122),
(350, 43, 123),
(351, 44, 124),
(352, 45, 125),
(353, 46, 126),
(354, 47, 127),
(355, 48, 128),
(356, 49, 129),
(357, 50, 130),
(358, 50, 131),
(359, 51, 132),
(360, 51, 133),
(361, 51, 134),
(362, 51, 135),
(363, 51, 136),
(364, 51, 137),
(365, 51, 1),
(366, 51, 2),
(367, 51, 2),
(368, 51, 4),
(369, 51, 5),
(370, 51, 6),
(371, 51, 7),
(372, 51, 8),
(373, 52, 135),
(374, 52, 10),
(375, 52, 1),
(376, 52, 3),
(377, 52, 136),
(378, 52, 5),
(379, 52, 6),
(380, 53, 137),
(381, 53, 7),
(382, 53, 8),
(383, 53, 9),
(384, 53, 10),
(385, 54, 138),
(386, 54, 138),
(387, 54, 139),
(388, 54, 140),
(389, 54, 141),
(390, 54, 142),
(392, 55, 44),
(393, 55, 45),
(394, 55, 46),
(395, 55, 47),
(396, 55, 140),
(397, 55, 141),
(398, 55, 55),
(399, 56, 142),
(400, 56, 143),
(401, 57, 144),
(402, 57, 145),
(403, 58, 146),
(404, 58, 147),
(405, 59, 148),
(406, 60, 149),
(407, 60, 150),
(409, 61, 111),
(410, 61, 112),
(411, 61, 113),
(412, 61, 114),
(413, 61, 115),
(414, 61, 116),
(415, 61, 117),
(416, 61, 118),
(417, 61, 119),
(418, 61, 120),
(419, 61, 121),
(420, 61, 122),
(422, 62, 153),
(423, 62, 311),
(424, 62, 312),
(425, 62, 313),
(426, 62, 314),
(427, 62, 315),
(428, 62, 316),
(429, 63, 154),
(430, 63, 91),
(431, 63, 92),
(432, 63, 93),
(433, 63, 94),
(434, 64, 155),
(435, 64, 81),
(436, 64, 82),
(437, 64, 83),
(438, 65, 156),
(439, 65, 157),
(440, 65, 84),
(441, 65, 85),
(442, 65, 86),
(443, 65, 87),
(444, 65, 88),
(445, 65, 89),
(446, 65, 90),
(447, 65, 91),
(448, 65, 92),
(449, 65, 93),
(450, 65, 94),
(451, 65, 95),
(452, 65, 96),
(453, 65, 97),
(454, 65, 98),
(455, 65, 99),
(456, 65, 100),
(457, 65, 101),
(458, 65, 102),
(459, 65, 103),
(460, 65, 104),
(461, 65, 105),
(462, 65, 106),
(463, 65, 107),
(464, 65, 108),
(465, 65, 109),
(466, 65, 110),
(467, 65, 111),
(468, 65, 112),
(469, 65, 113),
(470, 65, 114),
(471, 65, 115),
(472, 65, 116),
(473, 65, 117),
(474, 65, 118),
(475, 65, 119),
(476, 65, 120),
(477, 65, 121),
(478, 65, 122),
(479, 65, 123),
(480, 66, 158),
(481, 66, 1),
(482, 66, 2),
(483, 66, 3),
(484, 66, 4),
(485, 67, 159),
(486, 67, 5),
(487, 67, 6),
(488, 67, 7),
(489, 67, 8),
(490, 67, 9),
(492, 68, 66),
(493, 68, 67),
(494, 68, 68),
(495, 68, 69),
(497, 69, 162),
(498, 69, 66),
(499, 69, 225),
(500, 69, 224),
(501, 69, 223),
(502, 70, 200),
(503, 72, 501),
(504, 72, 502),
(505, 72, 503),
(506, 72, 12),
(507, 72, 13),
(508, 72, 14),
(509, 72, 15),
(510, 72, 16),
(511, 72, 17),
(512, 72, 18),
(513, 72, 19),
(514, 72, 20),
(515, 72, 21),
(516, 72, 22),
(517, 72, 23),
(523, 71, 530),
(527, 70, 530),
(530, 69, 530),
(531, 68, 530),
(536, 65, 530),
(540, 63, 530),
(541, 62, 530),
(545, 58, 530),
(549, 54, 530),
(551, 34, 530),
(552, 55, 530),
(554, 30, 530),
(561, 23, 530),
(569, 13, 530),
(571, 12, 530),
(573, 17, 530),
(575, 10, 530),
(579, 8, 530),
(581, 6, 530),
(585, 4, 530),
(588, 1, 530),
(609, 73, 530);

-- --------------------------------------------------------

--
-- Table structure for table `company`
--

CREATE TABLE `company` (
  `company_id` int(11) NOT NULL,
  `farm_type` varchar(255) NOT NULL,
  `farm_name` varchar(255) NOT NULL,
  `farm_tax_id` varchar(255) NOT NULL,
  `company_name` varchar(255) NOT NULL,
  `company_id_number` varchar(255) NOT NULL,
  `company_phone` varchar(255) NOT NULL,
  `farm_tel` varchar(255) NOT NULL,
  `farm_fax` varchar(255) NOT NULL,
  `farm_address` varchar(255) NOT NULL,
  `company_email` varchar(255) NOT NULL,
  `company_password` varchar(255) NOT NULL,
  `creat_at` datetime NOT NULL
) ENGINE=InnoDB DEFAULT CHARSET=utf8mb4;

--
-- Dumping data for table `company`
--

INSERT INTO `company` (`company_id`, `farm_type`, `farm_name`, `farm_tax_id`, `company_name`, `company_id_number`, `company_phone`, `farm_tel`, `farm_fax`, `farm_address`, `company_email`, `company_password`, `creat_at`) VALUES
(1, '個人(非公司)', '勝洋休閒農場', '', '陳韻達', 'I233416490', '0918108780', '03-9222487', '03-9231814', '宜蘭縣員山鄉八甲路15-6號', 'test01@gmail.com', '$2a$10$klP5qbu6l9cO6Nvv5.N8u.n2IAfceMTQe34W6fmoVTzXu84hQ7aGi', '2022-08-01 09:17:10'),
(2, '農戶', '東螺溪休閒農場', '', '陳協齊', 'k178652590', '0918241293', '0985-699700', '', '彰化縣二林鎮二溪路七段2巷臨1201號', 'test02@gmail.com', '$2a$10$klP5qbu6l9cO6Nvv5.N8u.n2IAfceMTQe34W6fmoVTzXu84hQ7aGi', '2022-08-01 09:17:10'),
(3, '小型商戶(免用發票)', '廣興休閒農場', '', '陳武茂', 'O210221030', '0918564588', '03-9513236', '03-9513946', '宜蘭縣冬山鄉柯林村光華三路132巷12號', 'test03@gmail.com', '$2a$10$klP5qbu6l9cO6Nvv5.N8u.n2IAfceMTQe34W6fmoVTzXu84hQ7aGi', '2022-08-01 09:17:10'),
(4, '個人(非公司)', '阿里磅生態休閒農場', '', '曹慧娟', 'J276218010', '0918583354', '02-26382745', '02-26232016', '新北市石門區阿里磅84號', 'test04@gmail.com', '$2a$10$klP5qbu6l9cO6Nvv5.N8u.n2IAfceMTQe34W6fmoVTzXu84hQ7aGi', '2022-08-01 09:17:10'),
(5, '農戶', '武岫休閒農場', '', '楊曜宇', 'Q101199690', '0918619748', '0492676262', '0492677117', '南投縣鹿谷鄉竹林村田頭巷35-66號', 'test05@gmail.com', '$2a$10$klP5qbu6l9cO6Nvv5.N8u.n2IAfceMTQe34W6fmoVTzXu84hQ7aGi', '2022-08-01 09:17:10'),
(6, '小型商戶(免用發票)', '台一生態休閒農場', '', '陳如萱', 'N153448120', '0918575738', '04-92997848', '049-2900037', '南投縣埔里鎮蜈蚣里中山路1段176', 'test06@gmail.com', '$2a$10$klP5qbu6l9cO6Nvv5.N8u.n2IAfceMTQe34W6fmoVTzXu84hQ7aGi', '2022-08-01 09:17:10'),
(7, '法人(公司)', '沐心泉休閒農場', '39328672', '王佳怡', 'I261687010', '0918644744', '04-25931201', '', '臺中市新社區中和里中興街60號', 'test07@gmail.com', '$2a$10$klP5qbu6l9cO6Nvv5.N8u.n2IAfceMTQe34W6fmoVTzXu84hQ7aGi', '2022-08-01 09:17:10'),
(8, '法人(公司)', '大菁休閒農場', '45498079', '謝海儒', 'H281586970', '0918276638', '02-24572869', '', '基隆市暖暖區東勢街100-1號', '', '', '2022-08-01 09:17:10'),
(9, '小型商戶(免用發票)', '蓮荷園休閒農場', '', '林博文', 'C102745170', '0918325186', '03-4776972', '', '桃園市觀音區藍埔里金華路690號', '', '', '2022-08-01 09:17:10'),
(10, '小型商戶(免用發票)', '花露休閒農場', '', '陳世光', 'S116815180', '0918295934', '04-25891589', '', '苗栗縣卓蘭鎮西坪里43-3號', '', '', '2022-08-01 09:17:10'),
(11, '農戶', '林家古厝休閒農場', '', '陳君富', 'C297954460', '0918296250', '03-4980753', '03-4982274', '桃園市觀音區大富路221號', '', '', '2022-08-01 09:17:10'),
(12, '農戶', '香格里拉休閒農場', '', '趙淑娟', 'B138225550', '0918822435', '03-9511456', '03-9515222', '宜蘭縣冬山鄉大進村梅山路168號', '', '', '2022-08-01 09:17:10'),
(13, '小型商戶(免用發票)', '台南鴨莊休閒農場', '', '王曉麟', 'V219377840', '0918746096', '06-6901101', '06-690-3901', '臺南市官田區渡拔里三塊厝178-1號', '', '', '2022-08-01 09:17:10'),
(14, '小型商戶(免用發票)', '奈米休閒農場', '', '胡之陽', 'X281420440', '0918571868', '0919-327075', '', '彰化縣大村鄉南勢村南二橫巷8號', '', '', '2022-08-01 09:17:10'),
(15, '法人(公司)', '鴻旗有機休閒農場', '45923953', '鄧采吟', 'D202749970', '0918400878', '08-7967301', '', '屏東縣高樹鄉泰山村產業路330號', '', '', '2022-08-01 09:17:10'),
(16, '法人(公司)', '魔菇部落休閒農場', '49915632', '林亞', 'U167985650', '0918652042', '04-8521898', '04-8525288', '彰化縣埔心鄉柳橋東路829號', '', '', '2022-08-01 09:17:10'),
(17, '個人(非公司)', '雲也居一休閒農場', '', '林文強', 'T140800300', '0918998427', '03-7951530', '037-951396', '苗栗縣大湖鄉薑麻園九鄰六號', '', '', '2022-08-01 09:17:10'),
(18, '個人(非公司)', '雪霸休閒農場', '', '楊修冰', 'W149222720', '0918824351', '03-5856192', '03-5857182', '新竹縣五峰鄉桃山村民石380號', '', '', '2022-08-01 09:17:10'),
(19, '個人(非公司)', '菊園休閒農場', '', '詹逸伶', 'D158992540', '0918580067', '03-7951522', '', '苗栗縣大湖鄉栗林村薑麻園13號', '', '', '2022-08-01 09:17:10'),
(20, '小型商戶(免用發票)', '白石森活休閒農場', '', '方雅惠', 'D153525330', '0918259338', '02-27943131', '', '臺北市內湖區碧山路58號', '', '', '2022-08-01 09:17:10'),
(21, '小型商戶(免用發票)', '花泉休閒農場', '', '李國華', 'H129348030', '0918432009', '0919-221506', '', '宜蘭縣員山鄉尚德村八甲路15-1號', '', '', '2022-08-01 09:17:10'),
(22, '小型商戶(免用發票)', '清香休閒農場', '', '林淑如', 'O159113720', '0918755534', '0928-534383', '0227903466', '臺北市內湖區大湖街206號', '', '', '2022-08-01 09:17:10'),
(23, '農戶', '大坑休閒農場', '', '林慧玲', 'Q285204720', '0918853803', '06-5941555', '06-5940266', '臺南市新化區大坑里82號', '', '', '2022-08-01 09:17:10'),
(24, '個人(非公司)', '三富休閒農場', '', '翁尹妃', 'L296466400', '0918120622', '03-9588690', '03-9588753', '宜蘭縣冬山鄉中山村新寮二路161巷88號', '', '', '2022-08-01 09:17:10'),
(25, '法人(公司)', '仙湖休閒農場', '68112631', '連秀鴻', 'Z215006860', '0918226844', '06-6863635', '06-6863662', '臺南市東山區南勢里大洋6', '', '', '2022-08-01 09:17:10'),
(26, '個人(非公司)', '旺山休閒農場', '', '劉姿伶', 'D244373110', '0918737811', '0932-088992', '03-9382870', '宜蘭縣壯圍鄉新南村新南路106-11號', '', '', '2022-08-01 09:17:10'),
(27, '農戶', '好時節休閒農場', '', '黃函順', 'W144103830', '0918966517', '03-3889689', '03-3887489', '桃園市大溪區康莊路三段225號', '', '', '2022-08-01 09:17:10'),
(28, '農戶', '大塭休閒農場', '', '林麗卿', 'J166606060', '0918504342', '03-9870558', '', '宜蘭縣礁溪鄉玉龍路二段497號', '', '', '2022-08-01 09:17:10'),
(29, '小型商戶(免用發票)', '天山休閒農場', '', '陳世昇', 'M188959990', '0918634376', '0922-894037', '', '宜蘭縣三星鄉天山村下湖路1號', '', '', '2022-08-01 09:17:10'),
(30, '小型商戶(免用發票)', '不一樣鱷魚生態休閒農場', '', '黃于凌', 'V217002560', '0918104625', '0911-746860', '08-7881707', '屏東縣潮州鎮太平路600巷108號', '', '', '2022-08-01 09:17:10'),
(31, '', '123', '', '13', '1321131', '1321321', '', '', '', 'asd@gmail.com', '$2a$10$ufp9cZyJdnpobfaJnOKDKujYs9ykr8NyyWm7QKW4g8AYxLxcDv6gK', '2022-08-08 14:13:39'),
(32, '', '123', '', 'qwe', '0121565', 'qwe', '', '', '', '123@gmail.com', '$2a$10$aEpevbtoaR48TgDTAdu.6.XNsKSy.3oCmBFW.efWJ.cIDwM29gwgm', '2022-08-11 10:51:29'),
(33, '', '123', '', '13', '1321131', '1321321', '', '', '', 'asd@gmail.com', '$2a$10$QUuaYADjPUnzDi8gkzqam.vdiX2QLj4UgOwGqqSgwKOt6v0pTwMo2', '2022-08-11 10:58:06'),
(34, '', '123', '', '123', '123', '123', '', '', '', '123@test.com', '$2a$10$pSu/Da0iPgsv9.Qjj8gDuOdtwQVpkBJzT/JUTbTS3e.o.EaCoL302', '2022-08-11 11:00:56'),
(35, '', '123', '', '13', '1321131', '1321321', '', '', '', 'test030@gmail.com', '$2a$10$UMfgChogxb9tJR6ckRYde.U9JnN95y3dHqhsz6l5aMTcIKpGeEeHq', '2022-08-11 11:08:35'),
(36, '', '123', '', '123', '123', '123', '', '', '', '123@test.coo', '$2a$10$ZPm.beiXX8yvyvUntymkj.7jiCVKdAuQ6CBNFw0oRxeHae4Lkb9N6', '2022-08-11 11:14:54'),
(37, '', 'test', '', 'test', 'test', 'test', '', '', '', 'test@oo.com', '$2a$10$wk0yjnX9OGBzSq/54p.lteuK50CiOJbdj5SrymIpSYjYfNCVyDuHm', '2022-08-11 11:26:10');

-- --------------------------------------------------------

--
-- Table structure for table `company_activitydata`
--

CREATE TABLE `company_activitydata` (
  `sid` int(11) NOT NULL,
  `company_id` int(11) NOT NULL,
  `card_img` varchar(255) NOT NULL,
  `card_area` varchar(255) NOT NULL,
  `card_city` varchar(255) NOT NULL,
  `card_info` varchar(255) NOT NULL,
  `card_a` varchar(255) NOT NULL,
  `card_b` varchar(255) NOT NULL,
  `created_at` date NOT NULL
) ENGINE=InnoDB DEFAULT CHARSET=utf8mb4;

--
-- Dumping data for table `company_activitydata`
--

INSERT INTO `company_activitydata` (`sid`, `company_id`, `card_img`, `card_area`, `card_city`, `card_info`, `card_a`, `card_b`, `created_at`) VALUES
(1, 6, '6.jpg', '黃金小鎮休閒農業區', '苗栗縣 公館鄉', '以芋頭、紅棗等主要農特產開發多元農遊商品，青農返鄉密度高，鏈結大學生駐地創新經營及國際志工、青年壯遊等，注入創新及國際化新思維，展現組織活力。', '擠福菜DIY→紅棗風味餐→蜜蜂生態導覽、蜂蠟布DIY→好客坊購買伴手禮', '擠福菜DIY、蜂蠟布DIY、洗愛玉DIY、拔芋頭、採紅棗、手工豆腐DIY、柿餅製作', '2022-08-01'),
(2, 2, '2.jpg', '梨之鄉休閒農業區', '臺中市 東勢區', '高接梨的發源地，運用梨、甜柿、柑橘及賞螢，發展四季採果及生態遊程；辦理客家媽媽料理廚房，開發多項水果DIY料理，結合推廣食農教育，吸引國際遊客到訪與認養梨樹，成果豐碩。', '採果→客家做粿→農村料理→蘭花手做DIY', '採果、陶藝DIY、木藝DIY、漆藝DIY、染布DIY、蘭花手作DIY、多肉植物DIY、賞螢', '2022-08-02'),
(3, 3, '3.jpg', '桃米休閒農業區\r\n', '南投縣 埔里鎮', '產、官、學共同合作典範，組織極具整合、發展共識，營運良好；善用生態、農業及觀光資源；體驗活動、遊程持續創新，帶動區域穩定成長、共好。', '桃米魚蝦體驗→桃米野餐→農事體驗→夜間賞蛙', '農事體驗、夜間賞蛙、桃米魚蝦體驗、桃米野餐、桃米遠足、黃金青蛙粿DIY、紙燈DIY、賞螢', '2022-08-03'),
(4, 4, '4.jpg', '枕頭山休閒農業區', '宜蘭縣 員山鄉', '全國第一個休閒農業區，生產水果及觀葉植物，紅心芭樂、金棗尤富盛名。組織專業分工，創新特色農產伴手與體驗產品，異業合作展通路。主題遊程「花果野食趣」帶領遊客親近土地，領略農村魅力。', '庄腳所在休閒農場→望龍埤→錦普觀光果園→波的農場', '採果、嫁接體驗、蜜餞DIY、竹筒飯DIY、釀醋DIY、盆栽DIY、窯烤pizzaDIY、稻草與樹枝工藝', '2022-08-04'),
(5, 5, '5.jpg', '金湖休閒農業區', '雲林縣 口湖鄉', '以養殖漁業為主軸，專業經理人整合青農、鄰近區域農遊業者，發展摸蜆兼洗褲等極具趣味之食農教育、漁業體驗活動，使遊客親近自然之餘，也能瞭解產業、體驗海口漁村風情。', '金湖休閒農業區口湖遊客中心享用當地料理→馬蹄蛤主題館→海中黑金烏魚子→遊賞金湖臨海公園', '乘膠筏遊漁塭、摸蜆兼洗褲、蛤貝DIY、58度高粱酒烤烏魚子、手工米粉DIY、明湖垂釣', '2022-08-04'),
(6, 1, '1.jpg', '薑麻園休閒農業區', '苗栗縣 大湖鄉', '以薑為主軸，發展四季農遊商品，並為落實友善農耕、復育生態，發展無毒袋薑，推廣安心農業；組織運作健全，以「老薑帶嫩薑」模式傳承經營，穩定在地就業，吸引青年返鄉，與當地學校社區互動，為休閒農業學習標竿與典範。', '建議行程：\r\n挖薑體驗+薑黃染DIY→薑黃養生餐→出關古道健行→薑足浴+下午茶品嘗', '體驗活動：\r\n挖薑、薑黃染DIY、薑餅人DIY、採果、紅肉李加工DIY、搗麻糬、草編', '2022-08-01');

-- --------------------------------------------------------

--
-- Table structure for table `contact_us`
--

CREATE TABLE `contact_us` (
  `sid` int(11) NOT NULL,
  `member_name` varchar(255) NOT NULL,
  `member_id` varchar(255) NOT NULL,
  `nickname` varchar(255) NOT NULL,
  `picture` varchar(255) NOT NULL,
  `comment` varchar(255) NOT NULL,
  `created_at` datetime NOT NULL
) ENGINE=InnoDB DEFAULT CHARSET=utf8mb4;

--
-- Dumping data for table `contact_us`
--

INSERT INTO `contact_us` (`sid`, `member_name`, `member_id`, `nickname`, `picture`, `comment`, `created_at`) VALUES
(1, '李小綠', '242', '來亂的', 'avatar07.jpg', '鮭魚太讚了啦吃了一定是大拇指的啦', '2022-06-10 15:13:19'),
(2, '朱小華', '364', '心已怠', 'avatar00.jpg', '伊比利豬太讚了啦一定會再來買～', '2022-06-10 15:13:19'),
(3, '朱小黃', '374', '火爆小農', 'avatar04.jpg', '鮭魚很新鮮吃了一定是大拇指的啦', '2022-06-10 15:13:19'),
(4, '吳小明', '380', '榴槤愛好者', 'avatar01.jpg', '伊比利豬好吃！吃了都要升天ㄌ', '2022-06-10 15:13:19'),
(5, '高小藍', '316', '田中基八郎', 'avatar02.jpg', '榴槤很新鮮一定會再來買～', '2022-06-10 15:13:19'),
(6, '陳小華', '461', '火爆小農', 'avatar03.jpg', '這家的西瓜品質很棒！吃了一定是大拇指的啦', '2022-06-10 15:13:19'),
(7, '王小明', '472', '盧小小', 'avatar04.jpg', '草莓很新鮮吃了都要升天ㄌ', '2022-06-10 15:13:19'),
(8, '王小白', '597', '友善烏骨雞', 'avatar07.jpg', '伊比利豬好吃！推薦大家來這邊挑選。', '2022-06-10 15:13:19'),
(9, '王小藍', '393', '瓊稻穗宮源', 'avatar09.jpg', '生蠔好吃！吃了一定是大拇指的啦', '2022-06-10 15:13:19'),
(10, '陳小黃', '495', '三重劉德華', 'avatar01.jpg', '鮭魚太讚了啦推薦大家來這邊挑選。', '2022-06-10 15:13:19'),
(11, '陳小華', '123', '肥汁汁', 'avatar08.jpg', '這個網站賣的商品都很新鮮吃了都要升天ㄌ', '2022-06-10 15:13:19'),
(12, '何小白', '552', '榴槤800也太貴', 'avatar08.jpg', '高麗菜很新鮮吃了都要升天ㄌ', '2022-06-10 15:13:19'),
(13, '朱小白', '216', '榴槤愛好者', 'avatar03.jpg', '榴槤很甜很好吃！一定會再來買～', '2022-06-10 15:13:19'),
(14, '謝小白', '109', '火爆小農', 'avatar03.jpg', '這個網站賣的商品都太讚了啦吃了都要升天ㄌ', '2022-06-10 15:13:19'),
(15, '王小藍', '483', '榴槤800也太貴', 'avatar06.jpg', '生蠔太讚了啦一定會再來買～', '2022-06-10 15:13:19'),
(16, '吳小明', '436', '瓊稻穗宮源', 'avatar05.jpg', '鮭魚很甜很好吃！吃了都要升天ㄌ', '2022-06-10 15:13:19'),
(17, '王小黃', '364', '三重劉德華', 'avatar07.jpg', '伊比利豬很新鮮推薦大家來這邊挑選。', '2022-06-10 15:13:19'),
(18, '謝小白', '494', '田中基八郎', 'avatar00.jpg', '榴槤好吃！吃了一定是大拇指的啦', '2022-06-10 15:13:19'),
(19, '朱小黃', '330', '西瓜榴槤雞', 'avatar04.jpg', '生蠔好吃！推薦大家來這邊挑選。', '2022-06-10 15:13:19'),
(20, '王小綠', '372', '來亂的', 'avatar07.jpg', '生蠔很新鮮一定會再來買～', '2022-06-10 15:13:19'),
(21, '李小明', '130', '榴槤800也太貴', 'avatar05.jpg', '鮭魚很新鮮一定會再來買～', '2022-06-10 15:13:19'),
(22, '高小華', '162', '五十嵐 真貴', 'avatar02.jpg', '和牛太讚了啦推薦大家來這邊挑選。', '2022-06-10 15:13:19'),
(23, '陳小華', '208', '心已怠', 'avatar05.jpg', '和牛很新鮮一定會再來買～', '2022-06-10 15:13:19'),
(24, '高小明', '249', '西瓜榴槤雞', 'avatar06.jpg', '這家的西瓜品質很棒！推薦大家來這邊挑選。', '2022-06-10 15:13:19'),
(25, '吳小藍', '529', '盧小小', 'avatar00.jpg', '這家的西瓜太讚了啦吃了都要升天ㄌ', '2022-06-10 15:13:19'),
(26, '吳小華', '536', '心已怠', 'avatar06.jpg', '這個網站賣的商品都很甜很好吃！一定會再來買～', '2022-06-10 15:13:19'),
(27, '謝小華', '151', '榴槤800也太貴', 'avatar00.jpg', '這個網站賣的商品都品質很棒！吃了一定是大拇指的啦', '2022-06-10 15:13:19'),
(28, '李小黃', '360', '榴槤800也太貴', 'avatar05.jpg', '鮭魚太讚了啦推薦大家來這邊挑選。', '2022-06-10 15:13:19'),
(29, '朱小藍', '544', '瓊稻穗宮源', 'avatar00.jpg', '和牛很甜很好吃！吃了一定是大拇指的啦', '2022-06-10 15:13:19'),
(30, '朱小紅', '248', '五十嵐 真貴', 'avatar06.jpg', '鮭魚很甜很好吃！吃了都要升天ㄌ', '2022-06-10 15:13:19'),
(31, '吳小明', '107', '肥汁汁', 'avatar05.jpg', '這家的西瓜好吃！推薦大家來這邊挑選。', '2022-06-10 15:13:19'),
(32, '何小白', '495', '榴槤愛好者', 'avatar07.jpg', '這個網站賣的商品都好吃！吃了都要升天ㄌ', '2022-06-10 15:13:19'),
(33, '何小藍', '238', '田中基八郎', 'avatar00.jpg', '和牛很新鮮一定會再來買～', '2022-06-10 15:13:19'),
(34, '吳小華', '520', '心已怠', 'avatar06.jpg', '高麗菜很新鮮吃了都要升天ㄌ', '2022-06-10 15:13:19'),
(35, '王小紅', '495', '肥汁汁', 'avatar01.jpg', '伊比利豬好吃！吃了一定是大拇指的啦', '2022-06-10 15:13:19'),
(36, '陳小明', '232', '榴槤800也太貴', 'avatar01.jpg', '伊比利豬好吃！一定會再來買～', '2022-06-10 15:13:19'),
(37, '謝小明', '501', '心已怠', 'avatar03.jpg', '這家的西瓜好吃！推薦大家來這邊挑選。', '2022-06-10 15:13:20'),
(38, '謝小華', '513', '五十嵐 真貴', 'avatar05.jpg', '這家的西瓜很甜很好吃！吃了都要升天ㄌ', '2022-06-10 15:13:20'),
(39, '王小黃', '175', '火爆小農', 'avatar06.jpg', '鮭魚很新鮮推薦大家來這邊挑選。', '2022-06-10 15:13:20'),
(40, '何小明', '159', '三重劉德華', 'avatar00.jpg', '生蠔很新鮮吃了都要升天ㄌ', '2022-06-10 15:13:20'),
(41, '林小綠', '137', '火爆小農', 'avatar07.jpg', '草莓很新鮮吃了都要升天ㄌ', '2022-06-10 15:13:20'),
(42, '陳小紅', '243', '瓊稻穗宮源', 'avatar08.jpg', '這家的西瓜好吃！吃了一定是大拇指的啦', '2022-06-10 15:13:20'),
(43, '朱小黃', '585', '盧小小', 'avatar02.jpg', '這家的西瓜品質很棒！吃了一定是大拇指的啦', '2022-06-10 15:13:20'),
(44, '高小紅', '555', '西瓜榴槤雞', 'avatar06.jpg', '榴槤太讚了啦推薦大家來這邊挑選。', '2022-06-10 15:13:20'),
(45, '高小明', '584', '五十嵐 真貴', 'avatar02.jpg', '這個網站賣的商品都好吃！吃了一定是大拇指的啦', '2022-06-10 15:13:20'),
(46, '高小白', '310', '西瓜榴槤雞', 'avatar09.jpg', '鮭魚好吃！推薦大家來這邊挑選。', '2022-06-10 15:13:20'),
(47, '謝小藍', '555', '火爆小農', 'avatar04.jpg', '草莓很甜很好吃！一定會再來買～', '2022-06-10 15:13:20'),
(48, '王小綠', '354', '甲味鮮', 'avatar05.jpg', '榴槤很新鮮推薦大家來這邊挑選。', '2022-06-10 15:13:20'),
(49, '高小華', '228', '田中基八郎', 'avatar08.jpg', '榴槤品質很棒！吃了一定是大拇指的啦', '2022-06-10 15:13:20'),
(50, '王小明', '542', '三重劉德華', 'avatar01.jpg', '榴槤品質很棒！一定會再來買～', '2022-06-10 15:13:20'),
(51, '王小藍', '289', '田中基八郎', 'avatar02.jpg', '伊比利豬品質很棒！推薦大家來這邊挑選。', '2022-06-10 15:13:20'),
(52, '王小華', '149', '西瓜榴槤雞', 'avatar00.jpg', '草莓太讚了啦推薦大家來這邊挑選。', '2022-06-10 15:13:20'),
(53, '何小藍', '419', '榴槤800也太貴', 'avatar07.jpg', '草莓很甜很好吃！吃了都要升天ㄌ', '2022-06-10 15:13:20'),
(54, '王小白', '334', '榴槤800也太貴', 'avatar06.jpg', '伊比利豬品質很棒！吃了一定是大拇指的啦', '2022-06-10 15:13:20'),
(55, '高小藍', '365', '來亂的', 'avatar07.jpg', '伊比利豬很甜很好吃！推薦大家來這邊挑選。', '2022-06-10 15:13:20'),
(56, '林小藍', '272', '心已怠', 'avatar03.jpg', '生蠔很新鮮推薦大家來這邊挑選。', '2022-06-10 15:13:20'),
(57, '李小華', '471', '來亂的', 'avatar03.jpg', '高麗菜品質很棒！一定會再來買～', '2022-06-10 15:13:20'),
(58, '朱小黃', '117', '卍厭世a人類卍', 'avatar08.jpg', '高麗菜好吃！吃了都要升天ㄌ', '2022-06-10 15:13:20'),
(59, '陳小明', '306', '三重劉德華', 'avatar05.jpg', '伊比利豬品質很棒！吃了都要升天ㄌ', '2022-06-10 15:13:20'),
(60, '李小華', '181', '心已怠', 'avatar02.jpg', '生蠔品質很棒！吃了都要升天ㄌ', '2022-06-10 15:13:20'),
(61, '高小紅', '514', '甲味鮮', 'avatar08.jpg', '和牛品質很棒！一定會再來買～', '2022-06-10 15:13:20'),
(62, '林小黃', '224', '來亂的', 'avatar04.jpg', '高麗菜很甜很好吃！推薦大家來這邊挑選。', '2022-06-10 15:13:20'),
(63, '何小明', '152', '榴槤800也太貴', 'avatar03.jpg', '這個網站賣的商品都很甜很好吃！推薦大家來這邊挑選。', '2022-06-10 15:13:20'),
(64, '謝小白', '248', '三重劉德華', 'avatar02.jpg', '榴槤好吃！一定會再來買～', '2022-06-10 15:13:20'),
(65, '林小藍', '364', '榴槤800也太貴', 'avatar07.jpg', '這個網站賣的商品都很新鮮吃了都要升天ㄌ', '2022-06-10 15:13:20'),
(66, '李小綠', '454', '榴槤800也太貴', 'avatar02.jpg', '草莓很甜很好吃！一定會再來買～', '2022-06-10 15:13:20'),
(67, '吳小白', '473', '三重劉德華', 'avatar07.jpg', '鮭魚很新鮮推薦大家來這邊挑選。', '2022-06-10 15:13:20'),
(68, '高小華', '371', '榴槤愛好者', 'avatar02.jpg', '這家的西瓜很甜很好吃！一定會再來買～', '2022-06-10 15:13:20'),
(69, '陳小白', '390', '瓊稻穗宮源', 'avatar06.jpg', '生蠔品質很棒！一定會再來買～', '2022-06-10 15:13:20'),
(70, '高小黃', '542', '肥汁汁', 'avatar01.jpg', '伊比利豬很甜很好吃！一定會再來買～', '2022-06-10 15:13:20'),
(71, '吳小綠', '205', '心已怠', 'avatar08.jpg', '和牛太讚了啦推薦大家來這邊挑選。', '2022-06-10 15:13:20'),
(72, '李小綠', '408', '榴槤愛好者', 'avatar06.jpg', '榴槤好吃！吃了都要升天ㄌ', '2022-06-10 15:13:20'),
(73, '何小藍', '404', '五十嵐 真貴', 'avatar08.jpg', '草莓太讚了啦吃了一定是大拇指的啦', '2022-06-10 15:13:20'),
(74, '高小黃', '269', '火爆小農', 'avatar01.jpg', '伊比利豬很甜很好吃！吃了一定是大拇指的啦', '2022-06-10 15:13:20'),
(75, '王小黃', '563', '榴槤愛好者', 'avatar07.jpg', '伊比利豬品質很棒！推薦大家來這邊挑選。', '2022-06-10 15:13:20'),
(76, '李小綠', '292', '西瓜榴槤雞', 'avatar04.jpg', '鮭魚很新鮮吃了一定是大拇指的啦', '2022-06-10 15:13:20'),
(77, '王小明', '246', '友善烏骨雞', 'avatar00.jpg', '伊比利豬很甜很好吃！吃了都要升天ㄌ', '2022-06-10 15:13:20'),
(78, '王小白', '102', '來亂的', 'avatar06.jpg', '和牛太讚了啦吃了一定是大拇指的啦', '2022-06-10 15:13:20'),
(79, '陳小白', '378', '心已怠', 'avatar08.jpg', '這個網站賣的商品都好吃！吃了都要升天ㄌ', '2022-06-10 15:13:20'),
(80, '王小華', '240', '榴槤800也太貴', 'avatar09.jpg', '伊比利豬很新鮮一定會再來買～', '2022-06-10 15:13:20'),
(81, '林小華', '568', '盧小小', 'avatar07.jpg', '生蠔好吃！一定會再來買～', '2022-06-10 15:13:20'),
(82, '王小綠', '144', '瓊稻穗宮源', 'avatar03.jpg', '生蠔很甜很好吃！一定會再來買～', '2022-06-10 15:13:20'),
(83, '吳小華', '106', '肥汁汁', 'avatar02.jpg', '高麗菜很甜很好吃！一定會再來買～', '2022-06-10 15:13:20'),
(84, '何小白', '288', '火爆小農', 'avatar03.jpg', '伊比利豬很甜很好吃！吃了都要升天ㄌ', '2022-06-10 15:13:20'),
(85, '李小藍', '313', '火爆小農', 'avatar02.jpg', '鮭魚很甜很好吃！吃了都要升天ㄌ', '2022-06-10 15:13:20'),
(86, '何小藍', '101', '榴槤800也太貴', 'avatar09.jpg', '這家的西瓜好吃！推薦大家來這邊挑選。', '2022-06-10 15:13:20'),
(87, '何小藍', '530', '肥汁汁', 'avatar08.jpg', '伊比利豬很新鮮吃了都要升天ㄌ', '2022-06-10 15:13:20'),
(88, '何小明', '560', '友善烏骨雞', 'avatar04.jpg', '生蠔品質很棒！吃了一定是大拇指的啦', '2022-06-10 15:13:20'),
(89, '陳小綠', '278', '五十嵐 真貴', 'avatar07.jpg', '這家的西瓜好吃！吃了一定是大拇指的啦', '2022-06-10 15:13:20'),
(90, '王小紅', '520', '西瓜榴槤雞', 'avatar08.jpg', '伊比利豬好吃！一定會再來買～', '2022-06-10 15:13:20'),
(91, '王小紅', '600', '卍厭世a人類卍', 'avatar05.jpg', '鮭魚好吃！一定會再來買～', '2022-06-10 15:13:20'),
(92, '陳小白', '508', '五十嵐 真貴', 'avatar03.jpg', '生蠔品質很棒！吃了都要升天ㄌ', '2022-06-10 15:13:20'),
(93, '何小華', '355', '盧小小', 'avatar04.jpg', '鮭魚很新鮮吃了都要升天ㄌ', '2022-06-10 15:13:20'),
(94, '李小華', '107', '盧小小', 'avatar02.jpg', '這個網站賣的商品都太讚了啦吃了都要升天ㄌ', '2022-06-10 15:13:20'),
(95, '高小華', '124', '榴槤愛好者', 'avatar04.jpg', '榴槤品質很棒！吃了都要升天ㄌ', '2022-06-10 15:13:20'),
(96, '李小綠', '488', '來亂的', 'avatar02.jpg', '草莓太讚了啦推薦大家來這邊挑選。', '2022-06-10 15:13:20'),
(97, '王小綠', '142', '火爆小農', 'avatar04.jpg', '和牛品質很棒！吃了一定是大拇指的啦', '2022-06-10 15:13:20'),
(98, '謝小黃', '441', '肥汁汁', 'avatar03.jpg', '鮭魚品質很棒！推薦大家來這邊挑選。', '2022-06-10 15:13:20'),
(99, '王小綠', '515', '肥汁汁', 'avatar02.jpg', '生蠔好吃！吃了都要升天ㄌ', '2022-06-10 15:13:20'),
(100, '朱小綠', '457', '五十嵐 真貴', 'avatar09.jpg', '草莓很新鮮一定會再來買～', '2022-06-10 15:13:20'),
(101, '高小藍', '290', '來亂的', 'avatar01.jpg', '榴槤品質很棒！推薦大家來這邊挑選。', '2022-06-10 15:13:55'),
(102, '何小明', '113', '五十嵐 真貴', 'avatar07.jpg', '草莓太讚了啦推薦大家來這邊挑選。', '2022-06-10 15:13:55'),
(103, '高小明', '265', '西瓜榴槤雞', 'avatar03.jpg', '生蠔太讚了啦推薦大家來這邊挑選。', '2022-06-10 15:13:55'),
(104, '謝小綠', '200', '甲味鮮', 'avatar09.jpg', '和牛很新鮮一定會再來買～', '2022-06-10 15:13:55'),
(105, '陳小紅', '566', '肥汁汁', 'avatar03.jpg', '和牛很新鮮一定會再來買～', '2022-06-10 15:13:55'),
(106, '謝小明', '213', '肥汁汁', 'avatar02.jpg', '草莓很甜很好吃！一定會再來買～', '2022-06-10 15:13:55'),
(107, '王小明', '237', '卍厭世a人類卍', 'avatar04.jpg', '和牛很甜很好吃！吃了都要升天ㄌ', '2022-06-10 15:13:55'),
(108, '何小紅', '451', '友善烏骨雞', 'avatar01.jpg', '榴槤很甜很好吃！推薦大家來這邊挑選。', '2022-06-10 15:13:55'),
(109, '陳小白', '351', '火爆小農', 'avatar00.jpg', '伊比利豬太讚了啦推薦大家來這邊挑選。', '2022-06-10 15:13:55'),
(110, '謝小紅', '178', '卍厭世a人類卍', 'avatar09.jpg', '生蠔很新鮮吃了一定是大拇指的啦', '2022-06-10 15:13:55'),
(111, '謝小綠', '426', '田中基八郎', 'avatar01.jpg', '和牛太讚了啦吃了都要升天ㄌ', '2022-06-10 15:13:55'),
(112, '陳小白', '315', '盧小小', 'avatar06.jpg', '伊比利豬很甜很好吃！推薦大家來這邊挑選。', '2022-06-10 15:13:55'),
(113, '王小明', '282', '火爆小農', 'avatar08.jpg', '鮭魚好吃！一定會再來買～', '2022-06-10 15:13:55'),
(114, '林小紅', '207', '田中基八郎', 'avatar01.jpg', '生蠔很新鮮推薦大家來這邊挑選。', '2022-06-10 15:13:55'),
(115, '謝小紅', '210', '來亂的', 'avatar08.jpg', '鮭魚品質很棒！吃了都要升天ㄌ', '2022-06-10 15:13:55'),
(116, '朱小紅', '526', '三重劉德華', 'avatar06.jpg', '榴槤品質很棒！推薦大家來這邊挑選。', '2022-06-10 15:13:55'),
(117, '吳小紅', '571', '三重劉德華', 'avatar06.jpg', '榴槤品質很棒！吃了都要升天ㄌ', '2022-06-10 15:13:55'),
(118, '王小華', '361', '卍厭世a人類卍', 'avatar00.jpg', '榴槤太讚了啦吃了都要升天ㄌ', '2022-06-10 15:13:55'),
(119, '朱小白', '227', '甲味鮮', 'avatar04.jpg', '這家的西瓜好吃！吃了一定是大拇指的啦', '2022-06-10 15:13:55'),
(120, '林小黃', '381', '來亂的', 'avatar09.jpg', '和牛很新鮮推薦大家來這邊挑選。', '2022-06-10 15:13:55'),
(121, '何小明', '344', '友善烏骨雞', 'avatar08.jpg', '和牛太讚了啦推薦大家來這邊挑選。', '2022-06-10 15:13:55'),
(122, '陳小華', '333', '友善烏骨雞', 'avatar08.jpg', '生蠔品質很棒！一定會再來買～', '2022-06-10 15:13:55'),
(123, '陳小藍', '415', '甲味鮮', 'avatar03.jpg', '榴槤很甜很好吃！吃了一定是大拇指的啦', '2022-06-10 15:13:55'),
(124, '王小白', '530', '榴槤800也太貴', 'avatar03.jpg', '鮭魚品質很棒！推薦大家來這邊挑選。', '2022-06-10 15:13:55'),
(125, '王小藍', '285', '瓊稻穗宮源', 'avatar09.jpg', '榴槤太讚了啦推薦大家來這邊挑選。', '2022-06-10 15:13:55'),
(126, '吳小綠', '520', '甲味鮮', 'avatar09.jpg', '鮭魚太讚了啦一定會再來買～', '2022-06-10 15:13:55'),
(127, '王小明', '211', '西瓜榴槤雞', 'avatar04.jpg', '草莓很新鮮推薦大家來這邊挑選。', '2022-06-10 15:13:55'),
(128, '陳小黃', '446', '三重劉德華', 'avatar05.jpg', '這個網站賣的商品都很甜很好吃！推薦大家來這邊挑選。', '2022-06-10 15:13:55'),
(129, '林小綠', '144', '來亂的', 'avatar08.jpg', '榴槤很甜很好吃！推薦大家來這邊挑選。', '2022-06-10 15:13:55'),
(130, '王小綠', '586', '三重劉德華', 'avatar05.jpg', '榴槤很新鮮推薦大家來這邊挑選。', '2022-06-10 15:13:55'),
(131, '吳小紅', '251', '盧小小', 'avatar09.jpg', '鮭魚很甜很好吃！推薦大家來這邊挑選。', '2022-06-10 15:13:55'),
(132, '林小紅', '476', '盧小小', 'avatar02.jpg', '伊比利豬好吃！吃了一定是大拇指的啦', '2022-06-10 15:13:55'),
(133, '王小藍', '549', '火爆小農', 'avatar02.jpg', '和牛很甜很好吃！吃了都要升天ㄌ', '2022-06-10 15:13:55'),
(134, '李小藍', '162', '甲味鮮', 'avatar02.jpg', '和牛很甜很好吃！推薦大家來這邊挑選。', '2022-06-10 15:13:55'),
(135, '林小黃', '565', '五十嵐 真貴', 'avatar05.jpg', '榴槤品質很棒！推薦大家來這邊挑選。', '2022-06-10 15:13:55'),
(136, '謝小紅', '182', '甲味鮮', 'avatar09.jpg', '榴槤很新鮮吃了都要升天ㄌ', '2022-06-10 15:13:55'),
(137, '王小藍', '171', '榴槤愛好者', 'avatar09.jpg', '伊比利豬很新鮮一定會再來買～', '2022-06-10 15:13:55'),
(138, '何小紅', '462', '三重劉德華', 'avatar04.jpg', '草莓很新鮮一定會再來買～', '2022-06-10 15:13:55'),
(139, '王小綠', '130', '榴槤800也太貴', 'avatar01.jpg', '和牛很甜很好吃！一定會再來買～', '2022-06-10 15:13:55'),
(140, '朱小白', '478', '甲味鮮', 'avatar02.jpg', '草莓好吃！吃了一定是大拇指的啦', '2022-06-10 15:13:55'),
(141, '朱小華', '453', '肥汁汁', 'avatar05.jpg', '伊比利豬品質很棒！推薦大家來這邊挑選。', '2022-06-10 15:13:55'),
(142, '謝小華', '318', '甲味鮮', 'avatar00.jpg', '榴槤好吃！推薦大家來這邊挑選。', '2022-06-10 15:13:55'),
(143, '陳小明', '531', '甲味鮮', 'avatar02.jpg', '伊比利豬品質很棒！一定會再來買～', '2022-06-10 15:13:55'),
(144, '謝小紅', '385', '五十嵐 真貴', 'avatar09.jpg', '這個網站賣的商品都很新鮮推薦大家來這邊挑選。', '2022-06-10 15:13:55'),
(145, '吳小白', '378', '友善烏骨雞', 'avatar01.jpg', '和牛太讚了啦一定會再來買～', '2022-06-10 15:13:55'),
(146, '何小華', '315', '田中基八郎', 'avatar02.jpg', '鮭魚豪ㄘ', '2022-06-10 15:13:55'),
(148, '陳小紅', '282', '卍厭世a人類卍', 'avatar05.jpg', '生蠔很新鮮吃了一定是大拇指的啦', '2022-06-10 15:13:55'),
(149, '朱小紅', '522', '火爆小農', '97369304003c0284f74841bc9fd56a48.jpg', '伊比利豬很甜很好吃！吃了都要升天ㄌ！！！！！', '2022-06-10 15:13:55'),
(150, '謝小白', '386', '友善烏骨雞', 'avatar04.jpg', '和牛很新鮮吃了一定是大拇指的啦', '2022-06-10 15:13:55'),
(151, 'farmer', '504', '哈哈哈', '65df5a4ee6cf89596d6f9c505f2d586c.jpg', '好想吃罐罐', '2022-06-10 15:26:05'),
(152, 'farmer', '504', '哈哈', '93e5dab1c9db345a56210df667c502a1.jpg', '好想吃魚', '2022-06-10 15:32:07'),
(154, 'farmer', '505', '鮭魚愛好者', '71f2b378bfb3ed43cb300292ecee7bcb.jpg', '好想吃鮭魚', '2022-06-13 10:36:20');

-- --------------------------------------------------------

--
-- Table structure for table `coupon_01`
--

CREATE TABLE `coupon_01` (
  `sid` int(50) NOT NULL,
  `change_img` varchar(255) NOT NULL,
  `change_memberid` int(50) NOT NULL,
  `change_coupon` varchar(255) NOT NULL,
  `change_spendpoints` int(255) NOT NULL,
  `change_spendprice` int(50) NOT NULL,
  `coupon_isused` int(50) NOT NULL,
  `change_time` datetime NOT NULL
) ENGINE=InnoDB DEFAULT CHARSET=utf8mb4;

--
-- Dumping data for table `coupon_01`
--

INSERT INTO `coupon_01` (`sid`, `change_img`, `change_memberid`, `change_coupon`, `change_spendpoints`, `change_spendprice`, `coupon_isused`, `change_time`) VALUES
(73, '/dailypoint-img/4b08287a319a467288279c8499eb2db3.jpg', 530, '200元折價券', 100, 200, 1, '2022-08-09 13:53:43'),
(74, '/dailypoint-img/52c1abae31a722933f917fce0fccc868.jpg', 530, '100元折價券', 50, 100, 1, '2022-08-09 13:53:44');

-- --------------------------------------------------------

--
-- Table structure for table `customer_data`
--

CREATE TABLE `customer_data` (
  `customer_id` int(11) NOT NULL,
  `name` varchar(255) DEFAULT NULL,
  `mobile` varchar(255) DEFAULT NULL,
  `email` varchar(255) DEFAULT NULL,
  `birthday` date DEFAULT NULL,
  `address` varchar(255) DEFAULT NULL,
  `account` varchar(255) DEFAULT NULL,
  `password` varchar(255) DEFAULT NULL,
  `daily_points` int(11) NOT NULL DEFAULT 0,
  `nickname` varchar(255) DEFAULT NULL,
  `intro` varchar(255) DEFAULT NULL,
  `profile_img` varchar(255) NOT NULL DEFAULT 'user.png',
  `creat_at` datetime DEFAULT NULL
) ENGINE=InnoDB DEFAULT CHARSET=utf8mb4;

--
-- Dumping data for table `customer_data`
--

INSERT INTO `customer_data` (`customer_id`, `name`, `mobile`, `email`, `birthday`, `address`, `account`, `password`, `daily_points`, `nickname`, `intro`, `profile_img`, `creat_at`) VALUES
(1, '朱小紅', '0936731701', 'rogers19990729@yahoo.com', '1999-07-29', '', 'rogers80363', '$2y$10$HVF/UPJ9xCSWRVbffUA3E.920OmwAkTq7FUIEtCFeIaH1r0Sx2dZm', 0, NULL, NULL, 'user1.jpg', '2019-03-24 00:00:00'),
(2, '謝小綠', '0936762837', 'stark19970903@hotmail.com', '1997-09-03', '', 'stark29054', '$2y$10$nkSBLLn/UUgfTkuT.411GO6J4ECikBvKzrJASK6vDSykddlitUBBO', 0, NULL, NULL, 'user2.jpg', '2019-03-08 00:00:00'),
(3, '陳小藍', '0936199223', 'wonda19950512@yahoo.com', '1995-05-12', '', 'wonda28264', '$2y$10$DwkuWkmKRFOlJIY.P2ZE8ufFd7vKJZdEWSfjuHH4JpHMjlixCunzy', 0, NULL, NULL, 'user3.jpg', '2019-07-10 00:00:00'),
(4, '林小綠', '0936241737', 'stark19921019@yahoo.com', '1992-10-19', '', 'stark43472', '$2y$10$mNm.NsY2CwXvHbwmsAEqZOUJf6xf0kgIXltXagp43UcQvRYgUFv7i', 0, NULL, NULL, 'user4.jpg', '2020-11-05 00:00:00'),
(5, '李小白', '0936749650', 'wonda19830414@gmail.com', '1983-04-14', '', 'wonda58112', '$2y$10$jk5VzxpvLCV2JveE9kAuf.nuJeQYHXIaDSBUuNX4zA1b/DtHQDHU6', 0, NULL, NULL, 'user5.jpg', '2022-05-26 00:00:00'),
(6, '邱小白', '0936965405', 'wonda19860820@gmail.com', '1986-08-20', '', 'wonda58408', '$2y$10$WOb7/9JTlWGYt.V/3v9ce.OF/zJY2p58SOr1iYd9ohGke.F06D1va', 0, NULL, NULL, 'user6.jpg', '2015-08-07 00:00:00'),
(7, '高小白', '0936956774', 'strange20001024@yahoo.com', '2000-10-24', '', 'strange82269', '$2y$10$XwPbg5X4XMTIOvE6C9HRx./i4tgEFiNKXDPeUQWmmwCpCqShet8Gy', 0, NULL, NULL, 'user7.jpg', '2019-03-22 00:00:00'),
(8, '李小藍', '0936433197', 'jane19970108@gmail.com', '1997-01-08', '', 'jane75656', '$2y$10$Vi8CmloyIthT/YrNRjtYgOb/LDqC98Rn6biyulYfWgGGymh8cu/0a', 0, NULL, NULL, 'user8.jpg', '2016-07-07 00:00:00'),
(9, '陳小白', '0936779309', 'thor19951228@hinet.com', '1995-12-28', '', 'thor69758', '$2y$10$NQbgDOyCfbWWaRJOL60QgO5b.qi.uUN.baR1HFmDdr2SM/4sc5QEa', 0, NULL, NULL, 'user9.jpg', '2022-05-13 00:00:00'),
(10, '朱小黑', '0936493104', 'rogers19820509@gmail.com', '1982-05-09', '', 'rogers41206', '$2y$10$QvNjrD1QPq95/F6grw8tzOv3U76AR1p23iYplqrwYp1gwGhlEMzTa', 0, NULL, NULL, 'user10.jpg', '2015-04-08 00:00:00'),
(11, '王小綠', '0936999184', 'rogers19821022@yahoo.com', '1982-10-22', '', 'rogers65174', '$2y$10$fM2WhvL/cY6Xw31ETHEz4.K73C9/iWRlCXJJm3sjot2R5K8U7U.wG', 0, NULL, NULL, 'user11.jpg', '2016-09-05 00:00:00'),
(12, '高小紅', '0936305031', 'thor19961208@yahoo.com', '1996-12-08', '', 'thor53988', '$2y$10$IckvVdz9/aiTH7KI2JC8keDVLP8mbvwPxIGJTMP4u3QCKV1eh7RUe', 0, NULL, NULL, 'user12.jpg', '2016-03-05 00:00:00'),
(13, '朱小黑', '0936385717', 'thor19930427@gmail.com', '1993-04-27', '', 'thor32440', '$2y$10$bLSuRNC/VrJ60x4Od/UeSOGxDKeBWFKHbxI2LR8hUkB2hpPQP73.6', 0, NULL, NULL, 'user13.jpg', '2018-08-11 00:00:00'),
(14, '李小藍', '0936540059', 'thor19820219@gmail.com', '1982-02-19', '', 'thor88163', '$2y$10$cyfSj6isup4zPO9RggJC6.gf/GwPuMnuTHR4HWg/4Nzi5GrVC5ece', 0, NULL, NULL, 'user14.jpg', '2020-07-04 00:00:00'),
(15, '謝小藍', '0936371241', 'jane19860324@hinet.com', '1986-03-24', '', 'jane73773', '$2y$10$T2d5pwp.ogRYxZtJGmb4WeVcwHMpqtf8FhzoQH7TllyqNxE/urtye', 0, NULL, NULL, 'user15.jpg', '2015-06-12 00:00:00'),
(16, '邱小白', '0936340316', 'strange19941220@hinet.com', '1994-12-20', '', 'strange28368', '$2y$10$kL8blZxtT7KY3kbxz74Z9eOqQcmgAfKUibH89UsQ7flqf93UGKpIy', 0, NULL, NULL, 'user16.jpg', '2017-02-19 00:00:00'),
(17, '王小白', '0936369066', 'loki19820108@hinet.com', '1982-01-08', '', 'loki92008', '$2y$10$tRXrGRFce.WJuuJeau7SQejn6WE21Jpp1wrY8SjcW0yu.YhpxuaF6', 0, NULL, NULL, 'user17.jpg', '2019-06-01 00:00:00'),
(18, '李小藍', '0936264052', 'stark20040129@gmail.com', '2004-01-29', '', 'stark58076', '$2y$10$o3zgj4BwcdGh1PKLJhaH8O6STLjrVBCnmVxjxG1MbhK7qkwIh4l8u', 0, NULL, NULL, 'user18.jpg', '2019-07-31 00:00:00'),
(19, '黃小紅', '0936771092', 'rogers19820316@yahoo.com', '1982-03-16', '', 'rogers30711', '$2y$10$fmI40K0ROkkvqw5g/0D/WedzE50b0q.sgsvrkxZHpfxmwCtU04CjK', 0, NULL, NULL, 'user19.jpg', '2017-05-03 00:00:00'),
(20, '李白', '0936111222', 'denvers19920829@hotmail.com', '1992-08-29', '台北市大安區和平東路二段', 'denvers76282', '$2y$10$pGoXV7mT30QBPifPLVLrmebo/4SILahxNc5PN42ViPEx3PEAUjbKC', 0, NULL, NULL, 'user20.jpg', '2020-08-28 00:00:00'),
(21, '黃小紅', '0936192453', 'jane19990410@gmail.com', '1999-04-10', '', 'jane78267', '$2y$10$IRYf6.wYkJl3OHLRIpRzPuLpssYw8KT72c373gOLcCfVB1IOeCwoC', 0, NULL, NULL, 'user21.jpg', '2020-08-27 00:00:00'),
(22, '王小白', '0936395646', 'strange19880226@yahoo.com', '1988-02-26', '', 'strange57718', '$2y$10$RNHtufD3glGBKvH3NGxAXOiwU6xQa9t5zRImDKc/D85yOjcEE3ahK', 0, NULL, NULL, 'user22.jpg', '2017-06-15 00:00:00'),
(23, '邱小藍', '0936906723', 'jane19931022@gmail.com', '1993-10-22', '', 'jane11580', '$2y$10$f1k4C6uuLL0drt4JMVW7ceWlwYLRbpnoavMG5MH6HHmuFx0yGpvyO', 0, NULL, NULL, 'user23.jpg', '2019-05-16 00:00:00'),
(24, '李小黑', '0936432846', 'thor20040403@hinet.com', '2004-04-03', '', 'thor88054', '$2y$10$emNrYCI62WfWlGB7DTstjOmr84aU3ZzeCNaf/NGqIp3VFm48yg2RO', 0, NULL, NULL, 'user24.jpg', '2017-08-11 00:00:00'),
(25, '朱小黑', '0936933228', 'rogers20020405@gmail.com', '2002-04-05', '', 'rogers14043', '$2y$10$HD9OC6pt4aUt52qNo0LXlOlLnPk20tBXQmBsRuq2Vu0/sQz3OPu.K', 0, NULL, NULL, 'user25.jpg', '2021-08-28 00:00:00'),
(26, '黃小黑', '0936208796', 'loki20020903@yahoo.com', '2002-09-03', '', 'loki69085', '$2y$10$oFPRFQQqUPbQsbNE95pf5eTz1/LfGSoFIGX2VuC2PTOMqegaW7.w.', 0, NULL, NULL, 'user26.jpg', '2019-07-29 00:00:00'),
(27, '邱小白', '0936999054', 'jane19890715@hotmail.com', '1989-07-15', '', 'jane50506', '$2y$10$NwEdR1urmsJWMNtpaooTuu/QOnM2box5M2h6YfJgn2vDzrObmVvaW', 0, NULL, NULL, 'user27.jpg', '2020-12-05 00:00:00'),
(28, '邱小藍', '0936368764', 'jane19991028@yahoo.com', '1999-10-28', '', 'jane74422', '$2y$10$SgytvgtKRCFXYKKjbVMDxuFW2uK3U/zwrD05c.DgR5/AFmRh959oW', 0, NULL, NULL, 'user28.jpg', '2017-07-25 00:00:00'),
(29, '朱小黑', '0936528795', 'wonda19941220@gmail.com', '1994-12-20', '', 'wonda90219', '$2y$10$GOx/lmh3SemcJSMA8d1IPuWsvviaq/EOJ/38.J4gBBjRxtW66W1TK', 0, NULL, NULL, 'user29.jpg', '2021-11-01 00:00:00'),
(30, '王小藍', '0936407226', 'strange19950114@hotmail.com', '1995-01-14', '', 'strange52197', '$2y$10$.6I8eB03T0aLl5444bUcPePnnAs4GNwdUitgcvd2V6Q.N74MMCGqa', 0, NULL, NULL, 'user30.jpg', '2020-11-19 00:00:00'),
(31, '高小紅', '0936559985', 'wonda19820805@hotmail.com', '1982-08-05', '', 'wonda94965', '$2y$10$FCPbyFpo6d7gJljsF01PF.rHy414t6u4ecVrSUiSuHM5uuOTA.2ka', 0, NULL, NULL, 'user.png', '2019-05-15 00:00:00'),
(32, '王小紅', '0936288713', 'loki19890522@hinet.com', '1989-05-22', '', 'loki72500', '$2y$10$2wJTvIghcQhHRl4k7jlk1eSjqXzGLLZf/qGEKkP7QILM6voo8wbbC', 0, NULL, NULL, 'user.png', '2021-08-23 00:00:00'),
(33, '王小藍', '0936328427', 'loki19870609@hinet.com', '1987-06-09', '', 'loki15222', '$2y$10$slt9ynvsHlyCtI0SbJdmTe8GskHpKIZrmqI/0HyoDALCWTIiAwVFW', 0, NULL, NULL, 'user.png', '2015-06-09 00:00:00'),
(34, '謝小綠', '0936322945', 'loki19801114@gmail.com', '1980-11-14', '', 'loki73246', '$2y$10$cUugNq5MumDOP3qCClWO1O/2zQ8GdgFiXnQW7W70T8z1mOnDCcNmG', 0, NULL, NULL, 'user.png', '2019-06-14 00:00:00'),
(35, '陳小黑', '0936468402', 'strange19830928@yahoo.com', '1983-09-28', '', 'strange66564', '$2y$10$M.9m6/J99Gzi/PThYbT/YO.MV1pVJVcrRQpeBYzz3k3e0Ty1Mzaj2', 0, NULL, NULL, 'user.png', '2016-01-15 00:00:00'),
(36, '王小黑', '0936729675', 'strange19900721@gmail.com', '1990-07-21', '', 'strange48691', '$2y$10$zHihq5Uy3CsBBIwy5Z3U7uVHyXZuDFow5Mc660B1DBDKHF6KEyCmO', 0, NULL, NULL, 'user.png', '2022-04-05 00:00:00'),
(37, '王小黑', '0936360889', 'stark19910211@gmail.com', '1991-02-11', '', 'stark32484', '$2y$10$/jiaDzyvtjasoSFJJ1/cxufh0uWStCs5LlJ0SgSboUhoxbrXM00A.', 0, NULL, NULL, 'user.png', '2019-02-14 00:00:00'),
(38, '王小黑', '0936611857', 'stark19800525@yahoo.com', '1980-05-25', '', 'stark77208', '$2y$10$/fQsE7p8XtgL1rTlN7Cst.Nx7WTSw8PBGYKEpKdP8QS.Z89ZUZYD2', 0, NULL, NULL, 'user.png', '2016-09-04 00:00:00'),
(39, '高小紅', '0936406877', 'strange19930331@yahoo.com', '1993-03-31', '', 'strange19657', '$2y$10$5OpP.QQCP4vbzvCi5yL4neRZqbBPIRQh8t1hnB6pJSB1RymbRLs3C', 0, NULL, NULL, 'user.png', '2017-12-07 00:00:00'),
(40, '邱小紅', '0936723999', 'rogers20050908@yahoo.com', '2005-09-08', '', 'rogers39197', '$2y$10$QAF/kokAzjy2/lOzUWMSH.AgjpRjMO9AspqjYD820TukN4zvqSoSC', 0, NULL, NULL, 'user.png', '2021-11-16 00:00:00'),
(41, '李小黑', '0936771945', 'jane19920414@yahoo.com', '1992-04-14', '', 'jane40010', '$2y$10$qo.XyeOjPytxTo7JhB/ULeblG0haBzXnlvcdC/ayDh5ZorBh7TQQi', 0, NULL, NULL, 'user.png', '2019-12-12 00:00:00'),
(42, '朱小白', '0936111087', 'thor19890817@gmail.com', '1989-08-17', '', 'thor28854', '$2y$10$uWRiKqoglyvkiB5Oop6gPO2Q05b0VMahV4xqwquhiJ35kgMk7BDqe', 0, NULL, NULL, 'user.png', '2017-09-09 00:00:00'),
(43, '李小藍', '0936719043', 'stark19940406@yahoo.com', '1994-04-06', '', 'stark75989', '$2y$10$LeEahwN10sFFmpnNBDTYluP4BCPBnZPWRJt8k9TAjPhBtnXq.ckGK', 0, NULL, NULL, 'user.png', '2021-04-16 00:00:00'),
(44, '高小綠', '0936825115', 'rogers19881016@hotmail.com', '1988-10-16', '', 'rogers66451', '$2y$10$dYkWRnxrvuoqUVc06yRS/OYsIsx7pZd2jP5R/RJYRDccFMnqZw35y', 0, NULL, NULL, 'user.png', '2018-04-01 00:00:00'),
(45, '林小藍', '0936499340', 'stark19841003@hinet.com', '1984-10-03', '', 'stark63904', '$2y$10$1UXBuF3uVMLUjd80Ws6AIeEKuhOLbQRQdwviCH0AuTvIgCioDxSWi', 0, NULL, NULL, 'user.png', '2021-10-12 00:00:00'),
(46, '高小藍', '0936625966', 'denvers19830205@yahoo.com', '1983-02-05', '', 'denvers22389', '$2y$10$nQsKHh0zDuMsQ8KTLvEfdO.A40Clz4DbQxiyuTNEre3b.pUSP46PW', 0, NULL, NULL, 'user.png', '2019-05-31 00:00:00'),
(47, '高小紅', '0936628801', 'loki19850619@hinet.com', '1985-06-19', '', 'loki75215', '$2y$10$jZfaQPW4JtNSAO.bG/WSku5d49FMiqUxRGHRw1NLnco8AAKiS7snW', 0, NULL, NULL, 'user.png', '2021-06-04 00:00:00'),
(48, '王小綠', '0936692758', 'strange20040820@hinet.com', '2004-08-20', '', 'strange65718', '$2y$10$U0BHSdkrS.mSbJugn6dCje19yEcjTAG363Eah3PVwRPvzIud/nTke', 0, NULL, NULL, 'user.png', '2016-02-17 00:00:00'),
(49, '高小綠', '0936653107', 'rogers19850124@gmail.com', '1985-01-24', '', 'rogers97790', '$2y$10$XWkW10knIQHyb7zxylvcPu.x5mkOT/jy36fJlfDg9tXzzuRmpWZ72', 0, NULL, NULL, 'user.png', '2020-12-13 00:00:00'),
(50, '高小藍', '0936462534', 'denvers19920624@hinet.com', '1992-06-24', '', 'denvers12487', '$2y$10$5o48jaGf8ioKj910drt01OqwA1zpyifIyqX5Hr3zxJJ7IEh2/g8ai', 0, NULL, NULL, 'user.png', '2022-02-05 00:00:00'),
(51, '謝小紅', '0936832616', 'denvers19950314@yahoo.com', '1995-03-14', '', 'denvers81106', '$2y$10$CnJxfjS1haco8Lq6GnrkEugS69elCECfjucf2Yvd/FYNGlM0QkdNG', 0, NULL, NULL, 'user.png', '2019-12-25 00:00:00'),
(52, '邱小黑', '0936942598', 'thor20011228@hotmail.com', '2001-12-28', '', 'thor10386', '$2y$10$XlYi0j/qs0QdqPDuYZVc1.bgJSCqAdBgD03JZ.GuQrilpkDg4aeGu', 0, NULL, NULL, 'user.png', '2019-03-20 00:00:00'),
(53, '朱小紅', '0936795627', 'wonda19890618@gmail.com', '1989-06-18', '', 'wonda49482', '$2y$10$4zEt6BQUiBcmcVMQGELmDeJ5gFbAGZrNKGRnwtoX9rM9BHKNMnLAS', 0, NULL, NULL, 'user.png', '2019-03-17 00:00:00'),
(54, '黃小黑', '0936201399', 'rogers19951208@hotmail.com', '1995-12-08', '', 'rogers47100', '$2y$10$o7jwgyNID806pkGUEaFsHudUhbFTP3AIgJ7El45wclpimq0HTy19e', 0, NULL, NULL, 'user.png', '2019-01-31 00:00:00'),
(55, '高小紅', '0936665184', 'rogers20031113@gmail.com', '2003-11-13', '', 'rogers14166', '$2y$10$N6upmPMR8/fRnbJCs/TddOTp.33b8qlVuUEXRocGXCM5XdtgbSzQK', 0, NULL, NULL, 'user.png', '2018-07-10 00:00:00'),
(56, '謝小黑', '0936197993', 'jane19970618@yahoo.com', '1997-06-18', '', 'jane54782', '$2y$10$ZT3Ctl4CS0H.IhCzKQhlvOo2L.hvrocAZfbivZBF4MhUix5AZy17m', 0, NULL, NULL, 'user.png', '2019-02-20 00:00:00'),
(57, '黃小藍', '0936629946', 'rogers19860128@hinet.com', '1986-01-28', '', 'rogers29419', '$2y$10$tmS5GyIttrffLzV1lYyYKOAaP1TSSDAsHNzDUbUy1WmFA9cg5hLMi', 0, NULL, NULL, 'user.png', '2015-01-20 00:00:00'),
(58, '朱小綠', '0936212577', 'wonda19840130@hotmail.com', '1984-01-30', '', 'wonda55873', '$2y$10$mDr/F/nbzX.CODPzzqMw2ukbJgHDRK/yLOgak371ZCWL7a8mJ2Sre', 0, NULL, NULL, 'user.png', '2015-09-29 00:00:00'),
(59, '林小白', '0936357146', 'denvers19840307@gmail.com', '1984-03-07', '', 'denvers99350', '$2y$10$o2VXdYgStP3ftiSWI/U6xudwLpblfXhYq/AVoCuHfqhjZqcvc5QH2', 0, NULL, NULL, 'user.png', '2017-11-13 00:00:00'),
(60, '黃小白', '0936980037', 'thor19901201@hotmail.com', '1990-12-01', '', 'thor35533', '$2y$10$mzlh3ohly9cHfzrWdNGxZ.Qh6oOwWjFwj4cUV63NHp4SlmgiVgB6O', 0, NULL, NULL, 'user.png', '2015-07-16 00:00:00'),
(61, '邱小綠', '0936717086', 'stark19801127@yahoo.com', '1980-11-27', '', 'stark35750', '$2y$10$Wh0pwmifJevfR8JBu.4jOeNH3LnDoHknfspwTzrt1Oa3HyD4ldosy', 0, NULL, NULL, 'user.png', '2017-11-28 00:00:00'),
(62, '朱小藍', '0936333707', 'stark19831022@hotmail.com', '1983-10-22', '', 'stark23934', '$2y$10$wZCI/akw1wl4zanv72M8ge9RxmAETfR3GfbAQwHSh0xneou7.NeFi', 0, NULL, NULL, 'user.png', '2021-04-29 00:00:00'),
(63, '李小黑', '0936498851', 'jane19820410@gmail.com', '1982-04-10', '', 'jane74481', '$2y$10$gTESFpPAfqC.bgK8oZIq9eRWdBenOXKdsfh5qjXsa7Vz614EZQF6O', 0, NULL, NULL, 'user.png', '2015-10-11 00:00:00'),
(64, '李小綠', '0936298267', 'denvers20030202@gmail.com', '2003-02-02', '', 'denvers67767', '$2y$10$R8Ax33uwStg0pZXjztqRxOfknaxKm/tYoF60NwJeSwXuDuff5R3jG', 0, NULL, NULL, 'user.png', '2021-03-28 00:00:00'),
(65, '邱小藍', '0936289108', 'denvers19920415@gmail.com', '1992-04-15', '', 'denvers39997', '$2y$10$jdh13Re/Ps24VyEWJ3IEQ.VE1oqRHf223ACer/tzHQMTslSPYMl0i', 0, NULL, NULL, 'user.png', '2021-12-18 00:00:00'),
(66, '陳小綠', '0936426181', 'stark19971016@hotmail.com', '1997-10-16', '', 'stark26759', '$2y$10$2WLV45dyYX1tunfh5A2pseq0v1Gmqc35gDWHq6a5n4DlrMWei8vM.', 0, NULL, NULL, 'user.png', '2015-01-05 00:00:00'),
(67, '陳小黑', '0936997698', 'thor19971122@hinet.com', '1997-11-22', '', 'thor51088', '$2y$10$dEi7oYaETXKgoJF83lYJdu6MAYWftgGaHvU/4X.fVhVSrtzeqFKG6', 0, NULL, NULL, 'user.png', '2017-04-01 00:00:00'),
(68, '陳小紅', '0936366563', 'jane19940129@gmail.com', '1994-01-29', '', 'jane45042', '$2y$10$wfvZOSp55r2vZI8gxHnMkeC9EXpFE7WzgUHoGQ5lL0YOFqPLOC1OC', 0, NULL, NULL, 'user.png', '2018-01-11 00:00:00'),
(69, '李小白', '0936374521', 'strange19980424@hotmail.com', '1998-04-24', '', 'strange61095', '$2y$10$weKXS7aXjY3zqZnLpujsx.TZtpl.pIluA1C5t8FroAFNAfdG.y3kG', 0, NULL, NULL, 'user.png', '2017-11-19 00:00:00'),
(70, '朱小黑', '0936506947', 'rogers19850110@hinet.com', '1985-01-10', '', 'rogers20421', '$2y$10$NnYGvY9baK5GcTcLWG5yi.CL2c/vXNIO/WzyNdU8Z5IyD2OAY1.jC', 0, NULL, NULL, 'user.png', '2019-05-28 00:00:00'),
(71, '李小白', '0936419317', 'thor20020610@yahoo.com', '2002-06-10', '', 'thor33370', '$2y$10$H3NIALYNMP2PX3Vdk8LTo.NxbPAV/YhE2YzcG4je3KexJCx/8eoya', 0, NULL, NULL, 'user.png', '2019-04-07 00:00:00'),
(72, '林小紅', '0936872188', 'jane20050727@yahoo.com', '2005-07-27', '', 'jane50782', '$2y$10$Vlrcz7s63unA8HM86qI4Cu7pf/Us6m02r3VR.lKxDHg4esMFKszMW', 0, NULL, NULL, 'user.png', '2020-04-12 00:00:00'),
(73, '朱小白', '0936725767', 'strange19910308@yahoo.com', '1991-03-08', '', 'strange64341', '$2y$10$WtL5EmslRKbw6HPcNAxiNezP8XwaFv2q6../GN0f660f6VeIRntJy', 0, NULL, NULL, 'user.png', '2019-11-20 00:00:00'),
(74, '陳小白', '0936567745', 'strange19980605@yahoo.com', '1998-06-05', '', 'strange27818', '$2y$10$.6CdqOF6Jg.XGj5kGf9d1.g0xYiDB5pNaQpNuBZZXyQpzc7pexPN2', 0, NULL, NULL, 'user.png', '2018-06-04 00:00:00'),
(75, '高小白', '0936335763', 'strange19820805@hotmail.com', '1982-08-05', '', 'strange16127', '$2y$10$2tPheny/QYwLbNAGDhudaO6hnLiBjqhARksygruRPVj3X2haJDPnK', 0, NULL, NULL, 'user.png', '2018-12-19 00:00:00'),
(76, '陳小綠', '0936449623', 'thor20040416@hinet.com', '2004-04-16', '', 'thor93798', '$2y$10$jNxNUTWzBQ6nI5rtaw1YAOVRNRN5WW1QhfEMLIxKBdjbb8V4xXoVO', 0, NULL, NULL, 'user.png', '2019-06-05 00:00:00'),
(77, '朱小白', '0936102216', 'jane19860821@gmail.com', '1986-08-21', '', 'jane11251', '$2y$10$Hl5Lsx/SyXT/3/PYxn0CMOIem/yw.XGaknRNVh/Qe5ed.I8UUqFeO', 0, NULL, NULL, 'user.png', '2016-11-13 00:00:00'),
(78, '謝小黑', '0936374862', 'rogers19881103@hotmail.com', '1988-11-03', '', 'rogers65886', '$2y$10$AYUWH4XNFnksGo4Ah/ElNOZ3HAPN4JSGJ1.N1/Ps67WDZ.Ks44YiS', 0, NULL, NULL, 'user.png', '2018-10-04 00:00:00'),
(79, '朱小綠', '0936379052', 'loki19841027@hinet.com', '1984-10-27', '', 'loki36245', '$2y$10$F/FmAZLedvsip9GgtC/5MOQoKEw.HUXqIz00dWdcEiAmAuKE6drru', 0, NULL, NULL, 'user.png', '2015-04-20 00:00:00'),
(80, '謝小綠', '0936270381', 'thor19800512@hinet.com', '1980-05-12', '', 'thor53597', '$2y$10$X2EFuzcBy61aNntCgL2mLOY01SieYDt6XYj3u3sWa37tMdQpLV6gq', 0, NULL, NULL, 'user.png', '2016-02-18 00:00:00'),
(81, '朱小黑', '0936634217', 'stark19930513@yahoo.com', '1993-05-13', '', 'stark27535', '$2y$10$Nup8iQKwRENRxJPk/t4ZxuuC5T7b9BgmOq7hiWHx/XRkaNutQmsFG', 0, NULL, NULL, 'user.png', '2017-02-06 00:00:00'),
(82, '邱小白', '0936855123', 'loki19820504@hotmail.com', '1982-05-04', '', 'loki18899', '$2y$10$LziKa61MFdVVI2nYJYAM5Os/FH7Hnnc5z6ozHR2bb6kcDVPlsDY3u', 0, NULL, NULL, 'user.png', '2020-07-22 00:00:00'),
(83, '李小黑', '0936589955', 'rogers20021102@gmail.com', '2002-11-02', '', 'rogers78059', '$2y$10$48GO5dzWWznqBbqT7p..ruwK4mEPdXybUbp/5Wri3pc9TIW1KqK8e', 0, NULL, NULL, 'user.png', '2019-04-22 00:00:00'),
(84, '黃小綠', '0936719316', 'rogers19811113@gmail.com', '1981-11-13', '', 'rogers49986', '$2y$10$Ri9mAW7BZJnrzvpOGS27Ies8VFWENfwDfpivpRDX1OQjpgIYriaCK', 0, NULL, NULL, 'user.png', '2015-08-29 00:00:00'),
(85, '謝小藍', '0936419460', 'stark19880714@hinet.com', '1988-07-14', '', 'stark73814', '$2y$10$RbUd4.sahP6fSOD7NOvRqONgJbTDC8WmDHJr2lyjoswijwNolF1yi', 0, NULL, NULL, 'user.png', '2017-04-23 00:00:00'),
(86, '黃小紅', '0936761552', 'rogers19920812@gmail.com', '1992-08-12', '', 'rogers63495', '$2y$10$nanKB9/TWiA1HwpgHaxzoOPSWhdI36MjeGKGzhq0K414ld5SRrD8y', 0, NULL, NULL, 'user.png', '2019-01-02 00:00:00'),
(87, '陳小紅', '0936124176', 'strange19800204@gmail.com', '1980-02-04', '', 'strange27142', '$2y$10$5AmsCPb.A5/0rKZUaLf8x.JAXmSv1vvZj638AO5Ypu2hBM0WicARC', 0, NULL, NULL, 'user.png', '2018-02-28 00:00:00'),
(88, '黃小黑', '0936502991', 'wonda19800410@yahoo.com', '1980-04-10', '', 'wonda59891', '$2y$10$oXtjg4.Sh55Fv3jBe5wZ6OAwaxL4C3EhLXgZNDphBsFTorZcV04Ku', 0, NULL, NULL, 'user.png', '2018-07-07 00:00:00'),
(89, '陳小藍', '0936744116', 'wonda20000724@hinet.com', '2000-07-24', '', 'wonda92029', '$2y$10$AD8fcZcq2E/7z8/K/fLoDOnEsXdBF6T/bKe6jbTBs6ipyAp9mcHMa', 0, NULL, NULL, 'user.png', '2017-02-19 00:00:00'),
(90, '王小藍', '0936653545', 'loki20050323@hinet.com', '2005-03-23', '', 'loki61552', '$2y$10$CAxA3VhSjUobfQRenV88OOgbyRSdL1jjJ3NcXiCVeqs4bSeMt4zOS', 0, NULL, NULL, 'user.png', '2021-01-31 00:00:00'),
(91, '邱小紅', '0936513570', 'jane20051022@yahoo.com', '2005-10-22', '', 'jane20159', '$2y$10$KZob2W9cfcngAZk2bVSCTeVJgttHGKtBOcOq2fgNmtd/nETBE2unO', 0, NULL, NULL, 'user.png', '2018-09-10 00:00:00'),
(92, '王小白', '0936733210', 'rogers20050117@hotmail.com', '2005-01-17', '', 'rogers92864', '$2y$10$G/StbIN/FXrGkKCdKpdVp.qcFOYJGhfqNao9JC1NMo3yfdlBxS63e', 0, NULL, NULL, 'user.png', '2018-10-22 00:00:00'),
(93, '陳小紅', '0936529748', 'loki19861207@hinet.com', '1986-12-07', '', 'loki56614', '$2y$10$onRU3izPNtP1R7Qr8ck6l.kjh2hJkZfbwVXxC17XD.TILFUDEYuS2', 0, NULL, NULL, 'user.png', '2022-05-17 00:00:00'),
(94, '高小綠', '0936107197', 'stark19930502@hinet.com', '1993-05-02', '', 'stark94936', '$2y$10$4YjXHUdufVvD8/xDQOWIBebN6OuXCiKYjy0w9l/VtZUa8aLD3dJpW', 0, NULL, NULL, 'user.png', '2017-04-23 00:00:00'),
(95, '邱小藍', '0936611952', 'stark20001230@yahoo.com', '2000-12-30', '', 'stark49498', '$2y$10$33wVBjKxxqA0P6XhLqHY5.TP9nroBDv7WBoasRDIL4iO.CtC3t1Pe', 0, NULL, NULL, 'user.png', '2021-10-12 00:00:00'),
(96, '王小綠', '0936869492', 'rogers20021216@gmail.com', '2002-12-16', '', 'rogers28283', '$2y$10$SKTseiaMQYB..bkfbM3T0ug2yiWQBvhBHr10dP76LHqBc2DvcPvi6', 0, NULL, NULL, 'user.png', '2021-08-07 00:00:00'),
(97, '朱小藍', '0936125267', 'jane19880907@hotmail.com', '1988-09-07', '', 'jane23512', '$2y$10$3wLNd4ddkSoWDxuDzMW8n.kse.wftcxVaEfmUlRBqbnW3qvfhUomO', 0, NULL, NULL, 'user.png', '2015-05-24 00:00:00'),
(98, '邱小紅', '0936643575', 'thor20020126@hotmail.com', '2002-01-26', '', 'thor98701', '$2y$10$VMDk.xLw0PLxfj6FxbJKEuj80GBpO4.4ZMfZQUG2Th5F5kEN4BRae', 0, NULL, NULL, 'user.png', '2019-10-05 00:00:00'),
(99, '朱小藍', '0936144099', 'stark19800308@yahoo.com', '1980-03-08', '', 'stark94976', '$2y$10$w8g8yqQCIx1CWPyA1xZ1w.KjgOzjFNB3K9CKAV/asjLg1IIQ4Nyje', 0, NULL, NULL, 'user.png', '2021-01-10 00:00:00'),
(100, '邱小綠', '0936314254', 'wonda19910212@hinet.com', '1991-02-12', '', 'wonda74649', '$2y$10$cmg7dBBWgxGO1cWOaFm2lOBizpOXi6qFRdQF1FXJMQwTa2bbh6FYS', 0, NULL, NULL, 'user.png', '2020-12-24 00:00:00'),
(101, '邱小黑', '0936974155', 'denvers20040707@hotmail.com', '2004-07-07', '', 'denvers17388', '$2y$10$yRw0RD0zQIuLnZsxHnAY6uaw3HPbQ.y4VJYE4.d4LuHqsrQDAEDCS', 0, NULL, NULL, 'user.png', '2022-02-14 00:00:00'),
(102, '邱小藍', '0936152128', 'loki20020526@hinet.com', '2002-05-26', '', 'loki52122', '$2y$10$lHwamswXCjI9eB0EGUIyx.vgblg.4H.CezLgp9X4rEvhC2UrI1R.m', 0, NULL, NULL, 'user.png', '2015-03-27 00:00:00'),
(103, '陳小紅', '0936317458', 'jane20011109@hotmail.com', '2001-11-09', '', 'jane64200', '$2y$10$hz1ikNzeCN7Fcx13ojqT4epsepYLWzkuGUq/mKNgu4DacMwztQL56', 0, NULL, NULL, 'user.png', '2017-05-13 00:00:00'),
(104, '謝小藍', '0936235329', 'denvers19940706@yahoo.com', '1994-07-06', '', 'denvers50089', '$2y$10$GC4sDvCeV.Fb1UlwZ1qHxeExGbjR9zBDb4ewyka0JGfaZPwxXCr8a', 0, NULL, NULL, 'user.png', '2021-08-29 00:00:00'),
(105, '王小黑', '0936706889', 'loki19981029@yahoo.com', '1998-10-29', '', 'loki27944', '$2y$10$/YHhj5SqcA9.IE9zY2mCuO8JtrGvW07dmh/2yNS2/wEmo0Z0XaRU2', 0, NULL, NULL, 'user.png', '2019-09-18 00:00:00'),
(106, '邱小紅', '0936932464', 'jane19820518@hotmail.com', '1982-05-18', '', 'jane26004', '$2y$10$LiO78rBEV8hKJlRx/sSH9.Xk.2RMkXlQwxT0sqR4FtKhAhWAKFTRm', 0, NULL, NULL, 'user.png', '2017-12-11 00:00:00'),
(107, '陳小白', '0936409085', 'stark19960108@gmail.com', '1996-01-08', '', 'stark54679', '$2y$10$En6LJVessN21o.aHsWOgA.IYicvAI0YQb9y8so4yIGprayrFKfXZ6', 0, NULL, NULL, 'user.png', '2017-08-05 00:00:00'),
(108, '陳小黑', '0936888055', 'loki19901218@yahoo.com', '1990-12-18', '', 'loki70050', '$2y$10$Px4IfniycvUeY7gm3w5L7.BjhtP2IXd.MubGVYBz83SFy3Jhp1Y2u', 0, NULL, NULL, 'user.png', '2020-09-24 00:00:00'),
(109, '高小黑', '0936758360', 'rogers20020216@gmail.com', '2002-02-16', '', 'rogers72693', '$2y$10$BgitBLwrJQpY6fQtuptskuNS1w5KULvyj2NlM8qMK4x/bKCtYSUA.', 0, NULL, NULL, 'user.png', '2020-12-28 00:00:00'),
(110, '林小紅', '0936532324', 'stark20020914@gmail.com', '2002-09-14', '', 'stark12212', '$2y$10$I5pH9QZ2uti7tuSCEutlGON.KjPbF.wKXAhYLTsakmxGjJAC1CYBK', 0, NULL, NULL, 'user.png', '2018-09-24 00:00:00'),
(111, '謝小白', '0936328889', 'loki19801002@yahoo.com', '1980-10-02', '', 'loki81611', '$2y$10$U4i6csiBxXlFtBmgJViLhe1PjPn34B9lb.VNBurZtnJxjoSGSr2CK', 0, NULL, NULL, 'user.png', '2015-07-06 00:00:00'),
(112, '李小紅', '0936550060', 'stark19940206@yahoo.com', '1994-02-06', '', 'stark74326', '$2y$10$FEv6JcKYRUhqdlWDzVxkv.g1./X6q9blBIzLlpd6MH.KwLBJFkuEG', 0, NULL, NULL, 'user.png', '2021-12-22 00:00:00'),
(113, '黃小綠', '0936341860', 'stark19900810@yahoo.com', '1990-08-10', '', 'stark26762', '$2y$10$CXs9PeCo587IoFip60lsl.J/8kiYk2WBjc2hf50P7WCVW9O/30za2', 0, NULL, NULL, 'user.png', '2018-09-01 00:00:00'),
(114, '陳小黑', '0936121636', 'strange20000827@hotmail.com', '2000-08-27', '', 'strange59009', '$2y$10$JZSy.WFdKVYEACDqKgmsp.uCDzHWkB9x7QY6D6ecJcl/IDmheFRTW', 0, NULL, NULL, 'user.png', '2018-06-27 00:00:00'),
(115, '邱小黑', '0936574687', 'jane19890516@yahoo.com', '1989-05-16', '', 'jane68874', '$2y$10$uw1rLKGmm7MEnWgZ48l5MOONW4ERVHOHAkiWmMiISPQEmOGm1HbUy', 0, NULL, NULL, 'user.png', '2017-07-18 00:00:00'),
(116, '林小紅', '0936708748', 'strange19850718@hotmail.com', '1985-07-18', '', 'strange11321', '$2y$10$P459UwliJmNF4b0XdmCLGukI16zgKKGL4wyvXr4GIz8A4P97u0zW2', 0, NULL, NULL, 'user.png', '2021-10-26 00:00:00'),
(117, '高小黑', '0936336529', 'jane20030323@gmail.com', '2003-03-23', '', 'jane99699', '$2y$10$iOjBRljQX397rTvm7p0N9OvFSifliUAD/CCrh.RTziQnf2Ox1y6wW', 0, NULL, NULL, 'user.png', '2015-09-08 00:00:00'),
(118, '李小紅', '0936249280', 'wonda19970915@hotmail.com', '1997-09-15', '', 'wonda85122', '$2y$10$x9Rc8H/0ZzJRrtdpcNZU2.uBZskc22uR/QKaCFALX23Web36pK16K', 0, NULL, NULL, 'user.png', '2021-12-21 00:00:00'),
(119, '謝小藍', '0936312907', 'thor19980213@hinet.com', '1998-02-13', '', 'thor29812', '$2y$10$2EDIf1X4O5/ABrupSAqR6O2FmFZFITlJSLT2h/63GglAphJgYtD8K', 0, NULL, NULL, 'user.png', '2016-07-10 00:00:00'),
(120, '高小綠', '0936389535', 'stark19810623@hotmail.com', '1981-06-23', '', 'stark15158', '$2y$10$CXIEzEf90CCEHk7tWMi6suAoTfVsF9.aASra0PPkErdcmsbHKKSpS', 0, NULL, NULL, 'user.png', '2016-09-22 00:00:00'),
(121, '謝小綠', '0936380956', 'denvers20010714@hinet.com', '2001-07-14', '', 'denvers14869', '$2y$10$Djxjmx4Rn4s76zcPur4kCOd3B8QOYfsv/LDj83n8GpCONdFwFKwhq', 0, NULL, NULL, 'user.png', '2015-04-01 00:00:00'),
(122, '高小黑', '0936667320', 'stark19860319@hinet.com', '1986-03-19', '', 'stark87116', '$2y$10$tcin2llggAxfJTabiwnfxuvbNVdLHjJx50TFxmkSPiqIdghe87/jy', 0, NULL, NULL, 'user.png', '2018-04-06 00:00:00'),
(123, '謝小紅', '0936553627', 'rogers19840324@hotmail.com', '1984-03-24', '', 'rogers66704', '$2y$10$i4ilkWcfPl.36Jrv8zHvp.pTR3FjniGxs.UIIFWO9SsVCm6iDTF.C', 0, NULL, NULL, 'user.png', '2020-06-30 00:00:00'),
(124, '李小藍', '0936404397', 'wonda19850726@hinet.com', '1985-07-26', '', 'wonda64059', '$2y$10$XQeoWe08lzuyy2T6BvNzeOfbkGoeX9KWxQtjPrtm.ur7ICHroTB3q', 0, NULL, NULL, 'user.png', '2015-05-24 00:00:00'),
(125, '王小綠', '0936682057', 'strange19950321@gmail.com', '1995-03-21', '', 'strange12348', '$2y$10$xi7e5wNORag6X4tdgcbWheiRI.jOSkJyS5nPER6PqazfmYWttVqzW', 0, NULL, NULL, 'user.png', '2017-10-29 00:00:00'),
(126, '高小白', '0936762147', 'stark19931102@gmail.com', '1993-11-02', '', 'stark93049', '$2y$10$o4TpBIQutBRD1XvJSDktaekndKCVlwdvrqA41SqOextN60zT/fX5i', 0, NULL, NULL, 'user.png', '2019-04-19 00:00:00'),
(127, '李小黑', '0936882197', 'jane19850105@hotmail.com', '1985-01-05', '', 'jane87523', '$2y$10$7AvRYEbqKiL6tYfq1HNrmuartbPsxsvZB9vVD0u0RKE.2UFaMW4cu', 0, NULL, NULL, 'user.png', '2019-02-21 00:00:00'),
(128, '謝小紅', '0936391537', 'strange19900524@gmail.com', '1990-05-24', '', 'strange25824', '$2y$10$re8Gyz9flpK6U3APwfrOBumEIPochusJML6KXRbxVjeXzX8PGy/F2', 0, NULL, NULL, 'user.png', '2018-12-01 00:00:00'),
(129, '李小藍', '0936908311', 'jane20021030@hotmail.com', '2002-10-30', '', 'jane10811', '$2y$10$afIEWZAmj2FzWajP61dLLO7LBVZXtfS6m4lww3RpBoPzi6ZA0iYJm', 0, NULL, NULL, 'user.png', '2015-10-09 00:00:00'),
(130, '謝小藍', '0936919665', 'strange19930418@hotmail.com', '1993-04-18', '', 'strange68863', '$2y$10$qOidRPDqDgd7iMvFRXay8.uFPJY3WdwHwswLiGcQGDuLUnV9XnvR2', 0, NULL, NULL, 'user.png', '2015-12-12 00:00:00'),
(131, '高小紅', '0936572583', 'jane19821030@hinet.com', '1982-10-30', '', 'jane33086', '$2y$10$WLJ3VL9gQ1gSWFOjNFD7c.cJk11rQIBZuNHVCx3TKs1iTBbewhyBq', 0, NULL, NULL, 'user.png', '2022-04-16 00:00:00'),
(132, '朱小白', '0936356733', 'loki19961015@hotmail.com', '1996-10-15', '', 'loki59005', '$2y$10$R5/V/PFsCUNqQzs/ZVjdZORyek3HJWpUW/tYoQvamQHaaEuelBHeO', 0, NULL, NULL, 'user.png', '2016-07-18 00:00:00'),
(133, '高小綠', '0936348872', 'thor20010414@hinet.com', '2001-04-14', '', 'thor26172', '$2y$10$ODrBZ3S//S9m8I3XIZtwn.vd/sWgQFOHcveEmcl90oiopVgVtTVxm', 0, NULL, NULL, 'user.png', '2016-09-12 00:00:00'),
(134, '王小紅', '0936663913', 'strange19810810@hinet.com', '1981-08-10', '', 'strange32938', '$2y$10$jcDCHGIcFVylKUsZP21kf.BFqnQostAJHAKKqOx3qvMgWsb0e/4Wa', 0, NULL, NULL, 'user.png', '2017-01-30 00:00:00'),
(135, '高小綠', '0936848910', 'loki19950811@yahoo.com', '1995-08-11', '', 'loki91963', '$2y$10$i.3inADGS.R4oxv2FFix1usRsougqQwfkOV4IKg.Xrri3WtDMloe2', 0, NULL, NULL, 'user.png', '2019-01-04 00:00:00'),
(136, '黃小紅', '0936931332', 'loki19821228@yahoo.com', '1982-12-28', '', 'loki56164', '$2y$10$PDLPNR/oTM7/jUwld8FIpOEQsZ2urXAHdtdT82FqW/EKwmqG0HfuG', 0, NULL, NULL, 'user.png', '2015-04-08 00:00:00'),
(137, '王小藍', '0936568951', 'rogers19930203@yahoo.com', '1993-02-03', '', 'rogers27386', '$2y$10$KGE3805NZ1.b1N5VSWFCd.zMrBgGKu5wWgL3sQZFBl40xFyKob4PG', 0, NULL, NULL, 'user.png', '2021-08-27 00:00:00'),
(138, '陳小白', '0936335491', 'strange20000713@gmail.com', '2000-07-13', '', 'strange16420', '$2y$10$B9582Cl7h1G5DWc34NTpnetjGf3k9QoI6iZYyxYciVnmN4MgQCC8.', 0, NULL, NULL, 'user.png', '2016-09-08 00:00:00'),
(139, '陳小綠', '0936232548', 'jane19890911@hinet.com', '1989-09-11', '', 'jane91332', '$2y$10$Cas8wrl5xpEIVKbF9gbuLui5T.GpnFVFZTFxDjcx5UpUjm4JePh/O', 0, NULL, NULL, 'user.png', '2015-07-17 00:00:00'),
(140, '李小黑', '0936913700', 'thor19960509@hotmail.com', '1996-05-09', '', 'thor68705', '$2y$10$ouTJ318kIHTg0eBwJ/hGEeEJP6wPyYQKuJbcLMcT7XcvpWi/nxiRq', 0, NULL, NULL, 'user.png', '2016-03-31 00:00:00'),
(141, '邱小紅', '0936553468', 'strange19900313@yahoo.com', '1990-03-13', '', 'strange40655', '$2y$10$6XocfZL7P4xYidMSpqlEWuDN0CyJGlcn/bZm.xw1qbS81nOqa3tCO', 0, NULL, NULL, 'user.png', '2020-02-07 00:00:00'),
(142, '黃小綠', '0936381534', 'rogers19871126@hotmail.com', '1987-11-26', '', 'rogers50670', '$2y$10$yhWOrhUcpht2vKDK1LUuU.GbXU2F9w63fgWyVB0lzZfHc0YCCNSY2', 0, NULL, NULL, 'user.png', '2021-01-05 00:00:00'),
(143, '謝小藍', '0936458819', 'loki20030406@hinet.com', '2003-04-06', '', 'loki63346', '$2y$10$0GRl.f.xzwRQERFO.5uLluzab5XBNFYsD3frIFL0XYVXbXIDF1Wfq', 0, NULL, NULL, 'user.png', '2017-10-26 00:00:00'),
(144, '謝小綠', '0936138191', 'loki20010209@hinet.com', '2001-02-09', '', 'loki15650', '$2y$10$Zg9q4VGHbD0U10Ol2h4WW.tenLWtgnfnQ1dE9Jt..G6.boJsnHEnS', 0, NULL, NULL, 'user.png', '2015-03-19 00:00:00'),
(145, '黃小黑', '0936993338', 'stark19870316@hinet.com', '1987-03-16', '', 'stark29450', '$2y$10$m89HnI3meALfoxTvF1ajvuS3I.f8gKHrI9YL9yw2.16EEU6ozvhsi', 0, NULL, NULL, 'user.png', '2018-04-10 00:00:00'),
(146, '陳小白', '0936983491', 'wonda19960124@yahoo.com', '1996-01-24', '', 'wonda74522', '$2y$10$45RF/DaXpc9SuDzEAGEkaOgdQoCJOjTBdwQx6s9B6lSQEtoQc25rC', 0, NULL, NULL, 'user.png', '2018-01-18 00:00:00'),
(147, '王小藍', '0936546951', 'strange19830214@yahoo.com', '1983-02-14', '', 'strange96291', '$2y$10$IQZfaxRlg3O/KBpiDymEwOFP/0Opmu/DU2PscOOKAk8R.ePJ8Dm2i', 0, NULL, NULL, 'user.png', '2021-12-20 00:00:00'),
(148, '邱小藍', '0936198172', 'strange20020225@yahoo.com', '2002-02-25', '', 'strange35458', '$2y$10$uZnYjHm2BdT8uYJZYek.4.aoSuVqBDTbq4Y4gpvzlBI0swG2y4g3y', 0, NULL, NULL, 'user.png', '2015-01-26 00:00:00'),
(149, '高小黑', '0936975344', 'jane19920213@hotmail.com', '1992-02-13', '', 'jane57103', '$2y$10$E3IQR9RF6A74TAGMR5d39.l0HUzTJtsqRIzT5qR4noTbJvy2CKhaq', 0, NULL, NULL, 'user.png', '2018-11-14 00:00:00'),
(150, '林小藍', '0936667206', 'strange19900506@hinet.com', '1990-05-06', '', 'strange89578', '$2y$10$oiRdVvrWIj5TXwHmZ0OwTe7IaqSjgByJZBDZSJNPPWaVVt.WvTCj.', 0, NULL, NULL, 'user.png', '2018-01-28 00:00:00'),
(151, '朱小紅', '0936533930', 'thor19980120@hotmail.com', '1998-01-20', '', 'thor60900', '$2y$10$8Vpz5IQTO0CIbmPSdtC62.QFKYQpM/omNezxb.5NYvmU05Y0BcohC', 0, NULL, NULL, 'user.png', '2016-10-31 00:00:00'),
(152, '高小紅', '0936876999', 'wonda19800619@yahoo.com', '1980-06-19', '', 'wonda93173', '$2y$10$zkclx.d9bAgvWQnfUdBONuM3J./lnwxBGcmGAJ/7gCfRitRN8h2/e', 0, NULL, NULL, 'user.png', '2019-12-01 00:00:00'),
(153, '謝小藍', '0936508135', 'thor20051225@gmail.com', '2005-12-25', '', 'thor12128', '$2y$10$dgT0CCZywaqqWWzS48RJF.6EZ7yX8IO4NfCieHmhyD/kIyw3WyzvC', 0, NULL, NULL, 'user.png', '2021-05-30 00:00:00'),
(154, '林小黑', '0936254168', 'wonda19831204@yahoo.com', '1983-12-04', '', 'wonda38823', '$2y$10$JoY.Hh74d9I.ztsnfgHvv.p/l3lzv6LsMjrLsTjRm0bnjPM5b4eW.', 0, NULL, NULL, 'user.png', '2019-07-30 00:00:00'),
(155, '朱小紅', '0936783440', 'stark19880720@hinet.com', '1988-07-20', '', 'stark30391', '$2y$10$mBMdl77FsSfifyIj9zm2euFVM5BrwpmPJUl7C4kFixqDwuZvs0OK.', 0, NULL, NULL, 'user.png', '2020-04-01 00:00:00'),
(156, '謝小黑', '0936225969', 'wonda19800511@hinet.com', '1980-05-11', '', 'wonda79831', '$2y$10$S1HpjhAuZvtWDMEI7K9b2uIB6/msxxcsLp/ZGI9pjWLK0rIyhDolS', 0, NULL, NULL, 'user.png', '2018-06-07 00:00:00'),
(157, '朱小黑', '0936396977', 'strange19830531@yahoo.com', '1983-05-31', '', 'strange33692', '$2y$10$R3bsilaBtMPXOOEOCvatKuQrKaLnwHOtxDf0pGV3.1O2Vht9msFPu', 0, NULL, NULL, 'user.png', '2016-11-10 00:00:00'),
(158, '謝小紅', '0936186562', 'denvers19800925@hotmail.com', '1980-09-25', '', 'denvers31474', '$2y$10$0BXfXMDmoGlMc02CeOEbT.zOGISsfLVmhKAbrF8PGIshV/7lPiBqa', 0, NULL, NULL, 'user.png', '2019-03-03 00:00:00'),
(159, '王小綠', '0936642391', 'denvers19970205@hinet.com', '1997-02-05', '', 'denvers44792', '$2y$10$XSuF5unGXI2NaA7skq8gBeJSsvqlOM1X/tES3hxorM0iZYIdSD4ry', 0, NULL, NULL, 'user.png', '2019-07-11 00:00:00'),
(160, '陳小紅', '0936846020', 'loki19990202@hinet.com', '1999-02-02', '', 'loki41125', '$2y$10$y0btGlacJETFcwe1f7EGvuV8uyOHVC/EekVLsaKOadWP5CKzXtRUq', 0, NULL, NULL, 'user.png', '2021-11-08 00:00:00'),
(161, '高小綠', '0936171143', 'denvers20000916@yahoo.com', '2000-09-16', '', 'denvers13715', '$2y$10$43VdWKbBk7gNHZRrD8Pq8eA5H1PQeZB3z/d7E0OdJSwlHYzce..fK', 0, NULL, NULL, 'user.png', '2019-06-25 00:00:00'),
(162, '黃小藍', '0936597520', 'rogers19860305@hotmail.com', '1986-03-05', '', 'rogers26104', '$2y$10$suf5N8diacp74EqVKC..w.B2397PpZskHx01OWyW.cktsKJgHrnHS', 0, NULL, NULL, 'user.png', '2019-03-16 00:00:00'),
(163, '黃小紅', '0936664345', 'loki20000228@gmail.com', '2000-02-28', '', 'loki53628', '$2y$10$rOYMWLrK5chl5faPwz0gFOEJsex1z3yCveehP95Nyc8liPzlCuK8G', 0, NULL, NULL, 'user.png', '2021-06-21 00:00:00'),
(164, '黃小藍', '0936651217', 'denvers20000804@hotmail.com', '2000-08-04', '', 'denvers38400', '$2y$10$amiMbz38nKj3E2UXRP/MiuS/AvBVKGHH5L.R78tfadrIyO/IdCgGi', 0, NULL, NULL, 'user.png', '2016-11-03 00:00:00'),
(165, '王小藍', '0936798366', 'jane20031028@hotmail.com', '2003-10-28', '', 'jane87791', '$2y$10$gQKLWcFn1RMH69Lwj9pbAOCehtNK368xEV..h9K3ziFD3sld/wjQS', 0, NULL, NULL, 'user.png', '2015-10-23 00:00:00'),
(166, '李小綠', '0936762141', 'jane20010210@yahoo.com', '2001-02-10', '', 'jane10384', '$2y$10$awmbpo3SgQ3irRt88rdJQ.9zQVM5mWMdLbHYntesHHmJU0d418kd6', 0, NULL, NULL, 'user.png', '2017-08-29 00:00:00'),
(167, '謝小白', '0936912733', 'stark20011127@hotmail.com', '2001-11-27', '', 'stark49205', '$2y$10$VS.iOW5L0x1H/3osgKHD6.Aqaw.7w/NnBN.5nm3g7EMdjvNjOxU3m', 0, NULL, NULL, 'user.png', '2019-03-12 00:00:00'),
(168, '陳小紅', '0936828646', 'strange20000714@gmail.com', '2000-07-14', '', 'strange77562', '$2y$10$yDxug0VdcytN4s5uKrHCzuE/svrTfusCVP9qzwxfhJad17zK7k4LK', 0, NULL, NULL, 'user.png', '2016-01-18 00:00:00'),
(169, '李小白', '0936199246', 'thor19961226@hinet.com', '1996-12-26', '', 'thor59346', '$2y$10$sQK3gSYYVxxIKtegcg5pWeGWUVSfW5iT.ZEe9XCnhNiH4KsuTe5Nq', 0, NULL, NULL, 'user.png', '2020-11-29 00:00:00'),
(170, '高小紅', '0936773697', 'loki19871107@hinet.com', '1987-11-07', '', 'loki17452', '$2y$10$Iy8/HGA4AkhvJ2JqcYqq1.4hP0OWipJjJXGImHbZnTf5.2TBhixr6', 0, NULL, NULL, 'user.png', '2016-08-29 00:00:00'),
(171, '陳小藍', '0936843020', 'jane20031219@hinet.com', '2003-12-19', '', 'jane87628', '$2y$10$gtlP4i053bCoWa4srOAT6eJa8BKnXS2.QCbL24Z5dy/swR7pqimja', 0, NULL, NULL, 'user.png', '2016-08-02 00:00:00'),
(172, '謝小黑', '0936415664', 'strange20050302@hotmail.com', '2005-03-02', '', 'strange81353', '$2y$10$rNN/ZPiHhUAMckgFe0lkEeROHuHvIwHOqtKzoFtcraEGL1V1AiO86', 0, NULL, NULL, 'user.png', '2022-01-14 00:00:00'),
(173, '謝小黑', '0936729858', 'thor19881105@yahoo.com', '1988-11-05', '', 'thor17927', '$2y$10$hK1Y331F5oezFh.B19HowuovsdRjq9YZn.t61LpW7hBkzf9/26tTi', 0, NULL, NULL, 'user.png', '2022-03-16 00:00:00'),
(174, '朱小白', '0936469360', 'rogers19980123@hotmail.com', '1998-01-23', '', 'rogers40835', '$2y$10$Rx2fnFkjmTuZq5cmjOhzu.t8FFi5NtrHsLwB.Rxh.S9tnHQxRVm5i', 0, NULL, NULL, 'user.png', '2018-07-17 00:00:00'),
(175, '黃小黑', '0936872795', 'denvers20010422@yahoo.com', '2001-04-22', '', 'denvers22155', '$2y$10$/vCKnDKHuaTwZfJmy/TIme4XTSKMHD8yHZAn3/otd.ZM1bEVlyMya', 0, NULL, NULL, 'user.png', '2021-02-04 00:00:00'),
(176, '朱小白', '0936843590', 'jane19821205@hotmail.com', '1982-12-05', '', 'jane54038', '$2y$10$ZkJHLafF9J61eKXC.FfLE.O4g4TITgH3DgBdG92J5wr8WgG/OJRAS', 0, NULL, NULL, 'user.png', '2017-04-30 00:00:00'),
(177, '王小綠', '0936978898', 'rogers19880825@gmail.com', '1988-08-25', '', 'rogers19506', '$2y$10$lF8SuQyREkxlBeWythEtw.QfKuOd1hA96YS22Q2TQxrRgHltw4PN6', 0, NULL, NULL, 'user.png', '2015-04-27 00:00:00'),
(178, '邱小藍', '0936338005', 'strange19840109@yahoo.com', '1984-01-09', '', 'strange31340', '$2y$10$K9M00HfM6Jboo6PrzeFcwOkLjvpoHBcm6sVWu/Ds3VMFnWAkhJYLC', 0, NULL, NULL, 'user.png', '2016-02-08 00:00:00'),
(179, '邱小白', '0936694442', 'jane20010125@hotmail.com', '2001-01-25', '', 'jane44610', '$2y$10$b04C0LMrVkbQVx8QY3foteTZ5hX/JuSlEp2ZZjP8Bn/m2NJCIwnUS', 0, NULL, NULL, 'user.png', '2020-06-10 00:00:00'),
(180, '黃小綠', '0936886389', 'strange19951220@hotmail.com', '1995-12-20', '', 'strange71812', '$2y$10$VOSn2WrxLJ6gC2SYU99hGeaN0icFHO8LivZr0I0f6agi6RD2o29l6', 0, NULL, NULL, 'user.png', '2021-04-30 00:00:00'),
(181, '李小綠', '0936648136', 'denvers20021110@yahoo.com', '2002-11-10', '', 'denvers44470', '$2y$10$JC9BM0hs2ZgtBSDX49ucJeNO6k0JnZR3XvpzOW7edhWDA983asr76', 0, NULL, NULL, 'user.png', '2017-10-16 00:00:00'),
(182, '陳小藍', '0936781792', 'wonda20041229@yahoo.com', '2004-12-29', '', 'wonda73530', '$2y$10$hqKoPnW0Aa8v.axDQ6n72uoXKREyNKGUqOWaCCr4SnM0Oec.7vf0O', 0, NULL, NULL, 'user.png', '2019-07-04 00:00:00'),
(183, '李小白', '0936141744', 'loki20010327@hinet.com', '2001-03-27', '', 'loki35930', '$2y$10$5V.HsG0a6PqZB0CBUefAzOeD86Gp6W4fBRjyhbxrkfarpt84ZJqEu', 0, NULL, NULL, 'user.png', '2022-05-11 00:00:00'),
(184, '王小白', '0936159041', 'jane19830405@gmail.com', '1983-04-05', '', 'jane74341', '$2y$10$rKAMSK4JL7Wbn9ZUOqOe.OON2bDwt0n08OPRRsxldp97d02tddTQa', 0, NULL, NULL, 'user.png', '2020-01-23 00:00:00'),
(185, '朱小紅', '0936128364', 'wonda19840829@gmail.com', '1984-08-29', '', 'wonda44143', '$2y$10$JZY0z8ZfUcKWy3WkvrpKVOjEZJ4lGpEy4zEojW6C8ok8h/afUaMwi', 0, NULL, NULL, 'user.png', '2018-12-20 00:00:00'),
(186, '李小黑', '0936279112', 'stark19910328@gmail.com', '1991-03-28', '', 'stark97927', '$2y$10$k.ys27lVmk1l42wnab7P2uMbN5Y29ruqKswqHFxVUaTqlAiwRs0W2', 0, NULL, NULL, 'user.png', '2021-10-31 00:00:00'),
(187, '王小綠', '0936843046', 'thor19960808@yahoo.com', '1996-08-08', '', 'thor20375', '$2y$10$Fj9q8NZw5Elaikk5ZbJnxOgBidLZ/sqkvj8EV.CoVi1gzqvMVy3Ca', 0, NULL, NULL, 'user.png', '2020-12-16 00:00:00'),
(188, '陳小黑', '0936607922', 'stark19890827@yahoo.com', '1989-08-27', '', 'stark17951', '$2y$10$mYUlOIfHr9dv.gQse6mDCu1sBlSt.JhsnqHK.gwR8bwDPwqPu5uFK', 0, NULL, NULL, 'user.png', '2021-10-23 00:00:00'),
(189, '謝小白', '0936698179', 'denvers19850516@hinet.com', '1985-05-16', '', 'denvers53481', '$2y$10$/RuYrBCxINjFTUC2GQjSJOMPyv7LoUKf6UMYs6pgHGo2z728kgZi.', 0, NULL, NULL, 'user.png', '2021-10-06 00:00:00'),
(190, '陳小藍', '0936528344', 'rogers19930612@hotmail.com', '1993-06-12', '', 'rogers92925', '$2y$10$H3prFkpRfbFYtaSloL5hS.LwizlgcZX86.vsBddVENvPCTj0LE.yO', 0, NULL, NULL, 'user.png', '2017-09-13 00:00:00'),
(191, '王小綠', '0936652491', 'thor19841027@hinet.com', '1984-10-27', '', 'thor36352', '$2y$10$rh1hWmKv89/ADRvthYvPeOnu8X5izZG0088fLSMfZxWFnaf9v6FrC', 0, NULL, NULL, 'user.png', '2017-10-12 00:00:00'),
(192, '林小藍', '0936759971', 'strange19901110@hotmail.com', '1990-11-10', '', 'strange43744', '$2y$10$H2pIIYnZmYmfdeeX4i4S0OlvsphvmuNUZalMNauxT4TgRRW5EHKKu', 0, NULL, NULL, 'user.png', '2017-11-10 00:00:00'),
(193, '朱小紅', '0936775264', 'loki19830913@yahoo.com', '1983-09-13', '', 'loki72680', '$2y$10$4fbse44vSd6TSOHmSkxgSOpGYYurUikVZOXd1vzNwdSKiKQ1U7XSa', 0, NULL, NULL, 'user.png', '2018-07-04 00:00:00'),
(194, '邱小紅', '0936475871', 'wonda19871123@hotmail.com', '1987-11-23', '', 'wonda72678', '$2y$10$yZSTZEIoa2m8b/9ryS/dLeuY14cCwx9JUZPHxabyezQSE6Z6FUxlu', 0, NULL, NULL, 'user.png', '2017-05-15 00:00:00'),
(195, '王小紅', '0936320724', 'rogers19900419@hinet.com', '1990-04-19', '', 'rogers18940', '$2y$10$AKOWtTehhpByH34JGuJJWeFsa/zUslUFNpYpMoEJm/rbCUL1YkhIm', 0, NULL, NULL, 'user.png', '2022-03-30 00:00:00'),
(196, '黃小黑', '0936377908', 'loki19971018@hinet.com', '1997-10-18', '', 'loki69959', '$2y$10$Xuesyc/akmcZGExgUGrn9.F.oookPa6wQTVnY4T40KFdrp6T4GfJC', 0, NULL, NULL, 'user.png', '2020-05-01 00:00:00'),
(197, '林小黑', '0936376323', 'jane19970610@hinet.com', '1997-06-10', '', 'jane67840', '$2y$10$ImlqpqefaBMG.HMYZ2DJheoMzOzh6O3QYrsG7bfMkUDwGOwVLrlje', 0, NULL, NULL, 'user.png', '2016-03-22 00:00:00'),
(198, '邱小黑', '0936498856', 'strange19891105@gmail.com', '1989-11-05', '', 'strange20617', '$2y$10$v4QuBkHKlJTR.8ITbLRGuOgT8DddIQq2S4glYj9C5PszYk.UTTpFG', 0, NULL, NULL, 'user.png', '2019-11-22 00:00:00'),
(199, '邱小白', '0936439396', 'thor20020524@hinet.com', '2002-05-24', '', 'thor84909', '$2y$10$mlwxwV58i6YDmaUsQTCu4uw7.bPHZy6o5u/ohdq6YV1Svf/CawTM6', 0, NULL, NULL, 'user.png', '2018-08-16 00:00:00'),
(200, '王小紅', '0936200271', 'rogers20000919@yahoo.com', '2000-09-19', '', 'rogers53095', '$2y$10$2DsD/j5OcoNJqaUhfWiaiOjNvwc8Sv0rH6dwmG5ey8pXemwcg0T.S', 0, NULL, NULL, 'user.png', '2016-02-23 00:00:00'),
(201, '邱小黑', '0936470717', 'denvers19811010@hotmail.com', '1981-10-10', '', 'denvers19563', '$2y$10$byb.l.eEXLvoxfLapOwJcOHbkPYFjQqW/iqegKipUK3pTsvk2aZV6', 0, NULL, NULL, 'user.png', '2020-11-07 00:00:00'),
(202, '高小紅', '0936543883', 'denvers20000110@hinet.com', '2000-01-10', '', 'denvers55268', '$2y$10$q0KBxJuDSZhOF/OiCZdQDeJqdw9z2WO20XLhwDiBOVvgDCICoG.aG', 0, NULL, NULL, 'user.png', '2016-10-11 00:00:00'),
(203, '邱小白', '0936219788', 'thor19990919@hinet.com', '1999-09-19', '', 'thor11525', '$2y$10$qlVsqOCWR5M2FOnhhoBiYOi6QhPi11ZU0SO3psjayb3OY8F4eMCv6', 0, NULL, NULL, 'user.png', '2020-05-14 00:00:00'),
(204, '高小藍', '0936961177', 'stark19811008@gmail.com', '1981-10-08', '', 'stark67049', '$2y$10$8B9xKQf.VS84eBSBmUJ.neiirf75Qv22/ahGXGbT0oyzx53HpJX5C', 0, NULL, NULL, 'user.png', '2017-09-02 00:00:00'),
(205, '邱小藍', '0936370084', 'rogers19800831@hotmail.com', '1980-08-31', '', 'rogers90131', '$2y$10$KXh74w3BRH02BUlHQAkv6uEBjmkH1epB0iZ8pIwD.n4e6VwGOBB/.', 0, NULL, NULL, 'user.png', '2021-03-09 00:00:00'),
(206, '高小藍', '0936186896', 'rogers20050201@yahoo.com', '2005-02-01', '', 'rogers97376', '$2y$10$bogeMGGiHHhAy5HZR3mvEuo0/YfPY64XDOu0DOmwWNFRQg3aUK1au', 0, NULL, NULL, 'user.png', '2015-03-20 00:00:00'),
(207, '邱小藍', '0936462169', 'thor19841101@hinet.com', '1984-11-01', '', 'thor49258', '$2y$10$axzFrqREqCjpH53ZysF5/esfK/8NOfYIcrBuEW6Ixp.i3WfmfgnR6', 0, NULL, NULL, 'user.png', '2018-06-04 00:00:00'),
(208, '王小黑', '0936871488', 'loki19851112@yahoo.com', '1985-11-12', '', 'loki34306', '$2y$10$Jo1Te/9Gjh/kuGXRLuKNv.gpOKstZWl1lD1gB.kSxZ4llv0w1vz6W', 0, NULL, NULL, 'user.png', '2017-03-21 00:00:00'),
(209, '謝小黑', '0936210862', 'rogers19810105@yahoo.com', '1981-01-05', '', 'rogers32407', '$2y$10$acl4.QJR9UPFrI/JG0StBOwQPVWrYcP4ARWb0Os2M.qIK3xNhcTky', 0, NULL, NULL, 'user.png', '2017-03-17 00:00:00'),
(210, '黃小藍', '0936956795', 'loki20011104@gmail.com', '2001-11-04', '', 'loki27946', '$2y$10$JlvpzobQ1RymqGC4H66oyeScehfTJro36gIgNFWmGSIQ3DhzwMGHq', 0, NULL, NULL, 'user.png', '2018-12-01 00:00:00'),
(211, '高小紅', '0936488795', 'strange20000704@hinet.com', '2000-07-04', '', 'strange78215', '$2y$10$R6U5wpMRDWbLeQrrkwhsgukg/GeUdwr.KAYWO/EwepLJ4XFrnkROO', 0, NULL, NULL, 'user.png', '2022-01-06 00:00:00'),
(212, '高小綠', '0936829014', 'jane19820910@yahoo.com', '1982-09-10', '', 'jane95809', '$2y$10$LWAwctXtlhUUIo4ilIVJcO1X2e.v1fgv6YKXJ2oNsqlp6f/hNZEd6', 0, NULL, NULL, 'user.png', '2021-01-08 00:00:00'),
(213, '王小紅', '0936497930', 'jane19850317@hinet.com', '1985-03-17', '', 'jane98901', '$2y$10$LxD4Buvibs2iNLuEJgqL2.6QXKQenIpZ95RGxdyaDpAoIzkfjsUTO', 0, NULL, NULL, 'user.png', '2019-12-08 00:00:00'),
(214, '陳小紅', '0936315622', 'denvers20040616@hinet.com', '2004-06-16', '', 'denvers17992', '$2y$10$5yvJt6Kfk3KdR4Jto3b0q.vKrURNKMya4eA9ZaN2e8Aj8BLiB2iDW', 0, NULL, NULL, 'user.png', '2018-09-28 00:00:00'),
(215, '謝小白', '0936361171', 'stark19891019@hinet.com', '1989-10-19', '', 'stark36873', '$2y$10$1wadt.Cywa4jGd56qWmjHu5hyS7c8jlW8Rvpp8O8VIV2JLugbkHFS', 0, NULL, NULL, 'user.png', '2015-10-06 00:00:00'),
(216, '朱小綠', '0936871476', 'thor20041205@gmail.com', '2004-12-05', '', 'thor57727', '$2y$10$xEQg/jMCp79MPg14YgkIbO.n5yOrtBvpf67esdEEbIky6J99G/BQu', 0, NULL, NULL, 'user.png', '2021-02-17 00:00:00'),
(217, '謝小白', '0936868873', 'stark19960118@yahoo.com', '1996-01-18', '', 'stark75521', '$2y$10$oshJQFsJWLqM4.pz.rBbou06Od5RhB.aJYUX2hmnXi7/uqryxCJvG', 0, NULL, NULL, 'user.png', '2017-10-10 00:00:00'),
(218, '陳小綠', '0936617724', 'rogers19871027@hinet.com', '1987-10-27', '', 'rogers70525', '$2y$10$3Nu/w7KLbewqyhYIG9CRyOpZP8HFswwTtVeILPgk0r11s.yAN.zbC', 0, NULL, NULL, 'user.png', '2022-05-06 00:00:00'),
(219, '陳小藍', '0936719062', 'strange20050613@hotmail.com', '2005-06-13', '', 'strange75060', '$2y$10$XMthKrnxKTVuH47I8Td1PeULU5DMwA8tp7f6rtFRza/8QozffHpRW', 0, NULL, NULL, 'user.png', '2015-11-26 00:00:00'),
(220, '邱小黑', '0936191474', 'stark19870410@hinet.com', '1987-04-10', '', 'stark76864', '$2y$10$raE6QWVibrQlfJ.sqKsC.uQZMAFDF6ah.u8xPPlZWGNWqW7bueUru', 0, NULL, NULL, 'user.png', '2016-06-04 00:00:00'),
(221, '王小藍', '0936781976', 'stark19990218@gmail.com', '1999-02-18', '', 'stark95443', '$2y$10$s8/DRldgCS8wOsaWU9OpSOdI/wmKfkyekEw7wTJ4DrzO/Qs0DKQI6', 0, NULL, NULL, 'user.png', '2020-01-24 00:00:00'),
(222, '李小白', '0936658032', 'rogers19840314@hinet.com', '1984-03-14', '', 'rogers69292', '$2y$10$NUjEthEGIIiBiRo4rY7VT.sSMi1aVEFcZbrSGwKLO2hJ48jSeuwMi', 0, NULL, NULL, 'user.png', '2017-05-08 00:00:00'),
(223, '陳小黑', '0936795481', 'strange19951027@gmail.com', '1995-10-27', '', 'strange45715', '$2y$10$2Fs6X9OcE93MLT3R7J0bmee2ZBW6jwru2aPIyemEo9rh0dEYQD7O2', 0, NULL, NULL, 'user.png', '2020-10-04 00:00:00'),
(224, '朱小綠', '0936958649', 'thor20000128@gmail.com', '2000-01-28', '', 'thor41946', '$2y$10$lDgQMdbv8HfV7Tz1pY8tkO5wamidicKS4izhBb1pHhmvk4mEf0muG', 0, NULL, NULL, 'user.png', '2020-10-24 00:00:00'),
(225, '朱小紅', '0936907902', 'rogers19851218@hinet.com', '1985-12-18', '', 'rogers63258', '$2y$10$8YRljiiX4VdER7AP2xzP/u8BxeUwYc6d4aiOJzl34lP96D/68wAV6', 0, NULL, NULL, 'user.png', '2019-04-19 00:00:00'),
(226, '陳小藍', '0936457977', 'wonda19970108@hotmail.com', '1997-01-08', '', 'wonda18899', '$2y$10$z9HziO/SoQnePtHCEDwTXuh4.VkK3ePOSXu9mnijLuztSSjSwDl/e', 0, NULL, NULL, 'user.png', '2020-10-29 00:00:00'),
(227, '王小紅', '0936610739', 'wonda19811011@gmail.com', '1981-10-11', '', 'wonda93033', '$2y$10$HEHBPzO35PUxPkwvzrAEo.4UCH1pAkkhdxY9/vJB1kjcU18RrJ6B6', 0, NULL, NULL, 'user.png', '2015-04-16 00:00:00'),
(228, '邱小白', '0936498241', 'stark19930804@yahoo.com', '1993-08-04', '', 'stark67102', '$2y$10$019BhSBfxLDY7WlfpjlPoOK6DqFYDH7jhDrQM2C8/IMlCi25K8ZTa', 0, NULL, NULL, 'user.png', '2015-05-01 00:00:00'),
(229, '林小藍', '0936549893', 'strange19830827@hotmail.com', '1983-08-27', '', 'strange15189', '$2y$10$xMI1ltOLVL4JC/llPugQfuKs29Wpk9lXHOyfsBvQmLW2WKgebB7Em', 0, NULL, NULL, 'user.png', '2017-08-08 00:00:00'),
(230, '高小黑', '0936265852', 'strange20030829@hinet.com', '2003-08-29', '', 'strange37708', '$2y$10$tgxHL.Bjt291q5NgLw9BwOpQ.I0ufCuwoi9cMqkAOLeJ1uQxZ9UAC', 0, NULL, NULL, 'user.png', '2015-05-09 00:00:00'),
(231, '黃小白', '0936511417', 'denvers19960624@hinet.com', '1996-06-24', '', 'denvers99705', '$2y$10$MWwPwkqw0xNUyG8soyuWguaG090hW9jpAxasb4Ib0GZVcOW.9bk8y', 0, NULL, NULL, 'user.png', '2019-01-25 00:00:00'),
(232, '朱小綠', '0936588459', 'strange19890901@yahoo.com', '1989-09-01', '', 'strange62564', '$2y$10$X9Px5XJ.8aU7PGo46s4zMOTIj6vei4yqvMAtXKvwAXra5D9eeH7sq', 0, NULL, NULL, 'user.png', '2015-08-04 00:00:00'),
(233, '陳小綠', '0936166811', 'strange19800212@hinet.com', '1980-02-12', '', 'strange83090', '$2y$10$Igp6q6Vk4jXG7xKNh7t3y.xTv3AoeRGiO2DsB/UX5UY.Rtvth99M.', 0, NULL, NULL, 'user.png', '2020-08-18 00:00:00'),
(234, '黃小紅', '0936297360', 'denvers20020723@hotmail.com', '2002-07-23', '', 'denvers27413', '$2y$10$tET/1p8W3Reen2cxah4FqepK75NJTy78.McFyZDNFHV/a.TRihk5y', 0, NULL, NULL, 'user.png', '2018-07-30 00:00:00'),
(235, '朱小黑', '0936466358', 'denvers20031115@yahoo.com', '2003-11-15', '', 'denvers83842', '$2y$10$DvqgnnpVdSu5srElyEiwJel1eB5niV6C5.RRGEkmCFsNuCtuo.ezm', 0, NULL, NULL, 'user.png', '2017-05-07 00:00:00'),
(236, '林小白', '0936153499', 'stark19900204@hinet.com', '1990-02-04', '', 'stark45080', '$2y$10$uqBfyr4Ol4WUSb1pD1HJxu.UwGULMYQigTUEV.LeOm3xhAqbZZk82', 0, NULL, NULL, 'user.png', '2019-10-15 00:00:00'),
(237, '謝小白', '0936166397', 'loki20030827@hinet.com', '2003-08-27', '', 'loki19265', '$2y$10$j/79ZW7Di3J0y5WbkEBJDu0pvhPia0U6W9CzLmERjFi/1ZeKpZIpu', 0, NULL, NULL, 'user.png', '2019-12-15 00:00:00'),
(238, '王小黑', '0936527576', 'strange19890319@gmail.com', '1989-03-19', '', 'strange82858', '$2y$10$v2YkFkH2N.hf7LBYz1Oz3OpW8EvFW0Km0S4qk9is3ElOGQvYMwqyW', 0, NULL, NULL, 'user.png', '2020-01-24 00:00:00'),
(239, '高小綠', '0936377986', 'wonda19920227@hinet.com', '1992-02-27', '', 'wonda14965', '$2y$10$w0HVeGUt5oq1350EcO2xCuYWQDggTPVblzyGMOoHaBAQHVNRaDNV2', 0, NULL, NULL, 'user.png', '2015-08-09 00:00:00'),
(240, '高小綠', '0936551934', 'rogers19800710@hinet.com', '1980-07-10', '', 'rogers60961', '$2y$10$nul4cUxpYmsCBtZJsFBLsOZ.auDTbTICRSshOPY8feL7oLYPXT8jW', 0, NULL, NULL, 'user.png', '2018-07-18 00:00:00'),
(241, '陳小藍', '0936750612', 'rogers19980118@yahoo.com', '1998-01-18', '', 'rogers88718', '$2y$10$bo9IsAcqOYiPTmWI5ZPXz.X/DJqgvyEmVmcEX0aP3y0A7rOMIpyU.', 0, NULL, NULL, 'user.png', '2016-08-31 00:00:00'),
(242, '李小白', '0936363501', 'wonda19911214@yahoo.com', '1991-12-14', '', 'wonda67688', '$2y$10$DuLI55VNJ1kJ44Q45JRLJOdMh.VObOhW1.ZHvySTz9zZ9DKbmjkAu', 0, NULL, NULL, 'user.png', '2017-09-18 00:00:00'),
(243, '邱小紅', '0936160235', 'denvers20010302@hotmail.com', '2001-03-02', '', 'denvers15013', '$2y$10$vCx1XqhW9q1T196ljECS.epAbWmDw5ROF/tZutZLmf42QJl9i6Yv2', 0, NULL, NULL, 'user.png', '2021-07-28 00:00:00'),
(244, '陳小黑', '0936390651', 'denvers19891101@hinet.com', '1989-11-01', '', 'denvers72872', '$2y$10$vtAxNXMAJ0pA17IeSwUX4O7k9h9NXQfRHtZM8hMSTuP.L98BWwRle', 0, NULL, NULL, 'user.png', '2015-06-25 00:00:00'),
(245, '林小綠', '0936199133', 'jane19901218@hinet.com', '1990-12-18', '', 'jane64652', '$2y$10$AiLEfW7o9rHETbKN7T1QmOBjNyVgLe1Jz5kk1ROmicRrVm3CBYzsi', 0, NULL, NULL, 'user.png', '2018-08-31 00:00:00'),
(246, '王小綠', '0936563861', 'jane19861220@hotmail.com', '1986-12-20', '', 'jane19468', '$2y$10$bw8UPpBvpeV5tDoxoJBmb.FEqkyx5Rar.J2j1OVXVHH5tIWVEKJG6', 0, NULL, NULL, 'user.png', '2017-09-13 00:00:00'),
(247, '謝小黑', '0936391591', 'stark19910718@hotmail.com', '1991-07-18', '', 'stark53873', '$2y$10$UqJYh//.7YP7HzbfXy2BA.Ff9ciQqSVqwjGKBZ4DPUrZDJ.0QVWKC', 0, NULL, NULL, 'user.png', '2020-07-17 00:00:00'),
(248, '王小白', '0936233876', 'jane19900907@yahoo.com', '1990-09-07', '', 'jane74992', '$2y$10$Zq5zYsb.VmoL4poM3F4qs.saRC0367Fly4XkXspfceO0qEE8nA9gS', 0, NULL, NULL, 'user.png', '2016-07-12 00:00:00'),
(249, '林小白', '0936108782', 'thor19901016@yahoo.com', '1990-10-16', '', 'thor23702', '$2y$10$u42U/MUVVHeJ4miOHMOP3effrFTmDijlXp5U9sIdnCBTjTY2qHZEO', 0, NULL, NULL, 'user.png', '2015-03-11 00:00:00');
INSERT INTO `customer_data` (`customer_id`, `name`, `mobile`, `email`, `birthday`, `address`, `account`, `password`, `daily_points`, `nickname`, `intro`, `profile_img`, `creat_at`) VALUES
(250, '王小綠', '0936359709', 'strange20010716@yahoo.com', '2001-07-16', '', 'strange36177', '$2y$10$j5c58raa8b6POvjeg/ui3uYKsESBBeWJkUqeNV1L5oupXKvjFMQKO', 0, NULL, NULL, 'user.png', '2015-10-11 00:00:00'),
(251, '李小白', '0936348785', 'denvers19920911@hotmail.com', '1992-09-11', '', 'denvers55464', '$2y$10$0SR.1uFVDKBpikNWvwwYpuQUgt8kjNdgHe/XsqtMjw3Iun12Dg74O', 0, NULL, NULL, 'user.png', '2019-05-17 00:00:00'),
(252, '朱小紅', '0936854940', 'stark19900112@gmail.com', '1990-01-12', '', 'stark53585', '$2y$10$CMIzVQjq/dXMVmuxUmnY2OI16R5Z2pVlBSR6w8QV58FPXRapbeF3O', 0, NULL, NULL, 'user.png', '2019-07-06 00:00:00'),
(253, '黃小白', '0936329764', 'stark19860612@hotmail.com', '1986-06-12', '', 'stark84597', '$2y$10$RwaYArgxh6jAWskt9/lRMODOhX/WqxZtwRMPtltdAwsOSX508mL5S', 0, NULL, NULL, 'user.png', '2017-04-23 00:00:00'),
(254, '王小藍', '0936395920', 'denvers19830807@hotmail.com', '1983-08-07', '', 'denvers40760', '$2y$10$V0ylkqK1ctHi6RMVCnBGvO/aRv7b4FhWVmK1qDWJiOvEHAJcwtG2m', 0, NULL, NULL, 'user.png', '2018-05-20 00:00:00'),
(255, '謝小藍', '0936415281', 'stark20050122@yahoo.com', '2005-01-22', '', 'stark50159', '$2y$10$3zmdkn.A8aYL7r8UEWJyl.PgEMp2.0iyWfOAkEVuVGaKiWW5FsGZC', 0, NULL, NULL, 'user.png', '2015-04-25 00:00:00'),
(256, '謝小紅', '0936983881', 'wonda19831218@yahoo.com', '1983-12-18', '', 'wonda47321', '$2y$10$P8aqj2kStps0oxFGtXcVHu7TrC.y/Fmklku4k62GkUpCkv4c.1Y2e', 0, NULL, NULL, 'user.png', '2021-12-03 00:00:00'),
(257, '謝小綠', '0936984122', 'wonda19860111@yahoo.com', '1986-01-11', '', 'wonda93065', '$2y$10$0r79M7NZoBLWB5tZYLRAk.Tj1MxaIhcyNe8YKe8uFDfwi3MyYz.du', 0, NULL, NULL, 'user.png', '2022-05-19 00:00:00'),
(258, '李小黑', '0936154910', 'wonda19930113@gmail.com', '1993-01-13', '', 'wonda50128', '$2y$10$Cp37JYjruURTRxWw8kTnJegfO8DNpYKtPQWYt5qOkMdq56TzMi4sG', 0, NULL, NULL, 'user.png', '2017-10-01 00:00:00'),
(259, '黃小綠', '0936693408', 'denvers19860723@hotmail.com', '1986-07-23', '', 'denvers27219', '$2y$10$AwqBW2ZWWKoou38kGAs2i.knkGPP5xk.xG1bAnxubRMQ/nrG2LArS', 0, NULL, NULL, 'user.png', '2017-06-04 00:00:00'),
(260, '謝小白', '0936775623', 'loki19810811@gmail.com', '1981-08-11', '', 'loki41641', '$2y$10$zoD2X0yCG1M2gFot1TNZJO7MP/eOLhqn9N33A13tcJGbfaIVE6G3C', 0, NULL, NULL, 'user.png', '2020-11-23 00:00:00'),
(261, '謝小藍', '0936519610', 'loki19950825@hotmail.com', '1995-08-25', '', 'loki52135', '$2y$10$YftspsGX5iStAs0YOwiNQOi0D3KmuM4LDGnQxpsjMJvtkVxJFsmX2', 0, NULL, NULL, 'user.png', '2015-02-14 00:00:00'),
(262, '林小白', '0936134010', 'strange19970509@hotmail.com', '1997-05-09', '', 'strange52427', '$2y$10$/EguiorzTEfwDTvqbVkHg.he47AaMooH9SVmmooTQDTiswNAS4FX6', 0, NULL, NULL, 'user.png', '2021-08-22 00:00:00'),
(263, '林小藍', '0936676707', 'strange19991130@hinet.com', '1999-11-30', '', 'strange12729', '$2y$10$cTDpkfnhEHCs.ygWnBZTrOfnDN7swxhcHLZiZzLFfErpB6mJKq5aq', 0, NULL, NULL, 'user.png', '2020-07-26 00:00:00'),
(264, '朱小綠', '0936312499', 'strange19960323@yahoo.com', '1996-03-23', '', 'strange11538', '$2y$10$uM344pqaotkLzopR/PD1yufjpwkOY/mabeOZdvEc8Jb1psTf92rSm', 0, NULL, NULL, 'user.png', '2021-04-30 00:00:00'),
(265, '陳小黑', '0936751667', 'wonda19870122@gmail.com', '1987-01-22', '', 'wonda35421', '$2y$10$u3.D7/392jtAM9SxcYrmBuUv/NK4FEP7Q2gG4LPrZN7MdSyiTZSP.', 0, NULL, NULL, 'user.png', '2020-08-07 00:00:00'),
(266, '李小藍', '0936889448', 'rogers19810919@hotmail.com', '1981-09-19', '', 'rogers53379', '$2y$10$l2YeQ4Au81HEGAJrisnZGO2tXKa4DLP.qKHfk6atFUsI6nTmNtPLu', 0, NULL, NULL, 'user.png', '2020-09-01 00:00:00'),
(267, '高小白', '0936561081', 'denvers19840630@hotmail.com', '1984-06-30', '', 'denvers82530', '$2y$10$0Y7EpWDOZ.yjUNxT13VgSeH51exiK94aRQzx7s6.03EF6YIRhld8W', 0, NULL, NULL, 'user.png', '2021-11-08 00:00:00'),
(268, '朱小綠', '0936914659', 'rogers20020804@hinet.com', '2002-08-04', '', 'rogers35425', '$2y$10$rhRJfKB9YQI6uB1AjqRW4uLJV2kOUAj.79dHvE../HVLkZ8.pgl0e', 0, NULL, NULL, 'user.png', '2019-11-29 00:00:00'),
(269, '謝小藍', '0936230383', 'jane20050403@hotmail.com', '2005-04-03', '', 'jane44774', '$2y$10$ks5SMjFsNheACq52dZsMxOGLda.HYt49q10cjSZLGl6ojSBMDjZXy', 0, NULL, NULL, 'user.png', '2017-12-08 00:00:00'),
(270, '謝小黑', '0936566153', 'loki20021025@hotmail.com', '2002-10-25', '', 'loki12921', '$2y$10$1TCJ9DOiKvHyVo9TGz01/Osui8gm5rSgaNqlym/.IrYwAAQBzFrBm', 0, NULL, NULL, 'user.png', '2017-07-09 00:00:00'),
(271, '謝小藍', '0936248796', 'thor20050725@yahoo.com', '2005-07-25', '', 'thor21527', '$2y$10$87WDrzRN7BgD80z693Uz8uastlhzc69Hz.R6Xg0d9QVFjwbBd3fg2', 0, NULL, NULL, 'user.png', '2017-09-04 00:00:00'),
(272, '陳小黑', '0936739173', 'jane19800412@yahoo.com', '1980-04-12', '', 'jane22578', '$2y$10$GMmplScTwsHRltLOk3hJo.F3B9dj7U8V.q7M8cPD.UPF7gq.aAdRu', 0, NULL, NULL, 'user.png', '2015-02-28 00:00:00'),
(273, '李小白', '0936829317', 'thor19860117@hotmail.com', '1986-01-17', '', 'thor45057', '$2y$10$sPdOCgnUOK5NNzsZIhHHU.s/zAF2RAw7KZV3I3hqnghvatowDmL9W', 0, NULL, NULL, 'user.png', '2018-04-27 00:00:00'),
(274, '高小綠', '0936456028', 'wonda19921006@gmail.com', '1992-10-06', '', 'wonda14635', '$2y$10$uHt1IOCtQpbJVt06YkhBXezt1eZLpXkNDFmJlG2Y51fhlZyHbdxra', 0, NULL, NULL, 'user.png', '2017-09-02 00:00:00'),
(275, '陳小藍', '0936196921', 'loki19831214@hotmail.com', '1983-12-14', '', 'loki35041', '$2y$10$JvbUxRubhSe/x6Y35DTEFuEV/7Kqrx4IPBSSdX2DmJyhJoIbvSp5a', 0, NULL, NULL, 'user.png', '2021-09-26 00:00:00'),
(276, '林小紅', '0936304974', 'denvers19980829@gmail.com', '1998-08-29', '', 'denvers82439', '$2y$10$6xMA3hGTOn6X504VJ8BVJOd5HKCHYARX8HwFBsmDF/EMYQ1GdO3xK', 0, NULL, NULL, 'user.png', '2022-04-11 00:00:00'),
(277, '林小綠', '0936761954', 'denvers20040421@gmail.com', '2004-04-21', '', 'denvers98465', '$2y$10$3P3ICBOQCt4a4Gugtmb9yu/lnBqyPe/uHgVfu/vz8Tgl5mQOPt2je', 0, NULL, NULL, 'user.png', '2019-01-04 00:00:00'),
(278, '李小綠', '0936570922', 'thor19830317@hinet.com', '1983-03-17', '', 'thor71278', '$2y$10$cPgdpkyBLYyEeoOduZUbFO8RXEMFtJ7kxI0A/Pk6HiJ/TZ8.hTNRa', 0, NULL, NULL, 'user.png', '2020-07-17 00:00:00'),
(279, '林小紅', '0936399520', 'jane19890102@yahoo.com', '1989-01-02', '', 'jane15546', '$2y$10$jqU5j48YiZx3lkEBuueOfO.vO.7xUag5m7pfV3.OE3IIrT5lBbV32', 0, NULL, NULL, 'user.png', '2021-10-17 00:00:00'),
(280, '高小綠', '0936938502', 'wonda19930131@hotmail.com', '1993-01-31', '', 'wonda94184', '$2y$10$KzeUPsMzBwRTJiAisETYY.s5FOwY1/pOAvIx5hn1qQ73V7xd8B9yO', 0, NULL, NULL, 'user.png', '2018-10-22 00:00:00'),
(281, '林小紅', '0936597819', 'stark19830503@gmail.com', '1983-05-03', '', 'stark17998', '$2y$10$O7oiNB9/EXDtSbOLDdQHDOdjv6fl.CSJJ7lHMLIK6UiUhq9bo7Zdq', 0, NULL, NULL, 'user.png', '2020-08-28 00:00:00'),
(282, '朱小藍', '0936471454', 'loki19840806@yahoo.com', '1984-08-06', '', 'loki74701', '$2y$10$Eo9IfREkxHs/mWkAn2/CWeo15HTagIfCsIPImAh/1h73D9VhktHze', 0, NULL, NULL, 'user.png', '2017-06-13 00:00:00'),
(283, '朱小白', '0936231953', 'rogers19891205@yahoo.com', '1989-12-05', '', 'rogers87593', '$2y$10$b9WSUWWaH5BUCZiZu0EzhuQAaqsl1FdGo6WIvZcyGUorIKATNdmYO', 0, NULL, NULL, 'user.png', '2020-06-22 00:00:00'),
(284, '黃小白', '0936845916', 'loki20040403@hotmail.com', '2004-04-03', '', 'loki67354', '$2y$10$GPD3xTmOVBAygg.H69DPQutVtPSrlmgvwE7.uXYQxD.VRtP1g3ZVm', 0, NULL, NULL, 'user.png', '2016-06-13 00:00:00'),
(285, '高小綠', '0936665302', 'wonda19960111@hotmail.com', '1996-01-11', '', 'wonda29148', '$2y$10$C5XkzcVuIJ883XgjjG3Lfe1iwJF0MdlDHe9gtHbrSsl0pIXV0mxpy', 0, NULL, NULL, 'user.png', '2016-05-07 00:00:00'),
(286, '林小紅', '0936568964', 'jane20030607@hotmail.com', '2003-06-07', '', 'jane71112', '$2y$10$8Cb0HGs38Ak8m1u46AxlaeRODzaZptEJFLFLvHeL6zmsT5D7LL3KO', 0, NULL, NULL, 'user.png', '2016-01-03 00:00:00'),
(287, '王小紅', '0936549891', 'rogers20040618@hotmail.com', '2004-06-18', '', 'rogers12458', '$2y$10$gAHN30s39IBVr.H/xBrMAOtV3ZeZSlNPE/TnqYpOHRKHJJTGy1hRi', 0, NULL, NULL, 'user.png', '2019-08-19 00:00:00'),
(288, '謝小黑', '0936921940', 'rogers19891114@hotmail.com', '1989-11-14', '', 'rogers56336', '$2y$10$SrxdRA9o/ZMhKRjXnZd18.RhMRsnUizuXvD0yM75Y7gtvej7H8c86', 0, NULL, NULL, 'user.png', '2015-01-28 00:00:00'),
(289, '邱小白', '0936273416', 'jane19850408@hotmail.com', '1985-04-08', '', 'jane24456', '$2y$10$xguSWnUJFGQZb6lU.B2zS.m/19S1da6gj0P2eiSmWAq8avUIlcDN6', 0, NULL, NULL, 'user.png', '2022-05-29 00:00:00'),
(290, '黃小黑', '0936885418', 'strange19870802@yahoo.com', '1987-08-02', '', 'strange57761', '$2y$10$a2GQcTMDufA39JYdy1GBnOO5cHr5i6FycYkiKRnKvPg9i2aX5jKGC', 0, NULL, NULL, 'user.png', '2018-03-15 00:00:00'),
(291, '李小藍', '0936905862', 'thor19910427@hinet.com', '1991-04-27', '', 'thor32957', '$2y$10$z8JVL23CMDspPtCo8Gpd2u5wTxJ.iJ.TdvRcVHwd02RTjZp/Wc.zG', 0, NULL, NULL, 'user.png', '2020-07-11 00:00:00'),
(292, '李小黑', '0936637424', 'wonda19820110@hinet.com', '1982-01-10', '', 'wonda36084', '$2y$10$6iL2GCwkhdy2miiuGPRsI.ldVoWbBMtYsQ7EeHiYQi2kL7sneMiTu', 0, NULL, NULL, 'user.png', '2015-05-01 00:00:00'),
(293, '李小白', '0936586739', 'jane19991225@gmail.com', '1999-12-25', '', 'jane99829', '$2y$10$kSPIz3t5g0WVjJguAa7trOM0L0l9nlXORJsgMZtb2gdCJ7WKKHFdO', 0, NULL, NULL, 'user.png', '2022-02-22 00:00:00'),
(294, '王小藍', '0936331519', 'wonda19960529@hotmail.com', '1996-05-29', '', 'wonda43752', '$2y$10$0gvuwujDOdOmEP2S1Uy0qOdL9BfX4/p7cTFhbHyGA6fDf7YGOrUf.', 0, NULL, NULL, 'user.png', '2020-03-22 00:00:00'),
(295, '李小白', '0936513722', 'jane19890705@gmail.com', '1989-07-05', '', 'jane53043', '$2y$10$ubS7WtJCFir0nlrotujwYOob4PexzIOra5weITUEZ.tpzLeIND/GC', 0, NULL, NULL, 'user.png', '2020-04-27 00:00:00'),
(296, '謝小綠', '0936408510', 'jane20050810@gmail.com', '2005-08-10', '', 'jane15731', '$2y$10$ASs2EIIKYRBtrkmg1S5oo.UcBFFWztpkZZ.saH8yiZtRuyqZNka1S', 0, NULL, NULL, 'user.png', '2019-05-10 00:00:00'),
(297, '王小黑', '0936122927', 'jane19811219@yahoo.com', '1981-12-19', '', 'jane16272', '$2y$10$SW0Ix/RcxcK2sRILbvBOieZdAzJDruQPkF.cdMaKwmTn2l5FxmUb2', 0, NULL, NULL, 'user.png', '2018-06-02 00:00:00'),
(298, '謝小紅', '0936336050', 'strange19840324@gmail.com', '1984-03-24', '', 'strange96414', '$2y$10$wkfObfovvKsD3cG1bCQ2Mukk4GBw0v.y7.8aTheEL/d9T7tRp/3Va', 0, NULL, NULL, 'user.png', '2021-11-07 00:00:00'),
(299, '邱小綠', '0936446172', 'thor19960818@hotmail.com', '1996-08-18', '', 'thor65549', '$2y$10$be10ZdvO0dJBzM.04jGs7OD95RnkDR53ZWiUTc2pgTPTmgr89xf1C', 0, NULL, NULL, 'user.png', '2016-11-28 00:00:00'),
(300, '王小綠', '0936534845', 'jane19801210@hinet.com', '1980-12-10', '', 'jane48312', '$2y$10$.k5/T6/R3/xDFZDMh0LU0uOHfLb5uUbP9XNlT/ZoscF44WEtcVEzS', 0, NULL, NULL, 'user.png', '2017-01-04 00:00:00'),
(301, '高小黑', '0936105771', 'thor19820415@hinet.com', '1982-04-15', '', 'thor63326', '$2y$10$G6Y5mBSTCUPFwlZeJCaynO5PYh5WTY3qr1JqzkpG7I3IymgFy9aUW', 0, NULL, NULL, 'user.png', '2019-03-06 00:00:00'),
(302, '李小藍', '0936359993', 'wonda19831025@yahoo.com', '1983-10-25', '', 'wonda58892', '$2y$10$LPwzUZjZ4jxYtf4wsFfa..ZiACymfJhKw.RWQ64sYg6S4jNceF6lq', 0, NULL, NULL, 'user.png', '2021-01-01 00:00:00'),
(303, '黃小藍', '0936401000', 'rogers19811011@gmail.com', '1981-10-11', '', 'rogers67843', '$2y$10$CrcB/xIvDMLaYQIFteDBweYOP7a/WvyKE.UpBJ5mQZn7RTILAgiSa', 0, NULL, NULL, 'user.png', '2022-04-05 00:00:00'),
(304, '李小綠', '0936760119', 'thor20020520@hotmail.com', '2002-05-20', '', 'thor29909', '$2y$10$U/2j0tj1GFdX3gVpZR6gW.uSTtM4n1dbtjvY6neXRsQT5JfJXhuXm', 0, NULL, NULL, 'user.png', '2015-12-29 00:00:00'),
(305, '王小紅', '0936789889', 'rogers20011129@hinet.com', '2001-11-29', '', 'rogers91105', '$2y$10$1eer7t.Nbq4dF5pO7M8ZVe5cr2WkK/01md7nwLKL.HBYg/xQ5BgDq', 0, NULL, NULL, 'user.png', '2016-01-03 00:00:00'),
(306, '林小紅', '0936423559', 'rogers20001114@gmail.com', '2000-11-14', '', 'rogers51862', '$2y$10$dPXaRZvm9ONvzsNVzUvisOh50wVrAt1mHQQTPcP4ueiFdc4KBkdHG', 0, NULL, NULL, 'user.png', '2020-09-13 00:00:00'),
(307, '林小白', '0936622466', 'rogers19830521@hinet.com', '1983-05-21', '', 'rogers88057', '$2y$10$dZSYzsWO797wYhgNe5ianehGvdQItKxVVf.UMAHsX8OVTa70lGGfu', 0, NULL, NULL, 'user.png', '2018-02-03 00:00:00'),
(308, '李小白', '0936230624', 'strange19920711@hinet.com', '1992-07-11', '', 'strange27052', '$2y$10$WoIdhxTr6kUuWo/zbaT.R.rzkctXIu5/3AuJXVsVbB.xPugApoy1C', 0, NULL, NULL, 'user.png', '2015-04-11 00:00:00'),
(309, '陳小紅', '0936242652', 'wonda19830414@hinet.com', '1983-04-14', '', 'wonda82667', '$2y$10$IRUrfOgbyyTXIQFr6Ep3HOTKxwiGb2AQMrAL9qZICCxEiIFDe2xGK', 0, NULL, NULL, 'user.png', '2017-01-10 00:00:00'),
(310, '黃小紅', '0936473801', 'wonda19910510@yahoo.com', '1991-05-10', '', 'wonda89635', '$2y$10$EaSIGNRVkiwZypgQt.N5I.mxvv/gC8D1tYHZB6P4DUoYbpba5OEXu', 0, NULL, NULL, 'user.png', '2019-11-05 00:00:00'),
(311, '李小黑', '0936491604', 'stark19930502@hinet.com', '1993-05-02', '', 'stark99057', '$2y$10$mZc29yBp9Ki1mbaMVkLi0u8ZgRlfAODge7HFwnmuMMQZOxfEsNoVS', 0, NULL, NULL, 'user.png', '2022-01-26 00:00:00'),
(312, '王小藍', '0936123577', 'jane20010128@gmail.com', '2001-01-28', '', 'jane83354', '$2y$10$M.nVMmWmGqg4L3bwRn6vHuuZN9CEcFta33ri2BQ1JWf84vRsWHMSu', 0, NULL, NULL, 'user.png', '2016-01-06 00:00:00'),
(313, '高小藍', '0936227356', 'wonda19940329@hotmail.com', '1994-03-29', '', 'wonda19401', '$2y$10$VY1Bk1O1CxRq0y9vaBPTaOZycUtVnONhUNbvWfInHGv3VU9vig6pe', 0, NULL, NULL, 'user.png', '2018-10-22 00:00:00'),
(314, '林小紅', '0936498791', 'wonda19920829@hotmail.com', '1992-08-29', '', 'wonda72278', '$2y$10$GanSxvUXBbf.6QpduWmmTOkSrFK511sp76fXLvtP/Jzrlk3z108hu', 0, NULL, NULL, 'user.png', '2021-03-28 00:00:00'),
(315, '王小白', '0936931106', 'loki20010313@yahoo.com', '2001-03-13', '', 'loki47701', '$2y$10$6OgrQ1OwV7Y.VBy84XCvHe4DIba2/2KHHhDZjxBToIVmLsmT4gJBK', 0, NULL, NULL, 'user.png', '2021-08-15 00:00:00'),
(316, '王小藍', '0936291626', 'wonda19881215@hinet.com', '1988-12-15', '', 'wonda31713', '$2y$10$ZXiWrYgx2mJhT6m0GbB2Q.GjeqrYVNyvC3SdORUZE4dcx05jIC7We', 0, NULL, NULL, 'user.png', '2018-11-08 00:00:00'),
(317, '邱小綠', '0936917100', 'stark19900315@gmail.com', '1990-03-15', '', 'stark45954', '$2y$10$4kFl1hzGdRNvl5qfFuV.teH39I66Kis8cWGYGJndCGWEtRFw/lQny', 0, NULL, NULL, 'user.png', '2021-04-06 00:00:00'),
(318, '邱小黑', '0936342884', 'stark19970119@yahoo.com', '1997-01-19', '', 'stark86315', '$2y$10$SE1KqxaahB8xpQ8U/8gAhe7WuElUfPNODenkoDyzghlRucyxv68OG', 0, NULL, NULL, 'user.png', '2017-08-29 00:00:00'),
(319, '邱小藍', '0936570007', 'strange19850803@hinet.com', '1985-08-03', '', 'strange17296', '$2y$10$6YXtC49hITx40p60.tcJluFf/Oh2kcJGx703Wbx16J/1dHrszYFsW', 0, NULL, NULL, 'user.png', '2016-05-03 00:00:00'),
(320, '王小黑', '0936182199', 'wonda19970807@hotmail.com', '1997-08-07', '', 'wonda61689', '$2y$10$36hvFhxJAjY0iJ5nGN9yGuGOhftRmS3YVdN8VmF8pcDOppwzzoxW6', 0, NULL, NULL, 'user.png', '2021-12-15 00:00:00'),
(321, '朱小白', '0936855500', 'wonda19891208@yahoo.com', '1989-12-08', '', 'wonda54956', '$2y$10$WCu/CkCsgtfVtfS2UNAvFuKhLq7aV/TNNvwPmyX33EtG5.Hs6tLVC', 0, NULL, NULL, 'user.png', '2017-06-06 00:00:00'),
(322, '朱小綠', '0936667922', 'rogers19810406@hinet.com', '1981-04-06', '', 'rogers25205', '$2y$10$ISIhyj1dsujunJidk83iwuVOgeTOJhADbxuLlE7eysKKtzuHpD6ES', 0, NULL, NULL, 'user.png', '2021-09-26 00:00:00'),
(323, '高小白', '0936255043', 'strange19990212@yahoo.com', '1999-02-12', '', 'strange90602', '$2y$10$Ijty0auQzpZI9ZtxIE.NUe8u5oS0w5b0uyEA22Gy3.5ZeKyxu.nwi', 0, NULL, NULL, 'user.png', '2016-08-23 00:00:00'),
(324, '高小綠', '0936208631', 'stark19971213@hinet.com', '1997-12-13', '', 'stark26069', '$2y$10$lHX0dOqgH/qQtyuMSxB26OlxmwQ14yH1OzaqQM6UUO97/OXEA/fGq', 0, NULL, NULL, 'user.png', '2017-10-02 00:00:00'),
(325, '邱小綠', '0936950054', 'stark19990326@gmail.com', '1999-03-26', '', 'stark51245', '$2y$10$itlenofmUyqW7gp0nyuvAegQG8dx3XlfsCDtnLNJvVJvTi/bquAoW', 0, NULL, NULL, 'user.png', '2016-09-13 00:00:00'),
(326, '陳小白', '0936778645', 'wonda19860220@yahoo.com', '1986-02-20', '', 'wonda77756', '$2y$10$TTPF4RjCbEGOHeh6wwZlF.whmPmbWjnz/JoQahwYcRvYrFXiTqqJC', 0, NULL, NULL, 'user.png', '2019-05-27 00:00:00'),
(327, '李小白', '0936203580', 'denvers19990503@gmail.com', '1999-05-03', '', 'denvers12140', '$2y$10$BDk/8w7JzIxJdCyVdO.RY.lPcRPZCN3vwLpQ.fuj8jX80bXH6pkDm', 0, NULL, NULL, 'user.png', '2016-03-18 00:00:00'),
(328, '王小白', '0936113273', 'wonda19930816@hotmail.com', '1993-08-16', '', 'wonda51748', '$2y$10$wtdtLXQnZndPd/DSZ9W5PeHZpbiKD0l/Egl7hkS5HgJljnnOa1ciO', 0, NULL, NULL, 'user.png', '2021-03-10 00:00:00'),
(329, '王小紅', '0936686998', 'thor19990525@hinet.com', '1999-05-25', '', 'thor56007', '$2y$10$WHnIOt0N3BLshx.oHX/hsOlkPyhvZ6emSjAcdPVzJyJhNhi7jg7Ia', 0, NULL, NULL, 'user.png', '2016-10-26 00:00:00'),
(330, '李小黑', '0936245819', 'strange19900912@yahoo.com', '1990-09-12', '', 'strange19622', '$2y$10$CMbvWFA4iTu5IVtP3QtzX..8PtBhqktGP5Fq9l8NdAZuOUzgeZlee', 0, NULL, NULL, 'user.png', '2017-03-13 00:00:00'),
(331, '林小白', '0936301022', 'wonda19850128@yahoo.com', '1985-01-28', '', 'wonda16102', '$2y$10$6jGaYfncX5Jw5icMDtzla.Yj0JXlD2yvtaTgnTFXV9gjMSPKLHoCK', 0, NULL, NULL, 'user.png', '2020-04-24 00:00:00'),
(332, '黃小紅', '0936724791', 'stark19960531@hinet.com', '1996-05-31', '', 'stark85955', '$2y$10$2c1vtSQ7ey2Vx6mL92sUlOouFZZEtwmvOYXtYjijd2ToIdiCaRAFi', 0, NULL, NULL, 'user.png', '2016-10-28 00:00:00'),
(333, '邱小紅', '0936390953', 'jane19880301@gmail.com', '1988-03-01', '', 'jane85291', '$2y$10$3BTaiGSAVLriwhTz1Tqdxeo3bDZG5/FxEoHE05700IDbaHY7aQZny', 0, NULL, NULL, 'user.png', '2018-11-25 00:00:00'),
(334, '邱小藍', '0936205836', 'thor19800910@gmail.com', '1980-09-10', '', 'thor79168', '$2y$10$bz0IX/.66Os88XyoGfraz.ubiE6A7QPafIWg5/CZXxaBwAy5LmgYq', 0, NULL, NULL, 'user.png', '2018-12-12 00:00:00'),
(335, '王小黑', '0936466420', 'denvers20010522@gmail.com', '2001-05-22', '', 'denvers70590', '$2y$10$dLbm46Rtff0O/1.xLkAZT.wyaL9IRw7Bz.A9ZMNLcAxQL4mVTRfrO', 0, NULL, NULL, 'user.png', '2017-06-25 00:00:00'),
(336, '林小藍', '0936916593', 'loki19880913@hotmail.com', '1988-09-13', '', 'loki21251', '$2y$10$Bm2d/BPfrSFd6KedmPF6cuVk92Q14AicUShv3KxCIH6.6VSSmR9Qm', 0, NULL, NULL, 'user.png', '2016-02-11 00:00:00'),
(337, '黃小紅', '0936940106', 'loki19840525@yahoo.com', '1984-05-25', '', 'loki25062', '$2y$10$kUe4ei2GpxO6iNPiZEofMOo6v9/N6vr0ItyrCVR3UUeX.dbAmo7vi', 0, NULL, NULL, 'user.png', '2018-07-27 00:00:00'),
(338, '林小紅', '0936998320', 'stark19960321@yahoo.com', '1996-03-21', '', 'stark49376', '$2y$10$BtIC8y5VYsKD3A8RyHqvo.BQGBPA03Tn2Knl/oa6KDJQLR9Scd2Di', 0, NULL, NULL, 'user.png', '2021-09-02 00:00:00'),
(339, '王小黑', '0936561724', 'thor20050213@hotmail.com', '2005-02-13', '', 'thor63207', '$2y$10$dzCuE5sxWsltp0JKz9Nt4Oc94l4NFE2b8MX09Km.vJKUg3kNqv2rq', 0, NULL, NULL, 'user.png', '2020-10-15 00:00:00'),
(340, '高小黑', '0936846307', 'stark19920626@hinet.com', '1992-06-26', '', 'stark72577', '$2y$10$dbwQm5wmQZ.XKdNAvgu7m.rZSfQQjJFuW6yl55ouhbbgi1p8pXwzC', 0, NULL, NULL, 'user.png', '2019-12-31 00:00:00'),
(341, '高小綠', '0936594090', 'stark19860719@gmail.com', '1986-07-19', '', 'stark58474', '$2y$10$xr.K50INPo/qzv28obTWY.SNIY0xRR31dmX38qOAFOrL6X4.pXU1a', 0, NULL, NULL, 'user.png', '2015-03-14 00:00:00'),
(342, '陳小藍', '0936111557', 'jane19930414@hotmail.com', '1993-04-14', '', 'jane82276', '$2y$10$EmRBwh88IBZYU/Yv94gM3OGoS.O6SPm73W3QHM6pG0DFs952iI6Im', 0, NULL, NULL, 'user.png', '2016-09-08 00:00:00'),
(343, '高小紅', '0936608981', 'wonda20010918@hinet.com', '2001-09-18', '', 'wonda40301', '$2y$10$DFlIpPvABKqdCtqiuYtPOe55cGEYCtb.T60Tt1FVAWwQZtdbfY8M2', 0, NULL, NULL, 'user.png', '2020-09-15 00:00:00'),
(344, '陳小藍', '0936577354', 'jane19890821@gmail.com', '1989-08-21', '', 'jane21071', '$2y$10$Hr9R7b2jdiTKtcx1lBY7LuQM03gqxgCLwILi1k6NsHZWDJr7foV9m', 0, NULL, NULL, 'user.png', '2022-05-21 00:00:00'),
(345, '朱小黑', '0936714749', 'strange19940610@yahoo.com', '1994-06-10', '', 'strange92602', '$2y$10$xzCHN9cBGzdGI/iK/zERi.6m2PfjaM2tx43e5RMrbOZtkqQy9rm/K', 0, NULL, NULL, 'user.png', '2015-01-23 00:00:00'),
(346, '林小白', '0936908866', 'strange19910220@gmail.com', '1991-02-20', '', 'strange72660', '$2y$10$4rWEfns1GUMhNw/52ttCAOJGZJmyRBmJxAFVxMW/0.bKC3aFj/xdG', 0, NULL, NULL, 'user.png', '2019-11-01 00:00:00'),
(347, '高小紅', '0936906478', 'wonda20030916@gmail.com', '2003-09-16', '', 'wonda24475', '$2y$10$ScDhlpLuLX8YpCCejZyl5eGVftdDoxLVr6Emxkh1gwlQObhisGGN6', 0, NULL, NULL, 'user.png', '2021-01-02 00:00:00'),
(348, '邱小綠', '0936647374', 'stark19961011@yahoo.com', '1996-10-11', '', 'stark34942', '$2y$10$5ypaDJIiG2/wkGVf45lwheStlp2r4RFHVOigM2tACajoyeEZmxhOO', 0, NULL, NULL, 'user.png', '2015-05-08 00:00:00'),
(349, '黃小白', '0936689617', 'jane20030505@hotmail.com', '2003-05-05', '', 'jane17362', '$2y$10$ajSFzDw2ENfQY/BYhYdOM.oT3gAvRfu6HfQ24VCCvey91vBwv45PS', 0, NULL, NULL, 'user.png', '2020-02-26 00:00:00'),
(350, '陳小綠', '0936169344', 'denvers19990725@yahoo.com', '1999-07-25', '', 'denvers14624', '$2y$10$L9NPTxnBSxaaFVi8vBDI..X41JIatKDoolO36xu16Ao01jgwcd/UO', 0, NULL, NULL, 'user.png', '2015-05-19 00:00:00'),
(351, '謝小綠', '0936863622', 'rogers20050519@yahoo.com', '2005-05-19', '', 'rogers41305', '$2y$10$xDZNhiymGmMot97C1KCjIOJqBlPjPBNXg6F1rExgcWJsqXvDfBkX.', 0, NULL, NULL, 'user.png', '2016-10-28 00:00:00'),
(352, '謝小黑', '0936940145', 'stark19971206@hotmail.com', '1997-12-06', '', 'stark12085', '$2y$10$egz1r1Mu571r/66.7E5OgORZ8BRfnMm5/aWdDlNY.J3W17mNaK23q', 0, NULL, NULL, 'user.png', '2022-02-07 00:00:00'),
(353, '黃小白', '0936598135', 'loki19910805@yahoo.com', '1991-08-05', '', 'loki32234', '$2y$10$lRVJiEQotfxIMEf8gi45lO0LZAo6NFSlxV1ejxJ74.yfEcBFNdVXm', 0, NULL, NULL, 'user.png', '2015-07-15 00:00:00'),
(354, '黃小白', '0936891443', 'rogers19970519@gmail.com', '1997-05-19', '', 'rogers34207', '$2y$10$qCDLILoYFcwJVjpQNOOiE.4PQqaDcFcWE43z9UDsC5wYg4qyhPTXG', 0, NULL, NULL, 'user.png', '2015-03-12 00:00:00'),
(355, '朱小黑', '0936520869', 'denvers20050416@gmail.com', '2005-04-16', '', 'denvers48799', '$2y$10$5UypC1P898hNrdTTjg8Lzu.BFrUV4d0iEKzobA0SjZu3glkAQMgJW', 0, NULL, NULL, 'user.png', '2021-08-08 00:00:00'),
(356, '邱小白', '0936864825', 'denvers19881023@gmail.com', '1988-10-23', '', 'denvers73474', '$2y$10$qeA4uglYG2F9/1tFpR..Ee3ylEO6CZhe9uv1VJl0tX6eWEt.D0Uiq', 0, NULL, NULL, 'user.png', '2019-04-23 00:00:00'),
(357, '邱小綠', '0936931187', 'thor20040611@yahoo.com', '2004-06-11', '', 'thor57992', '$2y$10$qAHi/itk659pyWohAQ8mb.hsEdH3fesesXdvsX9U9HDpq56IIdka2', 0, NULL, NULL, 'user.png', '2018-04-06 00:00:00'),
(358, '陳小黑', '0936373298', 'jane20040207@hotmail.com', '2004-02-07', '', 'jane20756', '$2y$10$FU695TUoFsJtxLKnW64jyu5spSjEIpl9jiG.kQJQzjUfJs2dRokXC', 0, NULL, NULL, 'user.png', '2019-08-14 00:00:00'),
(359, '高小藍', '0936479716', 'strange19960525@hotmail.com', '1996-05-25', '', 'strange18297', '$2y$10$6AHvXpqhYqruqa1fSvWEp.UYT/a9oECU.MvvOB3HApuoUI4qRlbzq', 0, NULL, NULL, 'user.png', '2019-12-22 00:00:00'),
(360, '邱小紅', '0936825175', 'denvers19801205@hinet.com', '1980-12-05', '', 'denvers13617', '$2y$10$gqlBwvhneSg.nLs1XAaREuF./WBuXUd.yxN80JTJWA/jQgifKIx5i', 0, NULL, NULL, 'user.png', '2018-11-16 00:00:00'),
(361, '高小藍', '0936893319', 'strange19890712@yahoo.com', '1989-07-12', '', 'strange19549', '$2y$10$hdhoNtHI/khMvQD5AHP0KO52mKML1cUQ8Ye4lM5ec8ab6/K2snxbm', 0, NULL, NULL, 'user.png', '2016-01-18 00:00:00'),
(362, '林小黑', '0936597325', 'thor20050331@hotmail.com', '2005-03-31', '', 'thor91363', '$2y$10$yPpv54t.o/ur9pkcpArw5e95U.61oZHt72owIaYcUjWQw7YjUsDfq', 0, NULL, NULL, 'user.png', '2015-08-30 00:00:00'),
(363, '林小藍', '0936197699', 'jane19890223@hotmail.com', '1989-02-23', '', 'jane55876', '$2y$10$nrpNLpsuYwWhkdpKl.ldqusi7ELDSdG9Y0vNaglQSp8dQP04pu.1u', 0, NULL, NULL, 'user.png', '2019-04-03 00:00:00'),
(364, '李小白', '0936946663', 'stark20050205@yahoo.com', '2005-02-05', '', 'stark63277', '$2y$10$ld8Pkfi3DN8b.QB00WdaP.dP8akYQt8p9uMMnm1gAktrkTIrRcVEO', 0, NULL, NULL, 'user.png', '2016-01-30 00:00:00'),
(365, '朱小紅', '0936741083', 'loki19890409@hinet.com', '1989-04-09', '', 'loki89748', '$2y$10$Zl84K8AkcvBi6yil0akGTeJ/PZr6g4xv7oAOzIAiqShHkBM4y/LZm', 0, NULL, NULL, 'user.png', '2017-10-11 00:00:00'),
(366, '陳小黑', '0936613962', 'thor19870619@yahoo.com', '1987-06-19', '', 'thor50545', '$2y$10$P9dqbeQ2HwwJ6JRpsoF1oeiSKNtoO60YsLUHhNQLBn10sFif6v4vO', 0, NULL, NULL, 'user.png', '2016-01-14 00:00:00'),
(367, '謝小藍', '0936316376', 'jane19971017@yahoo.com', '1997-10-17', '', 'jane59566', '$2y$10$c9nso76mqtav/9ktpsJWa.3dbBMPD5Kj0norbjsr5zueJhKy2.M/a', 0, NULL, NULL, 'user.png', '2018-10-23 00:00:00'),
(368, '王小紅', '0936422792', 'wonda20050111@yahoo.com', '2005-01-11', '', 'wonda34569', '$2y$10$924vbTLx67Y/PSz90Xhwk.eeP/JWuYdk6hxBRYK.eJz4HkRH7M/na', 0, NULL, NULL, 'user.png', '2015-10-19 00:00:00'),
(369, '王小綠', '0936395542', 'thor19800910@hotmail.com', '1980-09-10', '', 'thor62521', '$2y$10$5fpYlz0zMgo9r928DL.eO./qvXEwTjlI4TXKbAagl.zI43gWKAwr6', 0, NULL, NULL, 'user.png', '2017-08-23 00:00:00'),
(370, '黃小紅', '0936405093', 'thor20020610@gmail.com', '2002-06-10', '', 'thor68938', '$2y$10$pJbDhFEBdiMaji25Dq7tLuJhQ9ocWk1paWM2BVZelPjMooRmIGkNm', 0, NULL, NULL, 'user.png', '2016-08-20 00:00:00'),
(371, '謝小紅', '0936425681', 'denvers19830811@yahoo.com', '1983-08-11', '', 'denvers45805', '$2y$10$x7fy/7sJ94gZdN19tbknxO2DFoBE/Cie0XM8ATKI8l/sIo6UbsCiK', 0, NULL, NULL, 'user.png', '2015-05-23 00:00:00'),
(372, '高小綠', '0936815986', 'stark20031008@hotmail.com', '2003-10-08', '', 'stark57330', '$2y$10$RU7N.siKtpmtM08IpTB8AOTEQE0ZigeDIRuhy.3uwXyr2e4tKt2CC', 0, NULL, NULL, 'user.png', '2019-08-26 00:00:00'),
(373, '李小白', '0936584219', 'wonda20010309@yahoo.com', '2001-03-09', '', 'wonda25159', '$2y$10$ly4hT8g/ugCLcwxFUNVyQez3nGH6qlRQ4c0NOADsM0bN.MNOtsesW', 0, NULL, NULL, 'user.png', '2017-06-24 00:00:00'),
(374, '黃小白', '0936247416', 'thor20020929@hinet.com', '2002-09-29', '', 'thor52706', '$2y$10$zf64bXtyhRDMf4ubxKW0WePco07BTWwBH9y5AirBANzRgUjd2Jkem', 0, NULL, NULL, 'user.png', '2016-06-11 00:00:00'),
(375, '黃小黑', '0936148602', 'rogers19940506@gmail.com', '1994-05-06', '', 'rogers43400', '$2y$10$a7lpDgvujYxl3vPTvLg1Xed7VOOj/h2nfVpKjHAFEsGtk2vhqwOBC', 0, NULL, NULL, 'user.png', '2020-08-13 00:00:00'),
(376, '謝小白', '0936809613', 'denvers19810120@hinet.com', '1981-01-20', '', 'denvers26584', '$2y$10$i0OekO1D.S7lb9Hgm1ZXne9onivZhazrmM8ojGcVHQSnEngoXGzyi', 0, NULL, NULL, 'user.png', '2016-12-24 00:00:00'),
(377, '邱小黑', '0936866134', 'strange19850527@hinet.com', '1985-05-27', '', 'strange58356', '$2y$10$CYxNy06cQxKIJ5kRoRTQMeBY8IpKqLiQE8bRzEl4T1sfH2TDOpK4O', 0, NULL, NULL, 'user.png', '2016-06-17 00:00:00'),
(378, '王小紅', '0936221712', 'strange19821227@hotmail.com', '1982-12-27', '', 'strange56249', '$2y$10$FzSeAqC7GM4aS.gZ5OTvyOZAqcMQLxI2F/wYJ9uhcxEIVYw4Dhcda', 0, NULL, NULL, 'user.png', '2020-02-28 00:00:00'),
(379, '王小白', '0936906561', 'loki19870617@yahoo.com', '1987-06-17', '', 'loki70615', '$2y$10$q11b.zKIAmHCJWUJlqLNYOn5MfyOFhgasAzhCJ1POByUNZry19V/e', 0, NULL, NULL, 'user.png', '2017-07-03 00:00:00'),
(380, '朱小綠', '0936253895', 'strange20001002@gmail.com', '2000-10-02', '', 'strange16521', '$2y$10$mvs1OGWaOzrThZsg8iAi2eTzwO.fq5T8lgKrJxILlUrjwv4elzbka', 0, NULL, NULL, 'user.png', '2018-01-18 00:00:00'),
(381, '黃小白', '0936138482', 'rogers19870518@hotmail.com', '1987-05-18', '', 'rogers80296', '$2y$10$eAshVBtg2H.37p8Ww/fEoOkyfe2eOgrGzEzJx0zrFDSouuWmUi1W6', 0, NULL, NULL, 'user.png', '2021-04-19 00:00:00'),
(382, '林小黑', '0936750164', 'rogers19840408@gmail.com', '1984-04-08', '', 'rogers31400', '$2y$10$jazC2WD7f7C1uoU6sI7QuOIpcleZZ0W0QVMWw3GGIZ2Ue5rIKCfjO', 0, NULL, NULL, 'user.png', '2018-12-23 00:00:00'),
(383, '朱小白', '0936897776', 'strange19890331@yahoo.com', '1989-03-31', '', 'strange53453', '$2y$10$pSGIzUpmVqlwuJ50GmsfqO1ySUwFPyhOw0jYCh63NbiY302KRh4.G', 0, NULL, NULL, 'user.png', '2017-08-07 00:00:00'),
(384, '高小綠', '0936856238', 'stark20050808@hotmail.com', '2005-08-08', '', 'stark93799', '$2y$10$XPbkzz3lVtCmYypxAkVUJ.vePjdH7dXD4QUKMtA4FQn/4vD5Q1NpW', 0, NULL, NULL, 'user.png', '2017-09-01 00:00:00'),
(385, '謝小綠', '0936269791', 'thor20040420@hotmail.com', '2004-04-20', '', 'thor58941', '$2y$10$Tuyem5Phq6jXFOTR0TNbwOxwgrQJX/6GPJmxdS2dASu48TTbW5mwK', 0, NULL, NULL, 'user.png', '2021-12-30 00:00:00'),
(386, '高小紅', '0936614383', 'thor20000504@yahoo.com', '2000-05-04', '', 'thor10913', '$2y$10$t4NrxWBdQrKBzuneAs9quOT89EEPH8y1m2ZaGtDozwFWBh5mAXqYC', 0, NULL, NULL, 'user.png', '2017-11-03 00:00:00'),
(387, '邱小綠', '0936874968', 'loki19820425@yahoo.com', '1982-04-25', '', 'loki13432', '$2y$10$RN67d4ZkKCBIJ5VrCHHR4eVu8zjbIXd4/UIOEi/6jv.wUCUKJW.a2', 0, NULL, NULL, 'user.png', '2019-09-14 00:00:00'),
(388, '林小黑', '0936438248', 'wonda19801007@yahoo.com', '1980-10-07', '', 'wonda54549', '$2y$10$uEYALVR4Q1ux3xqMxS77Y.CH2Vhcje6pl32IeFfJxekvq.VxB4Px6', 0, NULL, NULL, 'user.png', '2020-11-09 00:00:00'),
(389, '李小白', '0936707899', 'rogers20001019@gmail.com', '2000-10-19', '', 'rogers41280', '$2y$10$idUQNf5yQl6nQdHSGUltqOdZb1bQQGwglSmGPv2SAw8/enWa9Gw6K', 0, NULL, NULL, 'user.png', '2015-08-26 00:00:00'),
(390, '陳小綠', '0936803477', 'thor19931102@yahoo.com', '1993-11-02', '', 'thor70149', '$2y$10$1bsSbKYjAENVAAV/.vWWfeQne2dNfaIwsFiEz89NAzHegxClrZrZy', 0, NULL, NULL, 'user.png', '2017-01-07 00:00:00'),
(391, '朱小紅', '0936392679', 'thor19870307@gmail.com', '1987-03-07', '', 'thor43967', '$2y$10$vni6nXrtxj/q/ZY4iPewruSirJt5TUEOaZi0pdI3BC1NMIEPXkIjq', 0, NULL, NULL, 'user.png', '2020-09-23 00:00:00'),
(392, '王小黑', '0936579438', 'strange19800225@yahoo.com', '1980-02-25', '', 'strange42838', '$2y$10$PETBouDzmKEtt5I4RSM5fe3zDFKAlHVK2uMFvOWnDJ7LlDffeeMdC', 0, NULL, NULL, 'user.png', '2019-04-19 00:00:00'),
(393, '邱小黑', '0936848963', 'denvers19851007@gmail.com', '1985-10-07', '', 'denvers42985', '$2y$10$n34HUnlDMeCRwwnB8O56jepxANk8Ij012qtAA/3p37Ia64ACsfeoO', 0, NULL, NULL, 'user.png', '2016-01-14 00:00:00'),
(394, '林小綠', '0936731265', 'strange19870326@hinet.com', '1987-03-26', '', 'strange61951', '$2y$10$i8Gbd/VvuaGieVYSzL0amO3fLpxcj8QLbAVDarpoTpf9OXCDIS/le', 0, NULL, NULL, 'user.png', '2017-04-27 00:00:00'),
(395, '謝小紅', '0936367950', 'wonda19950616@gmail.com', '1995-06-16', '', 'wonda85103', '$2y$10$/llE.crsO9wyGc.ge4eTxO8B8K7V.a/OvJee8Z64Gm3xPELUHy3XS', 0, NULL, NULL, 'user.png', '2020-06-29 00:00:00'),
(396, '高小黑', '0936730219', 'denvers19951022@hinet.com', '1995-10-22', '', 'denvers36743', '$2y$10$PXn1ZjQB8ygbAgDOitrfdOq.f8Efzg5GdPh6jE7bt8jG28hMzmbNG', 0, NULL, NULL, 'user.png', '2015-08-19 00:00:00'),
(397, '黃小藍', '0936792222', 'rogers19910402@hinet.com', '1991-04-02', '', 'rogers10229', '$2y$10$8MLxcu44PSMWCblXpFVHG.29wADWpdLc52/VctJQ2Y.Uoo6hNvpae', 0, NULL, NULL, 'user.png', '2021-07-26 00:00:00'),
(398, '朱小黑', '0936500770', 'strange19820227@gmail.com', '1982-02-27', '', 'strange77182', '$2y$10$7TosTGi40OiQvck2jLGGD.wCFgrqQpTqCdfPZEeZM3OQNv/xcUswW', 0, NULL, NULL, 'user.png', '2019-01-24 00:00:00'),
(399, '高小黑', '0936620281', 'strange19870111@yahoo.com', '1987-01-11', '', 'strange37473', '$2y$10$2jYh/In9mt39Q3kHNXscueyVSF8rvT25V7G/8YNfNgtQcf5KVL45G', 0, NULL, NULL, 'user.png', '2016-06-15 00:00:00'),
(400, '李小紅', '0936455694', 'loki19820904@gmail.com', '1982-09-04', '', 'loki59876', '$2y$10$VyO7i1yYtdodG9i/kPcZQ.r2y7v/3jFAdTh7nocqlB3hGD.J8QJIS', 0, NULL, NULL, 'user.png', '2016-07-29 00:00:00'),
(401, '邱小藍', '0936299174', 'stark20010210@yahoo.com', '2001-02-10', '', 'stark52796', '$2y$10$7o8SwULdoFtxTVWMr4yaWu2vLGoMmJD4KTNE1udN3x98LIVCNVGsa', 0, NULL, NULL, 'user.png', '2020-01-22 00:00:00'),
(402, '謝小白', '0936350025', 'stark19920824@hinet.com', '1992-08-24', '', 'stark87596', '$2y$10$ooiqNbV3Eop6BS.SX/A41uwBsAjjUC3tp4MI.VMYMIbIKHjxsB2EG', 0, NULL, NULL, 'user.png', '2019-07-23 00:00:00'),
(403, '王小綠', '0936233081', 'thor19970708@hotmail.com', '1997-07-08', '', 'thor24657', '$2y$10$x.SGvB9edXTZXwdoekrpwuDwNoF7X3DsfPXuJGrMWtUpvqNR9sJUS', 0, NULL, NULL, 'user.png', '2019-11-30 00:00:00'),
(404, '王小白', '0936320543', 'stark19840715@yahoo.com', '1984-07-15', '', 'stark13171', '$2y$10$ALwVUZcVxn709K6ldJRfLuUB9pY.LOBMebuS1mXxyvmlfE.ysAC1q', 0, NULL, NULL, 'user.png', '2020-12-29 00:00:00'),
(405, '林小白', '0936671176', 'strange19891015@hotmail.com', '1989-10-15', '', 'strange76630', '$2y$10$CNMKma8ITu/76twvscwrouCHHT5wqFjeOA3Y.xAKW0c3d6/523QZW', 0, NULL, NULL, 'user.png', '2021-08-04 00:00:00'),
(406, '高小黑', '0936843805', 'thor19980611@hinet.com', '1998-06-11', '', 'thor15228', '$2y$10$bTYiWT2/igC/b4ujkP0x8eRo/ilwN3BF.egzj.yiKeVW0phFpVnde', 0, NULL, NULL, 'user.png', '2015-02-16 00:00:00'),
(407, '王小黑', '0936585929', 'rogers19930115@yahoo.com', '1993-01-15', '', 'rogers28209', '$2y$10$CtcGfvs3A4WmE.f/pgnm0ep46lN1Vyb.yE1d38XodFti1enPAm10i', 0, NULL, NULL, 'user.png', '2015-07-20 00:00:00'),
(408, '邱小藍', '0936278247', 'strange19831001@yahoo.com', '1983-10-01', '', 'strange53705', '$2y$10$4UlknXuHat52bJ.6K7ZAXOSEeeTdbX6Ur6Xdksd.Eu2PCQtWuIuuq', 0, NULL, NULL, 'user.png', '2018-02-26 00:00:00'),
(409, '王小白', '0936203804', 'thor19821216@gmail.com', '1982-12-16', '', 'thor92343', '$2y$10$.QtEYvEjteqrabAGDMz6/Oq5mqsc3BKxep2vutONI8qPOrJjVHjvG', 0, NULL, NULL, 'user.png', '2020-11-21 00:00:00'),
(410, '王小白', '0936492034', 'strange19840421@hinet.com', '1984-04-21', '', 'strange28110', '$2y$10$25OyynPsJZYykREJ6xlTs.B7SDaig0l7eLJNRIQwE29FlT0sN7R4a', 0, NULL, NULL, 'user.png', '2018-08-04 00:00:00'),
(411, '王小白', '0936167674', 'denvers19861009@hinet.com', '1986-10-09', '', 'denvers31286', '$2y$10$/kpeFRPy4/aiBNJQZq.TvuT0lpH1pplcY6MZ99I8reCTwN6C1vCMu', 0, NULL, NULL, 'user.png', '2020-03-29 00:00:00'),
(412, '李小紅', '0936496584', 'loki19800127@gmail.com', '1980-01-27', '', 'loki13338', '$2y$10$piFgFa1Y83nDP1fdzuPV/.Awic4fu9hEbYsI4vlvcMgtR50jIpYMW', 0, NULL, NULL, 'user.png', '2021-10-20 00:00:00'),
(413, '朱小黑', '0936517379', 'jane19850918@hotmail.com', '1985-09-18', '', 'jane46343', '$2y$10$ggW20cwU5hntwCneLKAxvuYkeQsWjnkETCHckdXOgK5rLkXKFuYpS', 0, NULL, NULL, 'user.png', '2018-07-30 00:00:00'),
(414, '高小黑', '0936439523', 'strange20020922@hinet.com', '2002-09-22', '', 'strange10497', '$2y$10$y0eAVu/3PNLcGzVfcdKov.7EvRH7ec53AEBwwPLg67Ikrj1x8LYfK', 0, NULL, NULL, 'user.png', '2018-05-26 00:00:00'),
(415, '林小白', '0936571638', 'wonda19880122@yahoo.com', '1988-01-22', '', 'wonda57690', '$2y$10$33rpASvcCz76mM1Dlj9mU.UGTlaqtBc52rXSUjxh37isasyHgvzZC', 0, NULL, NULL, 'user.png', '2018-06-16 00:00:00'),
(416, '朱小紅', '0936609523', 'jane19800108@hinet.com', '1980-01-08', '', 'jane28706', '$2y$10$IwvFU/wSZASMErtrF/g5tOvXY2.8xOgFXGuJLk/07LL2KUf4MSzBi', 0, NULL, NULL, 'user.png', '2016-08-12 00:00:00'),
(417, '邱小黑', '0936351430', 'stark19820523@hinet.com', '1982-05-23', '', 'stark24021', '$2y$10$9EfaC7z1YBgYiY3n2riUzed2EpdVIGhp6hvcajzm1J/KKkUhDPppG', 0, NULL, NULL, 'user.png', '2020-11-29 00:00:00'),
(418, '朱小白', '0936950662', 'rogers19840221@yahoo.com', '1984-02-21', '', 'rogers39462', '$2y$10$LXl9B6aiFRW15idAWG1lkOvf6iUEXyqucICSDWb7kCHmC9Dywmm5e', 0, NULL, NULL, 'user.png', '2015-12-17 00:00:00'),
(419, '謝小紅', '0936518047', 'strange19811106@gmail.com', '1981-11-06', '', 'strange78456', '$2y$10$uKwKHRpJOm1MN7NDHoh2ROjuqgshpuwWXg3jeF62quZtO3bfCKtjm', 0, NULL, NULL, 'user.png', '2020-06-10 00:00:00'),
(420, '陳小白', '0936159648', 'strange20030819@hinet.com', '2003-08-19', '', 'strange39648', '$2y$10$msI8yKvgKOZlH./Ab3ROIeo3iuH8Sjy8gQSJ.Ut6d40CTv7qTRS6q', 0, NULL, NULL, 'user.png', '2016-07-21 00:00:00'),
(421, '王小黑', '0936469739', 'strange20030612@yahoo.com', '2003-06-12', '', 'strange44383', '$2y$10$18pGthAmyhU9VdtxnR6Y0uEVJxBMEknMFFamIrRBqJNixP2QTuNwS', 0, NULL, NULL, 'user.png', '2020-05-21 00:00:00'),
(422, '朱小白', '0936204688', 'jane19830302@hinet.com', '1983-03-02', '', 'jane96887', '$2y$10$kjDCgBQg0cDp.dGZ7wXBh.ztrNKam5zZ.3pPF6/72iDdQ4LY3fub.', 0, NULL, NULL, 'user.png', '2021-11-23 00:00:00'),
(423, '王小黑', '0936402878', 'wonda19960619@yahoo.com', '1996-06-19', '', 'wonda37428', '$2y$10$r/N31hoBOZeHBpGbxBkEoufsfe06o7WCn/f1Hoz7T5NLmBIt./1oW', 0, NULL, NULL, 'user.png', '2019-09-05 00:00:00'),
(424, '陳小綠', '0936138828', 'rogers19830807@yahoo.com', '1983-08-07', '', 'rogers92238', '$2y$10$hLt27rD8L0x8GlxY1EimjeikyGO2VccBlfVQWywkt76zu7R.DfIJa', 0, NULL, NULL, 'user.png', '2019-11-11 00:00:00'),
(425, '李小藍', '0936922664', 'strange19890803@hotmail.com', '1989-08-03', '', 'strange77394', '$2y$10$N7onAIy.r8y7DmG6d2ru.uXm81pwWg9olNZSdGyoGoJVFztK/RynG', 0, NULL, NULL, 'user.png', '2021-11-04 00:00:00'),
(426, '林小黑', '0936710615', 'loki20010922@hinet.com', '2001-09-22', '', 'loki27721', '$2y$10$tqxzMmp3Es8Ejd.7IKKBfOz6btPDxBba96XNW9O4M5ZR08V9TvS6O', 0, NULL, NULL, 'user.png', '2020-01-18 00:00:00'),
(427, '謝小白', '0936714483', 'wonda19950123@yahoo.com', '1995-01-23', '', 'wonda63958', '$2y$10$Q.9xnj9anb72QPumYma4mOZ6SblF9ifFfngBWQzWg.IsJLO.bfO8O', 0, NULL, NULL, 'user.png', '2015-10-25 00:00:00'),
(428, '高小白', '0936945186', 'thor19800812@gmail.com', '1980-08-12', '', 'thor50418', '$2y$10$gbPWOuZDb33J81OxukVhoO0QE01KHvOTVATSCY8a/Dlwt6M/Vt6yS', 0, NULL, NULL, 'user.png', '2019-07-16 00:00:00'),
(429, '謝小黑', '0936657174', 'thor20050818@yahoo.com', '2005-08-18', '', 'thor82913', '$2y$10$CPQpM4RqL.I3s4/71vP85uY7PZi8qcSRUT2sRlxYgU5ZJZuDasoAi', 0, NULL, NULL, 'user.png', '2016-03-17 00:00:00'),
(430, '邱小黑', '0936707585', 'rogers19811016@hinet.com', '1981-10-16', '', 'rogers11165', '$2y$10$b21EioaVXme.R09AQlBGq.RKZutE5/kU9R3F1ghReoOVkHxTaIpgq', 0, NULL, NULL, 'user.png', '2018-10-07 00:00:00'),
(431, '謝小黑', '0936800099', 'strange20050530@yahoo.com', '2005-05-30', '', 'strange74645', '$2y$10$cIXRKAhUCqxlcMsZ9mkHPuyaYo5cOOuzycKZvwOnwgoONJ8vd6c1m', 0, NULL, NULL, 'user.png', '2019-08-12 00:00:00'),
(432, '謝小黑', '0936252057', 'wonda19901023@yahoo.com', '1990-10-23', '', 'wonda65525', '$2y$10$5lcw3JDIgOvOiP4b3gJ2c.pe92EBsS5xUMhndJK90Y8eS2hkPDoCW', 0, NULL, NULL, 'user.png', '2022-03-25 00:00:00'),
(433, '陳小藍', '0936257512', 'rogers19841124@gmail.com', '1984-11-24', '', 'rogers23690', '$2y$10$D3pazDZwBwyzi3kdj3pVteZb1QfoeCkcAwkssz5twEUgl8k/d.Isq', 0, NULL, NULL, 'user.png', '2021-10-01 00:00:00'),
(434, '林小紅', '0936235924', 'stark19810201@gmail.com', '1981-02-01', '', 'stark21636', '$2y$10$mpe3ZrGdmd9U/8Enoz8JUevFOYKF2vxSoY8EgiWw5PM1jdKHdHEaS', 0, NULL, NULL, 'user.png', '2016-11-06 00:00:00'),
(435, '黃小紅', '0936653796', 'rogers19991022@yahoo.com', '1999-10-22', '', 'rogers36999', '$2y$10$kVd8VDUBJAvwGvSJpSBDoeDROSNIKqc2X0jwuHe6sqWZHQMd9oHVe', 0, NULL, NULL, 'user.png', '2021-04-20 00:00:00'),
(436, '謝小藍', '0936537717', 'wonda19801231@gmail.com', '1980-12-31', '', 'wonda19419', '$2y$10$9NBYUdn9QY/so5IPRHgeceuAsKYl2NVTLppeLmgX0kuDASENWVfNy', 0, NULL, NULL, 'user.png', '2019-03-16 00:00:00'),
(437, '李小藍', '0936285926', 'rogers20040811@hotmail.com', '2004-08-11', '', 'rogers48506', '$2y$10$Jdi.dLkX/ZzHI3jzAtfgLuM9Arj9lnu5/59JUZFp5WRDts4j4bl.S', 0, NULL, NULL, 'user.png', '2015-04-14 00:00:00'),
(438, '邱小黑', '0936102113', 'stark19880125@yahoo.com', '1988-01-25', '', 'stark64893', '$2y$10$cttOsquPXDk/L9ISKDMWWeWHoANNk/HBAGIFxVpqT58V4pokQE6ty', 0, NULL, NULL, 'user.png', '2021-03-14 00:00:00'),
(439, '王小紅', '0936117339', 'strange19820723@hinet.com', '1982-07-23', '', 'strange61032', '$2y$10$Qps5Ynhi.LPTT8zd96xFUeTvXLU9GZZPF/gZ3jXuCknSc/.Ezv9Me', 0, NULL, NULL, 'user.png', '2021-06-01 00:00:00'),
(440, '李小紅', '0936443746', 'rogers20040827@hinet.com', '2004-08-27', '', 'rogers43488', '$2y$10$6/MQblTjsHU3MioR2OHyb.3n/wgJkF3QjcdC7oahZ3wSMII4xoXmK', 0, NULL, NULL, 'user.png', '2020-12-18 00:00:00'),
(441, '黃小綠', '0936663404', 'rogers19820510@hinet.com', '1982-05-10', '', 'rogers27648', '$2y$10$kgRDzkbbF5ronp9FIqi.3.Rkd7Qu6Ko7ESR3D32ZYso08W9.fWKsK', 0, NULL, NULL, 'user.png', '2016-07-23 00:00:00'),
(442, '王小藍', '0936198356', 'strange19860729@yahoo.com', '1986-07-29', '', 'strange52237', '$2y$10$rt.rUQc0sp/3TBzjGiy4PuHt3eqAO95EHL4iybP3LAeywHfwXgzV2', 0, NULL, NULL, 'user.png', '2016-08-13 00:00:00'),
(443, '陳小藍', '0936708659', 'rogers19920904@gmail.com', '1992-09-04', '', 'rogers55216', '$2y$10$fi/hXpu5wt85sZWDGiflQerRu19ulfqGuFdq4dcKc6HNz57UR/TOe', 0, NULL, NULL, 'user.png', '2016-10-31 00:00:00'),
(444, '李小白', '0936420002', 'jane19841130@gmail.com', '1984-11-30', '', 'jane16847', '$2y$10$aGks94sYGHMTGc.1oFncoe83pY5qYJ/pc1clz2sKcV739DO8dg62K', 0, NULL, NULL, 'user.png', '2021-01-08 00:00:00'),
(445, '林小藍', '0936971890', 'strange19891003@yahoo.com', '1989-10-03', '', 'strange34407', '$2y$10$ZjteEm8XbwX4ROQqGJ44NOT7igViIxMb31qn0w65bhvcfTh5dkAzG', 0, NULL, NULL, 'user.png', '2022-01-18 00:00:00'),
(446, '李小黑', '0936466457', 'wonda19960901@gmail.com', '1996-09-01', '', 'wonda74307', '$2y$10$hpfBrfycboCoIYgf/0.VfOpKIZlaJnyYED10DpOKuoaWJ5zayCpEG', 0, NULL, NULL, 'user.png', '2020-06-04 00:00:00'),
(447, '邱小黑', '0936168506', 'loki19990320@hotmail.com', '1999-03-20', '', 'loki44307', '$2y$10$w1tfTdKIFwmOy./VaT.dAeIvtawQKgfMMLBf4LjbRxtEoAIxUw7ZK', 0, NULL, NULL, 'user.png', '2022-03-08 00:00:00'),
(448, '邱小黑', '0936454746', 'stark20000413@hinet.com', '2000-04-13', '', 'stark50181', '$2y$10$Hf51OLFLjMbWqnAIT8Cv3ODV9NDjtGoW/13z8iY5BTDGiqMG.ErBa', 0, NULL, NULL, 'user.png', '2020-04-10 00:00:00'),
(449, '陳小白', '0936999897', 'wonda19800401@hotmail.com', '1980-04-01', '', 'wonda54836', '$2y$10$pzeIdlWbdmR/L5TAQ/EHJ.rXo5abhKaCwTMi.7uMVob.vQVP1RDq2', 0, NULL, NULL, 'user.png', '2020-03-01 00:00:00'),
(450, '林小綠', '0936409737', 'wonda19951125@hotmail.com', '1995-11-25', '', 'wonda20850', '$2y$10$nbGCz4Lm85VfCQKiO8I5QeQFUVEiWLNR/RWagfCjrlhQmEVG170eu', 0, NULL, NULL, 'user.png', '2019-11-30 00:00:00'),
(451, '王小綠', '0936712228', 'wonda19800226@hinet.com', '1980-02-26', '', 'wonda82062', '$2y$10$yTZ6ugGoIMT0AXPGflSmeeJ0rzLRMzOtqafI89icyoFXtsztCRPPq', 0, NULL, NULL, 'user.png', '2016-12-05 00:00:00'),
(452, '高小白', '0936370720', 'stark19820109@hotmail.com', '1982-01-09', '', 'stark87747', '$2y$10$J1xHNPbXAPtPBIUQODHLh.ABiwbVBetDAQle0lO.fJF2lJG2a.mWS', 0, NULL, NULL, 'user.png', '2018-03-30 00:00:00'),
(453, '林小白', '0936426470', 'thor20000722@yahoo.com', '2000-07-22', '', 'thor15385', '$2y$10$j/0tHleVxS5X6l4zvzoBJeo0vZj.H1GqgfyzQp1bCWtxQ8b1t86E2', 0, NULL, NULL, 'user.png', '2019-01-15 00:00:00'),
(454, '黃小綠', '0936637318', 'rogers19991001@hinet.com', '1999-10-01', '', 'rogers82976', '$2y$10$gLp8AjO.2Ch8vJeSUL.1J.AUijacMNq6J.8TWuiznXtU777sAmtzq', 0, NULL, NULL, 'user.png', '2021-01-22 00:00:00'),
(455, '黃小白', '0936821717', 'loki19930321@hotmail.com', '1993-03-21', '', 'loki17351', '$2y$10$X8FaTir.eGHpMW/Xz3ZUeOriNsYyGCFWVQHrQK2bJCInluVdULcXe', 0, NULL, NULL, 'user.png', '2017-06-12 00:00:00'),
(456, '朱小綠', '0936263550', 'loki19800806@hinet.com', '1980-08-06', '', 'loki81855', '$2y$10$SnDs8FQgUUBUYeRXjzxdXOTMdoaHKFvolbVIZC9hW2oqPPiboyiK6', 0, NULL, NULL, 'user.png', '2017-05-11 00:00:00'),
(457, '李小藍', '0936724625', 'thor19880408@yahoo.com', '1988-04-08', '', 'thor52826', '$2y$10$.wrV4mzxtw/pTRBFoghTfudpfjBUYLoYqSxNd1wf8M0WdffmD7qmu', 0, NULL, NULL, 'user.png', '2020-11-19 00:00:00'),
(458, '林小黑', '0936724347', 'loki19810409@yahoo.com', '1981-04-09', '', 'loki67286', '$2y$10$jXTXGL711avNkycSeqQgrOtgs1dWagD267voOEYjqCjSZ7Yk63Irq', 0, NULL, NULL, 'user.png', '2017-01-22 00:00:00'),
(459, '黃小黑', '0936687797', 'wonda19860812@hinet.com', '1986-08-12', '', 'wonda22567', '$2y$10$npF2AiPzcrTvnKmyqBiv3OE4VG6ru4rqel.4Dh4ALK4nMB3jd79yG', 0, NULL, NULL, 'user.png', '2021-03-08 00:00:00'),
(460, '朱小白', '0936515974', 'rogers19961218@hotmail.com', '1996-12-18', '', 'rogers17521', '$2y$10$r96HFLX4fj3zolq6ye0OLectUn2F01BFwLhn4Q62C11M8DgTnYuKS', 0, NULL, NULL, 'user.png', '2016-11-04 00:00:00'),
(461, '高小白', '0936908070', 'stark19821013@yahoo.com', '1982-10-13', '', 'stark88394', '$2y$10$jOP45HF8ch28Ni7rFjiaCukLhQQKs7d2xs6vN6rtLt1naVCNjJl5O', 0, NULL, NULL, 'user.png', '2017-11-16 00:00:00'),
(462, '朱小白', '0936300857', 'rogers19990715@yahoo.com', '1999-07-15', '', 'rogers23839', '$2y$10$F.C2rdxSzxEI0GtmLcjto.kSGcNk0CWDzUMjQiTIOUHx4JccibnV.', 0, NULL, NULL, 'user.png', '2019-01-15 00:00:00'),
(463, '黃小藍', '0936217431', 'loki20030113@yahoo.com', '2003-01-13', '', 'loki41411', '$2y$10$Xlg/pe9ZeyF5xCCEUwtmsOvWnwCjZKhsWhzvHBYK6RVz.QQ3CowB2', 0, NULL, NULL, 'user.png', '2016-03-28 00:00:00'),
(464, '李小綠', '0936510670', 'rogers20030312@gmail.com', '2003-03-12', '', 'rogers17260', '$2y$10$b18CBJG5et7O3OFn7L5lrOhW.W2a36uClsY2AIegrH/D1IOKWJbeW', 0, NULL, NULL, 'user.png', '2021-06-25 00:00:00'),
(465, '黃小白', '0936708607', 'denvers19920419@hotmail.com', '1992-04-19', '', 'denvers59092', '$2y$10$/eRhdgi8jcFYSdmdS1veJeN53JUbDOAtvRNY12W26dSSFgP6GpYoS', 0, NULL, NULL, 'user.png', '2015-09-13 00:00:00'),
(466, '陳小黑', '0936830889', 'loki20030527@hinet.com', '2003-05-27', '', 'loki70410', '$2y$10$YccehDwIlpDPABu4O5GDPul3ls5h0r5/JjkcS73pDZ1Ztoex1d/0W', 0, NULL, NULL, 'user.png', '2022-01-29 00:00:00'),
(467, '陳小白', '0936794866', 'loki19871002@hinet.com', '1987-10-02', '', 'loki90912', '$2y$10$rlS0esX8Stwp6x.fYrjVaucz0yk9Wit8DQKh9RQaRcYOA5QCpdDsK', 0, NULL, NULL, 'user.png', '2019-12-13 00:00:00'),
(468, '李小黑', '0936870047', 'rogers19800526@yahoo.com', '1980-05-26', '', 'rogers86871', '$2y$10$cSc.BVlpMKwQyqTVkQwmH.h/tZjeRJm19il8M.cLgzFyB45/MseAq', 0, NULL, NULL, 'user.png', '2017-04-12 00:00:00'),
(469, '王小綠', '0936438552', 'thor19921121@hinet.com', '1992-11-21', '', 'thor27096', '$2y$10$BO.n1C/pO9fP/DdztthDauBvfSymXrEYhZ78VjGCH/Pt2k1tAqq8C', 0, NULL, NULL, 'user.png', '2017-11-01 00:00:00'),
(470, '邱小藍', '0936296221', 'jane19910216@gmail.com', '1991-02-16', '', 'jane37424', '$2y$10$7MdAdvwv32d5Imayuekds.dm2AUKAl2Btb3r86iyJ.H/N5pGf8LlK', 0, NULL, NULL, 'user.png', '2021-08-20 00:00:00'),
(471, '高小紅', '0936510830', 'jane19800225@hotmail.com', '1980-02-25', '', 'jane43391', '$2y$10$KhYeA/4HBtwbji3aLDejRul52hOP28OxW5ALiG5auq/2aOUDLpx9i', 0, NULL, NULL, 'user.png', '2017-08-30 00:00:00'),
(472, '王小黑', '0936591803', 'jane19800610@hinet.com', '1980-06-10', '', 'jane36960', '$2y$10$avhtnEUBjHi1uZlsjg5EW.ZFTItCn1/wYfT2MOZw5eqhRbsFvn6Oa', 0, NULL, NULL, 'user.png', '2020-02-25 00:00:00'),
(473, '林小綠', '0936996402', 'loki19951101@hotmail.com', '1995-11-01', '', 'loki34693', '$2y$10$ByNVcJLGg5O0qcAIBgIUf.0YC.tdrf5IR8ttCmQaVNiuSWWbyd8ka', 0, NULL, NULL, 'user.png', '2019-04-14 00:00:00'),
(474, '朱小白', '0936543181', 'loki20000519@hinet.com', '2000-05-19', '', 'loki61522', '$2y$10$df4vFjqkuhw//5a9sD/jVu6b7jGhLJIICg/.dW5856VqWz5AQKeG6', 0, NULL, NULL, 'user.png', '2021-04-12 00:00:00'),
(475, '李小紅', '0936350556', 'jane19880414@hotmail.com', '1988-04-14', '', 'jane17949', '$2y$10$KgWYbWj1yna63ABp5M3/1OfEv75v/K.nKx.pd1r6MgmqO4ZlCRn2i', 0, NULL, NULL, 'user.png', '2022-01-28 00:00:00'),
(476, '陳小綠', '0936392661', 'thor19970702@hotmail.com', '1997-07-02', '', 'thor39072', '$2y$10$AsnQs8.e1xQzMKx52znIOOnkrd/8Ck99uTIwVnj0dFBWn/Ol1XNle', 0, NULL, NULL, 'user.png', '2021-04-20 00:00:00'),
(477, '黃小綠', '0936813632', 'rogers19990209@yahoo.com', '1999-02-09', '', 'rogers92943', '$2y$10$64sABjv3GgfYBuatcGfXNuALRyWVnJNVtAT39f4S/iHUrPQhcFRdC', 0, NULL, NULL, 'user.png', '2017-01-18 00:00:00'),
(478, '邱小黑', '0936706626', 'thor19900501@yahoo.com', '1990-05-01', '', 'thor87793', '$2y$10$MiBy0tUreJ.q6YtEbwU10enwNgTOJznTpnVPWxvMvOKx6SWJ6yFw2', 0, NULL, NULL, 'user.png', '2019-03-12 00:00:00'),
(479, '黃小紅', '0936499764', 'jane20010715@hinet.com', '2001-07-15', '', 'jane24545', '$2y$10$GMsifNTo0r8/VOjIFKoLJewP5mYTewJv4q.xP/v4CGcvnpQSylrny', 0, NULL, NULL, 'user.png', '2016-05-17 00:00:00'),
(480, '黃小綠', '0936304677', 'strange19800110@hinet.com', '1980-01-10', '', 'strange44432', '$2y$10$Zogxlkvnyp1aPhJnAqorRuJpNtntz3OWmlh0qBTeJ7h2XLNaTSlwi', 0, NULL, NULL, 'user.png', '2019-01-03 00:00:00'),
(481, '李小白', '0936795138', 'stark19960813@yahoo.com', '1996-08-13', '', 'stark53137', '$2y$10$B3ReltipIQEVFMMYOPqemOCSKsQCxWQrtr43TsDxhPTTSjSxlx9hq', 0, NULL, NULL, 'user.png', '2016-09-20 00:00:00'),
(482, '高小藍', '0936731584', 'jane19890113@gmail.com', '1989-01-13', '', 'jane61353', '$2y$10$OOJiLeCTHkLY/P128o5rIOetknuz5.c9q1gTxSYUywWpIIWXRdlqm', 0, NULL, NULL, 'user.png', '2016-06-22 00:00:00'),
(483, '朱小綠', '0936989901', 'wonda20020201@yahoo.com', '2002-02-01', '', 'wonda74705', '$2y$10$Reid2ebD3jJIr5UKtRlcl.dn3yVUOYhk/PrPRCwtG3yo.k189Emdi', 0, NULL, NULL, 'user.png', '2015-07-22 00:00:00'),
(484, '邱小紅', '0936600983', 'wonda19930206@gmail.com', '1993-02-06', '', 'wonda21655', '$2y$10$lJZRhZi1aa7MYryv8fNNa.48S0utMDLhA4iDYC3/x/fGq.9fJ36QK', 0, NULL, NULL, 'user.png', '2017-07-20 00:00:00'),
(485, '黃小黑', '0936132696', 'strange19860725@hinet.com', '1986-07-25', '', 'strange56186', '$2y$10$x89SFCdTlSWPhdzKbMnJ2eyCJtnc3/TnbDVRUfOjEFjcg71x5C//m', 0, NULL, NULL, 'user.png', '2020-06-05 00:00:00'),
(486, '黃小綠', '0936134453', 'stark20000627@hotmail.com', '2000-06-27', '', 'stark10803', '$2y$10$LExCV79S1KdOA9yKttamNubVghaev7s4wZiyu2wmhMwHgfTCVp.eW', 0, NULL, NULL, 'user.png', '2017-09-15 00:00:00'),
(487, '朱小紅', '0936877088', 'thor19870504@gmail.com', '1987-05-04', '', 'thor64007', '$2y$10$x0KvHyV/gxzZ2Hk23lAIbuAyVFav/OXLgZlvgCvBONVhMuu2GGRLG', 0, NULL, NULL, 'user.png', '2016-01-23 00:00:00'),
(488, '李小黑', '0936587391', 'strange19860221@gmail.com', '1986-02-21', '', 'strange26079', '$2y$10$wJxQ5alpHr75h9ObuCVj5eDn4bFRtloW8f9KO2REUH/tDdz1MiwCW', 0, NULL, NULL, 'user.png', '2019-01-30 00:00:00'),
(489, '王小藍', '0936884155', 'strange19841219@hotmail.com', '1984-12-19', '', 'strange18894', '$2y$10$1iTppFgRuLkLxX5hzt3dxOZQA22SgMerGMC2Cjv56Pk6ZSo7DtorS', 0, NULL, NULL, 'user.png', '2021-02-14 00:00:00'),
(490, '高小藍', '0936892450', 'denvers19990216@yahoo.com', '1999-02-16', '', 'denvers42423', '$2y$10$zZHme3DmEYQATaNNbCuU5em03v1vxQ.a1CoGL3fes2DeckHSnmsw.', 0, NULL, NULL, 'user.png', '2018-01-24 00:00:00'),
(491, '王小白', '0936110714', 'loki19970406@hinet.com', '1997-04-06', '', 'loki17748', '$2y$10$0ngk6ehTwoG..BaK.wTyl.ckcjcHRzzsXFmtFxOxmY/TCu.JDWJre', 0, NULL, NULL, 'user.png', '2016-10-30 00:00:00'),
(492, '朱小綠', '0936870003', 'loki20000420@yahoo.com', '2000-04-20', '', 'loki97113', '$2y$10$V7Ju4G3vXIYWAOUxg45qcemRS6ieW9tl7mgV4tJ1ziJSy8PWgnutG', 0, NULL, NULL, 'user.png', '2015-05-27 00:00:00'),
(493, '黃小黑', '0936673165', 'jane19810819@hotmail.com', '1981-08-19', '', 'jane49447', '$2y$10$PHJ7etvMjVRoQTTuLiei2.zUj8/0VWXmoCg89LsE78gyKujNiyhqi', 0, NULL, NULL, 'user.png', '2020-05-16 00:00:00'),
(494, '陳小綠', '0936789653', 'jane19810402@yahoo.com', '1981-04-02', '', 'jane27119', '$2y$10$pk14arM2UGtw/vS//13ajua0V8O7iVr9ENk6pe/oOm.PtxA1gI7Ym', 0, NULL, NULL, 'user.png', '2021-11-27 00:00:00'),
(495, '黃小綠', '0936752750', 'rogers19911222@hinet.com', '1991-12-22', '', 'rogers65817', '$2y$10$1gfl.yXoJL8B7b3UXtXCWeIuGRsmXLh891VfgcIcX7dA6QyPE/4ia', 0, NULL, NULL, 'user.png', '2017-10-06 00:00:00'),
(496, '邱小綠', '0936530148', 'wonda19961109@hinet.com', '1996-11-09', '', 'wonda84255', '$2y$10$M8kW8IRg4VvLSz5zMTSxAOBMTKFRNIVH1bKr8qMJOFHsrkNIXFJl.', 0, NULL, NULL, 'user.png', '2019-10-22 00:00:00'),
(497, '邱小藍', '0936919009', 'rogers19890430@hinet.com', '1989-04-30', '', 'rogers65698', '$2y$10$UylZynIOEBuIdwHjI8tOH.AdzC4KrYKY3ugoQUsBA.2QHkdbKyHlS', 0, NULL, NULL, 'user.png', '2015-06-14 00:00:00'),
(498, '黃小藍', '0936480064', 'thor19880224@hotmail.com', '1988-02-24', '', 'thor72846', '$2y$10$3SeaVb9pRslD/k0fxmqxzeH5ofpZRjz6/kSi0v2zMMtDr71CCxrm2', 0, NULL, NULL, 'user.png', '2015-07-29 00:00:00');
INSERT INTO `customer_data` (`customer_id`, `name`, `mobile`, `email`, `birthday`, `address`, `account`, `password`, `daily_points`, `nickname`, `intro`, `profile_img`, `creat_at`) VALUES
(499, '朱小紅', '0936640949', 'stark19841227@yahoo.com', '1984-12-27', '', 'stark63304', '$2y$10$i6mEDsXbhTKWAp1voM6ZM.XtTrl8crnVot2Vn3FI93y81GApOIz4u', 0, NULL, NULL, 'user.png', '2017-06-01 00:00:00'),
(500, '黃小紅', '0936100684', 'stark20051220@gmail.com', '2005-12-20', '', 'stark59417', '$2y$10$A53CE/BrUyqS8T1Q3r4MnOGcw4BeHraqjDjaz7vdOfVn9VT.T0bUK', 0, NULL, NULL, 'user.png', '2015-11-11 00:00:00'),
(501, 'bob', '0912345678', 'test@test.com', '2022-05-07', '', 'bob111111', '77777777777', 0, NULL, NULL, 'user.png', '0000-00-00 00:00:00'),
(502, 'bob', '0912345678', 'test@test.com', '2022-05-26', '', 'bob111111', '$2y$10$LWhKEH2q1QpFrlgvyiw69e5rw0a9Tz7xHULHB9EZKLjKB4sBoM/OS', 0, NULL, NULL, 'user.png', '2022-06-29 10:33:03'),
(503, 'cccccc', '0912345678', 'test@test.com', '2022-05-05', '', 'bob11155555', '$2y$10$wxpX.Hk6rL2ZlkQ.SqzTRe9LrzWMc/5oC1ecJ1bHB/Sf.h.Xc.x2S', 0, NULL, NULL, 'user.png', '2022-05-30 10:43:52'),
(505, 'thor1111333', '0912345678', 'thor@asgard.com', '2021-09-04', '', 'sonofodin', '$2y$10$X0NlOiYl4RClDLwHzXbr..Qdcv2G9HPuOSd1lCGiOPHnk.d8wC.6q', 0, NULL, NULL, 'user.png', '2022-05-31 10:18:42'),
(507, 'bod', '0912345678', 'bob19901224@farmer.com', '2022-05-10', '', '555', '$2y$10$o7tKXB4GNISEdeJyqo77OeyNswtpq25ZOmfrFlIAM/iQNF4VRPdjW', 0, NULL, NULL, 'user.png', '2022-05-31 02:39:45'),
(508, 'loki', '0912345678', 'loki999@asgard.com', '2022-06-17', '', 'lokikilledthor', '$2y$10$7QxMbM7pJhF0R2cDvtbzLOHzBtOQt8v7MhWkv6Mmx932Dvla115PK', 0, NULL, NULL, 'user.png', '2022-06-01 01:44:11'),
(509, 'farmer26', '0912345678', 'farmer26@farmer26.com', '1993-12-17', '', 'farmer26', '$2y$10$4UOXO1J4jCpLa1hywZM/POeLsvy9V8yXbZ0SALCeoyeID03yrhhpi', 0, NULL, NULL, 'user.png', '2022-06-02 10:29:49'),
(510, 'bob', '0912345678', 'bob@test.com', '2022-06-18', '', 'farmer26', '$2y$10$k8LcVKlXD9tFaKv/odsKXO0pAswh7lgNPiDguhUDeORJfwWAWGL/q', 0, NULL, NULL, 'user.png', '2022-06-06 01:55:19'),
(511, 'thor', '0912345678', 'test@test.com', '2022-06-23', '', 'farmer', '$2y$10$0LheGAuQ8IQRsOhBkkQmPuWbU2xMhFAAqIGloFa.HmxRStH/q.egm', 0, NULL, NULL, 'user.png', '2022-06-06 02:47:30'),
(512, 'bob', '0912345678', 'bob@test.com', '2022-06-18', '', 'farmer11', '7c4a8d09ca3762af61e59520943dc26494f8941b', 0, NULL, NULL, 'user.png', '2022-06-06 04:56:41'),
(513, 'bob', '0912345678', 'bob@test.com', '2022-06-18', '', 'farmer11111', '7c4a8d09ca3762af61e59520943dc26494f8941b', 0, NULL, NULL, 'user.png', '2022-06-06 05:11:02'),
(514, '陳柏安', '0912345678', 'test@test.com', '2022-06-24', '', 'farmer26', '1411678a0b9e25ee2f7c8b2f7ac92b6a74b3f9c5', 0, NULL, NULL, 'user.png', '2022-06-07 12:00:09'),
(515, 'bob', '0912345678', 'bob@test.com', '2022-06-09', '', 'farmer26', '5b323595fb95aceca69cd542a1595430249ae694', 0, NULL, NULL, 'user.png', '2022-06-07 12:11:28'),
(516, 'bob', '0912345678', 'bob@test.com', '2022-06-17', '', '1', 'da39a3ee5e6b4b0d3255bfef95601890afd80709', 0, NULL, NULL, 'user.png', '2022-06-07 12:30:03'),
(517, 'bob', '0912345678', 'bob@test.com', '2022-06-17', '', '1', 'da39a3ee5e6b4b0d3255bfef95601890afd80709', 0, NULL, NULL, 'user.png', '2022-06-07 12:31:17'),
(518, 'bob', '0912345678', 'bob@test.com', '2022-06-23', '', '11111a', 'da39a3ee5e6b4b0d3255bfef95601890afd80709', 0, NULL, NULL, 'user.png', '2022-06-07 01:47:24'),
(519, 'bob', '0912345678', 'bob@test.com', '2022-06-18', '', '1111a', 'da39a3ee5e6b4b0d3255bfef95601890afd80709', 0, NULL, NULL, 'user.png', '2022-06-07 01:48:53'),
(520, 'bob', '0912345678', 'bob@test.com', '2022-06-18', '', 'farmer26', '335f86c043d47b15653f4cab7f1c7fdc84908a53', 0, NULL, NULL, 'user.png', '2022-06-07 01:52:13'),
(521, 'bob', '0912345678', 'bob@test.com', '2022-06-02', '', 'farmer26', 'd9ba32f9b0dbd1561607ccab6f998ef6dffe4f6b', 0, NULL, NULL, 'user.png', '2022-06-07 03:06:47'),
(522, 'bob', '0912345678', 'bob@test.com', '2022-06-04', '', 'farmer26', '11111', 0, NULL, NULL, 'user.png', '2022-06-30 11:31:35'),
(523, 'bob', '0912345678', 'bob1234@test.com', '1990-12-24', '台北市北投區石牌路二段', 'bobproj', '$2a$10$vS6h9zvs7HKkDK.dixPVEOh64f9yPLxPtZNFCaZffCUzcbwRTe33G', 0, NULL, NULL, 'user.png', '2022-06-30 11:31:59'),
(524, 'bob', '0912345678', 'bob@test.com', '2022-06-10', '', 'farmer26', '444444', 0, NULL, NULL, 'user.png', '2022-06-30 12:10:44'),
(525, 'bob', '0912345678', 'bob@test.com', '2022-06-02', '', 'farmer26', '11111', 0, NULL, NULL, 'user.png', '2022-06-30 16:15:14'),
(526, NULL, NULL, 'farmer0721@test.com', NULL, NULL, NULL, '123456', 0, NULL, NULL, 'user.png', '2022-07-21 14:44:56'),
(527, NULL, NULL, 'farmer072103@test.com', NULL, NULL, NULL, '$2a$10$tUfcf4wecHtuYehv/zhDwuZCAmQ7WEZN04ddjOiqgqWuuaIbjHzc6', 0, NULL, NULL, 'user.png', '2022-07-21 15:11:09'),
(528, NULL, NULL, 'farmer072104@test.com', NULL, NULL, NULL, '$2a$10$KHHw9flADaGCy691rVuIKOg45DCQf6fSqKpnKy3FK7BBn4u5F3jN.', 0, NULL, NULL, 'user.png', '2022-07-21 15:45:43'),
(529, 'curry', NULL, 'test072201@test.com', NULL, NULL, NULL, '$2a$10$0Jy9fT1mxrlfyvhLcxSXnecXcBVg8FCSP8OAxkANKAMYQccWsIP.O', 0, NULL, NULL, 'user.png', '2022-07-22 17:09:00'),
(530, 'curry', '0911222333', 'test0801@test.com', '1990-01-01', '台北市大安區信義路二段3號', 'curry123', '$2a$10$nAM7rdpdGeyDJqup8s.EHeqFCjsp.EWCMB6iNS8X6qqxOyPaLCRz.', 0, 'wiggins', 'no.22', '800_4ab2d425ac3564b3a5c01c615f5e6130.jpg', '2022-08-01 10:05:10'),
(531, 'curry', NULL, 'test080102@test.com', NULL, NULL, NULL, '$2a$10$1yymSUsyzvmk4UfrVmrAfOKLWfZetXnltwz2hplh2MD87FAlZdyr2', 0, NULL, NULL, 'user.png', '2022-08-01 10:22:02'),
(532, 'curry', NULL, 'test080103@test.com', NULL, NULL, NULL, '$2a$10$mOQXjMnknsDApex5/9HbWeVnO6ZkE0AV9Zi0ALAP/ikisZut7fZmy', 0, NULL, NULL, 'user.png', '2022-08-01 11:25:13'),
(533, 'curry', NULL, 'test0802@test.com', NULL, NULL, NULL, '$2a$10$AZvHe.uJBN9EUC3MuKHwOOgr0L2D6KJDyTKcL2vx5CLjjmw8ntdLK', 0, NULL, NULL, 'user.png', '2022-08-02 10:54:36'),
(534, 'bob', NULL, 'test0804@test.com', NULL, NULL, NULL, '$2a$10$vxcGJ7KMLvW6nux6UKnQe.C9dB56vSc3SZ6iCyaRREVfTkADN8XLO', 0, NULL, NULL, 'user.png', '2022-08-04 22:01:42'),
(535, '123', NULL, 'test0806@test.com', NULL, NULL, NULL, '$2a$10$iJix.Q407S2/8DFN73mgKu2LV78OBm/epBABK6Vq49G3VJSrlfdUG', 0, 'hhhh', '6666', '278290946_10160564997727526_8400477990985691855_n.jpg', '2022-08-06 02:45:39'),
(536, 'farmer', NULL, 'test080601@test.com', NULL, NULL, NULL, '$2a$10$EaMJ0RQ6lqaDJ.d6m8l5YezdAdcPllVDkp28wATCrHrhOx5UIzLF.', 0, 'farmer mfee26', 'best farmer ever', 'jamie-oliver-kitchen.jpg', '2022-08-06 14:59:50');

-- --------------------------------------------------------

--
-- Table structure for table `customized_lunch`
--

CREATE TABLE `customized_lunch` (
  `sid` int(11) NOT NULL,
  `lunch_pic` mediumtext DEFAULT NULL,
  `lunch_name` varchar(255) NOT NULL,
  `lunch_1` varchar(255) NOT NULL,
  `lunch_2` varchar(255) NOT NULL,
  `lunch_3` varchar(255) NOT NULL,
  `lunch_4` varchar(255) NOT NULL,
  `lunch_5` varchar(255) NOT NULL,
  `total_price` int(255) NOT NULL,
  `lunchbox_stock` int(255) NOT NULL,
  `custom_remark` varchar(255) NOT NULL,
  `member_id` int(255) DEFAULT NULL
) ENGINE=InnoDB DEFAULT CHARSET=utf8mb4;

-- --------------------------------------------------------

--
-- Table structure for table `firm`
--

CREATE TABLE `firm` (
  `firm_id` int(11) NOT NULL,
  `type` varchar(255) NOT NULL,
  `tax_id_number` varchar(255) NOT NULL,
  `idcard` varchar(255) NOT NULL,
  `firm_name` varchar(255) NOT NULL,
  `name` varchar(255) NOT NULL,
  `phone` varchar(255) NOT NULL,
  `email` varchar(255) NOT NULL,
  `password` varchar(255) NOT NULL,
  `address` varchar(255) NOT NULL,
  `creat_at` datetime NOT NULL
) ENGINE=InnoDB DEFAULT CHARSET=utf8mb4;

--
-- Dumping data for table `firm`
--

INSERT INTO `firm` (`firm_id`, `type`, `tax_id_number`, `idcard`, `firm_name`, `name`, `phone`, `email`, `password`, `address`, `creat_at`) VALUES
(1, '1', '89147675', 'S177244120', '悠閒の小農', '孫老闆', '0918306113', 'test0@gmail.com', '123456', '花蓮縣', '2022-06-10 01:19:18'),
(2, '2', '28031946', 'M214572110', '輝要無毒菜園', '劉老闆', '0918865041', 'test1@gmail.com', '123456', '台北市', '2022-06-10 01:19:18'),
(3, '3', '00394189', 'N249041980', '福泉林有機蔬菜', '周老闆', '0918772847', 'test2@gmail.com', '123456', '雲林縣', '2022-06-10 01:19:18'),
(4, '4', '75327140', 'S187826520', '福泉林有機蔬菜', '陳老闆', '0918869501', 'test3@gmail.com', '123456', '南投縣', '2022-06-10 01:19:18'),
(5, '4', '21796991', 'k196913940', '立岱有機農園', '王老闆', '0918705273', 'test4@gmail.com', '123456', '台中縣', '2022-06-10 01:19:18'),
(7, '3', '29711879', 'Y196016080', '福泉林有機蔬菜', '王老闆', '0918997174', 'test6@gmail.com', '123456', '花蓮縣', '2022-06-10 01:19:18'),
(8, '4', '79595312', 'T232890710', '輝要無毒菜園', '李老闆', '0918520287', 'test7@gmail.com', '123456', '雲林縣', '2022-06-10 01:19:18'),
(9, '3', '03362357', 'F212471470', '悠閒の小農', '陳老闆', '0918412914', 'test8@gmail.com', '123456', '台北市', '2022-06-10 01:19:18'),
(10, '1', '83544311', 'S277016200', '福泉林有機蔬菜', '王老闆', '0918237030', 'test9@gmail.com', '123456', '台北市', '2022-06-10 01:19:18'),
(11, '2', '57968590', 'P191928470', '悠閒の小農', '趙老闆', '0918571091', 'test10@gmail.com', '123456', '台北市', '2022-06-10 01:19:18'),
(12, '4', '94307728', 'I218920230', '輝要無毒菜園', '劉老闆', '0918909994', 'test11@gmail.com', '123456', '雲林縣', '2022-06-10 01:19:18'),
(13, '3', '90840989', 'X247388640', '立岱有機農園', '陳老闆', '0918104311', 'test12@gmail.com', '123456', '南投縣', '2022-06-10 01:19:18'),
(14, '4', '37794448', 'F241653360', '立岱有機農園', '李老闆', '0918891109', 'test13@gmail.com', '123456', '台北市', '2022-06-10 01:19:18'),
(15, '1', '02071069', 'M162760750', '福泉林有機蔬菜', '楊老闆', '0918665798', 'test14@gmail.com', '123456', '台中縣', '2022-06-10 01:19:18'),
(16, '3', '28368079', 'V151153300', '福泉林有機蔬菜', '陳老闆', '0918344838', 'test15@gmail.com', '123456', '花蓮縣', '2022-06-10 01:19:18'),
(17, '4', '65958275', 'G125264330', '悠閒の小農', '趙老闆', '0918626170', 'test16@gmail.com', '123456', '雲林縣', '2022-06-10 01:19:19'),
(18, '2', '82440394', 'F200468450', '福泉林有機蔬菜', '黃老闆', '0918694325', 'test17@gmail.com', '123456', '台北市', '2022-06-10 01:19:19'),
(19, '1', '68474722', 'M222793900', '福泉林有機蔬菜', '吳老闆', '0918801541', 'test18@gmail.com', '123456', '花蓮縣', '2022-06-10 01:19:19'),
(20, '3', '03369172', 'L144685090', '輝要無毒菜園', '周老闆', '0918593510', 'test19@gmail.com', '123456', '雲林縣', '2022-06-10 01:19:19'),
(21, '4', '94577861', 'A130835250', '福泉林有機蔬菜', '張老闆', '0918810893', 'test20@gmail.com', '123456', '台中縣', '2022-06-10 01:19:19'),
(22, '1', '25684044', 'k244730640', '立岱有機農園', '陳老闆', '0918644379', 'test21@gmail.com', '123456', '花蓮縣', '2022-06-10 01:19:19'),
(23, '1', '77776495', 'O130926010', '福泉林有機蔬菜', '劉老闆', '0918181208', 'test22@gmail.com', '123456', '台中縣', '2022-06-10 01:19:19'),
(24, '4', '82369273', 'Z234495230', '立岱有機農園', '徐老闆', '0918417053', 'test23@gmail.com', '123456', '南投縣', '2022-06-10 01:19:19'),
(25, '4', '95681699', 'V101612960', '輝要無毒菜園', '劉老闆', '0918305303', 'test24@gmail.com', '123456', '花蓮縣', '2022-06-10 01:19:19'),
(26, '1', '74628613', 'U150394660', '立岱有機農園', '王老闆', '0918591862', 'test25@gmail.com', '123456', '台北市', '2022-06-10 01:19:19'),
(27, '2', '93268554', 'M246132070', '輝要無毒菜園', '趙老闆', '0918926398', 'test26@gmail.com', '123456', '花蓮縣', '2022-06-10 01:19:19'),
(28, '3', '37550875', 'J127252260', '悠閒の小農', '王老闆', '0918755806', 'test27@gmail.com', '123456', '南投縣', '2022-06-10 01:19:19'),
(29, '1', '23308826', 'B176566100', '立岱有機農園', '陳老闆', '0918375607', 'test28@gmail.com', '123456', '南投縣', '2022-06-10 01:19:19');

-- --------------------------------------------------------

--
-- Table structure for table `firm_type`
--

CREATE TABLE `firm_type` (
  `firm_type_id` int(11) NOT NULL,
  `firm_type` varchar(255) NOT NULL
) ENGINE=InnoDB DEFAULT CHARSET=utf8mb4;

--
-- Dumping data for table `firm_type`
--

INSERT INTO `firm_type` (`firm_type_id`, `firm_type`) VALUES
(1, '農戶'),
(2, '小型商戶(免用發票)'),
(3, '個人(非公司'),
(4, '法人(公司)');

-- --------------------------------------------------------

--
-- Table structure for table `foodlist`
--

CREATE TABLE `foodlist` (
  `id` int(11) NOT NULL,
  `name` varchar(255) NOT NULL,
  `category` int(11) NOT NULL,
  `image` varchar(255) NOT NULL,
  `price` int(255) NOT NULL
) ENGINE=InnoDB DEFAULT CHARSET=utf8mb4;

--
-- Dumping data for table `foodlist`
--

INSERT INTO `foodlist` (`id`, `name`, `category`, `image`, `price`) VALUES
(1, '白飯', 1, 'images/rice.png', 10),
(2, '宮保雞丁', 2, 'images/chicken.png', 35),
(3, '乾煎鮭魚', 3, 'images/cod.png', 40),
(4, '炒豆苗', 4, 'images/vegtable.png', 15),
(5, '炒花枝', 3, 'images/squid.png', 25),
(6, '煎白帶魚', 3, 'images/Friedwhitehairfish.png', 35),
(7, '炒麵', 1, 'images/noodles.png', 10),
(8, '米粉', 1, 'images/ricenoodles.png', 10),
(9, '螞蟻上樹', 4, 'images/waternoodles.png', 15),
(10, '番茄炒蛋', 4, 'images/tomatoeggs.png', 20),
(11, '炒時蔬', 4, 'images/friedcabbage.png', 15),
(12, '義式雞胸', 2, 'images/grilledchicken.png', 40),
(13, '炸雞腿排', 2, 'images/friedlegsteak.png', 45),
(14, '滷控肉', 2, 'images/controlmeat.png', 45),
(15, '紅燒肉', 2, 'images/redfirepork.png', 40),
(16, '炒竹筍', 4, 'images/bambooshoots.png', 10),
(17, '炸排骨', 2, 'images/friedporkribs.png', 40),
(18, '炸天婦羅', 4, 'images/friedshrimp.png', 30),
(19, '烤鯖魚', 3, 'images/friedfish.png', 30),
(20, '炸豬排', 2, 'images/friedpork.png', 40),
(21, '糙米飯', 1, 'images/brownrice.png', 10),
(22, '荷包蛋', 4, 'images/egg.png', 15),
(23, '烤鰻魚', 3, 'images/eel.png', 65),
(27, '唐揚雞塊', 2, 'images/Chickennuggets.png', 40);

-- --------------------------------------------------------

--
-- Table structure for table `orderlist`
--

CREATE TABLE `orderlist` (
  `order_no` int(255) NOT NULL,
  `customer_id` varchar(255) NOT NULL,
  `order_status` varchar(255) NOT NULL,
  `discount_value` int(50) NOT NULL,
  `product_amount_total` int(11) NOT NULL,
  `created_time` datetime NOT NULL,
  `customer_remark` varchar(255) DEFAULT NULL
) ENGINE=InnoDB DEFAULT CHARSET=utf8mb4;

--
-- Dumping data for table `orderlist`
--

INSERT INTO `orderlist` (`order_no`, `customer_id`, `order_status`, `discount_value`, `product_amount_total`, `created_time`, `customer_remark`) VALUES
(0, '530', '已完成付款', 0, 370, '2022-08-10 15:27:44', '123'),
(1, '501', '訂單成立', 0, 560, '2022-06-02 10:29:35', NULL),
(2, '501', '訂單成立', 0, 560, '2022-06-02 10:30:01', NULL),
(3, '501', '訂單成立', 0, 560, '2022-06-02 10:30:12', NULL),
(4, '501', '訂單成立', 0, 150, '2022-06-02 10:31:51', NULL),
(5, '501', '訂單成立', 0, 3180, '2022-06-02 10:32:26', NULL),
(6, '501', '訂單成立', 0, 910, '2022-06-02 10:44:28', NULL),
(7, '501', '訂單成立', 0, 100, '2022-06-02 10:56:27', NULL),
(8, '501', '訂單成立', 0, 500, '2022-06-02 10:57:29', NULL),
(9, '501', '訂單成立', 0, 1000, '2022-06-02 11:00:25', NULL),
(10, '501', '訂單成立', 0, 650, '2022-06-02 11:03:17', NULL),
(11, '501', '訂單成立', 0, 1000, '2022-06-02 11:04:08', NULL),
(12, '501', '訂單成立', 0, 500, '2022-06-02 11:04:41', NULL),
(13, '501', '訂單成立', 0, 750, '2022-06-02 11:05:19', NULL),
(14, '501', '訂單成立', 0, 400, '2022-06-02 11:06:17', NULL),
(15, '501', '訂單成立', 0, 500, '2022-06-02 11:06:57', NULL),
(16, '501', '訂單成立', 0, 750, '2022-06-02 11:08:15', NULL),
(17, '501', '訂單成立', 0, 600, '2022-06-02 11:09:41', NULL),
(18, '501', '訂單成立', 0, 950, '2022-06-02 13:15:22', NULL),
(19, '501', '訂單成立', 0, 50, '2022-06-02 16:08:56', NULL),
(20, '501', '訂單成立', 0, 1000, '2022-06-02 16:09:56', NULL),
(21, '503', '訂單成立', 0, 1000, '2022-06-06 14:46:04', NULL),
(22, '503', '訂單成立', 0, 500, '2022-06-06 14:46:50', NULL),
(23, '503', '訂單成立', 0, 500, '2022-06-06 14:46:51', NULL),
(24, '503', '訂單成立', 0, 500, '2022-06-06 14:46:52', NULL),
(25, '503', '訂單成立', 0, 500, '2022-06-06 14:48:45', NULL),
(26, '503', '訂單成立', 0, 500, '2022-06-06 14:49:14', NULL),
(27, '503', '訂單成立', 0, 500, '2022-06-06 14:50:14', NULL),
(28, '503', '訂單成立', 0, 500, '2022-06-06 15:13:32', NULL),
(29, '503', '訂單成立', 0, 500, '2022-06-06 15:14:16', NULL),
(30, '503', '訂單成立', 0, 500, '2022-06-06 15:17:53', NULL),
(31, '503', '訂單成立', 0, 500, '2022-06-06 15:18:19', NULL),
(32, '503', '訂單成立', 0, 500, '2022-06-06 15:19:48', NULL),
(33, '503', '訂單成立', 0, 500, '2022-06-06 15:20:37', NULL),
(34, '503', '訂單成立', 0, 500, '2022-06-06 15:21:54', NULL),
(35, '503', '訂單成立', 0, 500, '2022-06-06 15:29:39', NULL),
(36, '503', '訂單成立', 0, 500, '2022-06-06 15:30:03', NULL),
(37, '503', '訂單成立', 0, 1100, '2022-06-06 15:30:37', NULL),
(38, '503', '訂單成立', 0, 1100, '2022-06-06 15:30:40', NULL),
(39, '503', '訂單成立', 0, 1100, '2022-06-06 15:30:43', NULL),
(40, '503', '訂單成立', 0, 1100, '2022-06-06 15:30:53', NULL),
(41, '503', '訂單成立', 0, 1100, '2022-06-06 15:33:17', NULL),
(42, '503', '訂單成立', 0, 1100, '2022-06-06 15:33:24', NULL),
(43, '503', '訂單成立', 0, 1100, '2022-06-06 15:33:29', NULL),
(44, '503', '訂單成立', 0, 1100, '2022-06-06 15:33:32', NULL),
(45, '503', '訂單成立', 0, 1100, '2022-06-06 15:34:00', NULL),
(46, '503', '訂單成立', 0, 1100, '2022-06-06 15:43:16', NULL),
(47, '503', '訂單成立', 0, 1100, '2022-06-06 15:48:37', NULL),
(48, '503', '訂單成立', 0, 1100, '2022-06-06 15:48:56', NULL),
(49, '503', '訂單成立', 0, 1100, '2022-06-06 15:48:57', NULL),
(50, '503', '訂單成立', 0, 1100, '2022-06-06 15:49:29', NULL),
(51, '503', '訂單成立', 0, 1100, '2022-06-06 15:49:36', NULL),
(52, '503', '訂單成立', 0, 1100, '2022-06-06 15:49:50', NULL),
(53, '503', '訂單成立', 0, 1100, '2022-06-06 15:50:09', NULL),
(54, '503', '訂單成立', 0, 1100, '2022-06-06 15:50:29', NULL),
(55, '503', '訂單成立', 0, 1100, '2022-06-06 15:54:03', NULL),
(56, '503', '訂單成立', 0, 1100, '2022-06-06 15:54:22', NULL),
(57, '503', '訂單成立', 0, 1100, '2022-06-06 15:54:47', NULL),
(58, '503', '訂單成立', 0, 1100, '2022-06-06 15:55:50', NULL),
(59, '503', '訂單成立', 0, 1100, '2022-06-06 15:57:26', NULL),
(60, '503', '訂單成立', 0, 1100, '2022-06-06 15:57:39', NULL),
(61, '503', '訂單成立', 0, 1100, '2022-06-06 15:57:47', NULL),
(62, '503', '訂單成立', 0, 1100, '2022-06-06 15:58:19', NULL),
(63, '503', '訂單成立', 0, 1100, '2022-06-06 15:58:38', NULL),
(64, '503', '訂單成立', 0, 1100, '2022-06-06 15:58:56', NULL),
(65, '503', '訂單成立', 0, 1100, '2022-06-06 15:59:45', NULL),
(66, '503', '訂單成立', 0, 1000, '2022-06-06 15:59:59', NULL),
(67, '503', '訂單成立', 0, 500, '2022-06-06 16:11:36', NULL),
(68, '503', '訂單成立', 0, 500, '2022-06-06 16:13:35', NULL),
(69, '503', '訂單成立', 0, 250, '2022-06-06 16:13:51', NULL),
(70, '503', '訂單成立', 0, 50, '2022-06-06 16:24:27', NULL),
(71, '503', '訂單成立', 0, 100, '2022-06-06 16:25:47', NULL),
(72, '503', '訂單成立', 0, 1000, '2022-06-06 16:27:35', NULL),
(73, '503', '訂單成立', 0, 200, '2022-06-06 16:49:30', NULL),
(74, '503', '訂單成立', 0, 50, '2022-06-06 16:52:57', NULL),
(75, '503', '訂單成立', 0, 50, '2022-06-06 16:53:29', NULL),
(76, '505', '訂單成立', 0, 600, '2022-06-07 14:36:29', NULL),
(77, '505', '訂單成立', 0, 600, '2022-06-07 14:37:01', NULL),
(78, '505', '訂單成立', 0, 600, '2022-06-07 14:37:21', NULL),
(79, '505', '訂單成立', 0, 600, '2022-06-07 14:37:44', NULL),
(80, '505', '訂單成立', 0, 600, '2022-06-07 14:50:56', NULL),
(81, '505', '訂單成立', 0, 600, '2022-06-07 14:51:30', NULL),
(82, '505', '訂單成立', 0, 600, '2022-06-07 14:51:36', NULL),
(83, '505', '訂單成立', 0, 600, '2022-06-07 14:51:54', NULL),
(84, '505', '訂單成立', 0, 200, '2022-06-07 14:55:17', NULL),
(85, '505', '訂單成立', 0, 300, '2022-06-07 16:37:42', NULL),
(86, '505', '訂單成立', 0, 300, '2022-06-07 16:37:55', NULL),
(87, '504', '訂單成立', 0, 600, '2022-06-08 08:47:41', NULL),
(88, '504', '訂單成立', 0, 100, '2022-06-08 08:50:56', NULL),
(89, '504', '訂單成立', 0, 25, '2022-06-08 09:07:18', NULL),
(90, '504', '訂單成立', 0, 80, '2022-06-08 09:15:44', NULL),
(91, '504', '訂單成立', 0, 200, '2022-06-08 09:20:31', NULL),
(92, '504', '訂單成立', 0, 80, '2022-06-08 09:21:42', NULL),
(93, '504', '訂單成立', 0, 80, '2022-06-08 09:22:08', NULL),
(94, '504', '訂單成立', 0, 80, '2022-06-08 09:22:28', NULL),
(95, '504', '訂單成立', 0, 80, '2022-06-08 09:23:48', NULL),
(96, '504', '訂單成立', 0, 80, '2022-06-08 09:24:16', NULL),
(97, '504', '訂單成立', 0, 80, '2022-06-08 09:24:47', NULL),
(98, '504', '訂單成立', 0, 80, '2022-06-08 09:25:00', NULL),
(99, '504', '訂單成立', 0, 700, '2022-06-08 09:49:48', NULL),
(100, '504', '訂單成立', 0, 700, '2022-06-08 09:52:08', NULL),
(101, '504', '訂單成立', 0, 700, '2022-06-08 09:52:08', NULL),
(102, '504', '訂單成立', 0, 700, '2022-06-08 09:52:33', NULL),
(103, '504', '訂單成立', 0, 700, '2022-06-08 09:53:35', NULL),
(104, '504', '訂單成立', 0, 700, '2022-06-08 09:53:37', NULL),
(105, '504', '訂單成立', 0, 700, '2022-06-08 09:53:37', NULL),
(106, '504', '訂單成立', 0, 700, '2022-06-08 09:54:01', NULL),
(107, '504', '訂單成立', 0, 700, '2022-06-08 09:56:40', NULL),
(108, '504', '訂單成立', 0, 700, '2022-06-08 09:58:39', NULL),
(109, '504', '訂單成立', 0, 700, '2022-06-08 10:01:36', NULL),
(110, '504', '訂單成立', 0, 700, '2022-06-08 10:01:52', NULL),
(111, '504', '訂單成立', 0, 700, '2022-06-08 10:02:08', NULL),
(112, '504', '訂單成立', 0, 700, '2022-06-08 10:03:13', NULL),
(113, '504', '訂單成立', 0, 500, '2022-06-08 10:03:27', NULL),
(114, '504', '訂單成立', 0, 2140, '2022-06-08 10:05:36', NULL),
(115, '504', '訂單成立', 0, 1280, '2022-06-08 10:07:01', NULL),
(116, '504', '訂單成立', 0, 1060, '2022-06-08 10:08:48', NULL),
(117, '504', '訂單成立', 0, 770, '2022-06-08 10:11:14', NULL),
(118, '504', '訂單成立', 0, 1520, '2022-06-08 11:05:11', NULL),
(119, '504', '訂單成立', 0, 3090, '2022-06-08 11:39:53', NULL),
(120, '504', '訂單成立', 0, 1625, '2022-06-08 15:00:13', NULL),
(121, '504', '訂單成立', 0, 45600, '2022-06-08 15:08:31', NULL),
(122, '504', '訂單成立', 0, 26435, '2022-06-09 10:06:35', NULL),
(123, '504', '訂單成立', 0, 50, '2022-06-09 13:06:49', NULL),
(124, '504', '訂單成立', 0, 500, '2022-06-09 13:13:30', NULL),
(125, '504', '訂單成立', 0, 500, '2022-06-09 13:23:29', NULL),
(126, '504', '訂單成立', 0, 500, '2022-06-09 13:43:30', NULL),
(127, '504', '訂單成立', 0, 500, '2022-06-09 13:49:12', NULL),
(128, '504', '訂單成立', 0, 500, '2022-06-09 13:49:13', NULL),
(129, '504', '訂單成立', 0, 500, '2022-06-09 13:49:41', NULL),
(130, '504', '訂單成立', 0, 500, '2022-06-09 13:51:23', NULL),
(131, '504', '訂單成立', 0, 500, '2022-06-09 13:53:32', NULL),
(132, '504', '訂單成立', 0, 500, '2022-06-09 13:53:53', NULL),
(133, '504', '訂單成立', 0, 500, '2022-06-09 13:54:21', NULL),
(134, '504', '訂單成立', 0, 500, '2022-06-09 13:54:25', NULL),
(135, '504', '訂單成立', 0, 500, '2022-06-09 13:54:48', NULL),
(136, '504', '訂單成立', 0, 500, '2022-06-09 13:54:50', NULL),
(137, '504', '訂單成立', 0, 500, '2022-06-09 13:54:55', NULL),
(138, '504', '訂單成立', 0, 500, '2022-06-09 13:55:00', NULL),
(139, '504', '訂單成立', 0, 500, '2022-06-09 13:58:09', NULL),
(140, '504', '訂單成立', 0, 500, '2022-06-09 13:58:19', NULL),
(141, '504', '訂單成立', 0, 500, '2022-06-09 13:59:11', NULL),
(142, '504', '訂單成立', 0, 500, '2022-06-09 13:59:14', NULL),
(143, '504', '訂單成立', 0, 500, '2022-06-09 13:59:15', NULL),
(144, '504', '訂單成立', 0, 500, '2022-06-09 14:00:05', NULL),
(145, '504', '訂單成立', 0, 500, '2022-06-09 14:00:15', NULL),
(146, '504', '訂單成立', 0, 500, '2022-06-09 14:00:20', NULL),
(147, '504', '訂單成立', 0, 500, '2022-06-09 14:00:32', NULL),
(148, '504', '訂單成立', 0, 500, '2022-06-09 14:01:01', NULL),
(149, '504', '訂單成立', 0, 500, '2022-06-09 14:01:31', NULL),
(150, '504', '訂單成立', 0, 500, '2022-06-09 14:01:42', NULL),
(151, '504', '訂單成立', 0, 500, '2022-06-09 14:01:53', NULL),
(152, '504', '訂單成立', 0, 17750, '2022-06-09 14:03:47', NULL),
(153, '504', '訂單成立', 0, 17750, '2022-06-09 14:04:10', NULL),
(154, '504', '訂單成立', 0, 17750, '2022-06-09 14:08:50', NULL),
(155, '504', '訂單成立', 0, 17750, '2022-06-09 14:09:17', NULL),
(156, '504', '訂單成立', 0, 17750, '2022-06-09 14:11:32', NULL),
(157, '504', '訂單成立', 0, 17750, '2022-06-09 14:13:18', NULL),
(158, '504', '訂單成立', 0, 17750, '2022-06-09 14:17:05', NULL),
(159, '504', '訂單成立', 0, 17750, '2022-06-09 14:17:53', NULL),
(160, '504', '訂單成立', 0, 17750, '2022-06-09 14:20:59', NULL),
(161, '504', '訂單成立', 0, 17750, '2022-06-09 14:24:22', NULL),
(162, '504', '訂單成立', 0, 17750, '2022-06-09 14:26:06', NULL),
(163, '504', '訂單成立', 0, 17750, '2022-06-09 14:26:51', NULL),
(164, '504', '訂單成立', 0, 17750, '2022-06-09 14:27:35', NULL),
(165, '504', '訂單成立', 0, 17750, '2022-06-09 14:27:51', NULL),
(166, '504', '訂單成立', 0, 600, '2022-06-09 14:29:38', NULL),
(167, '504', '訂單成立', 0, 600, '2022-06-09 14:30:04', NULL),
(168, '504', '訂單成立', 0, 600, '2022-06-09 14:30:25', NULL),
(169, '504', '訂單成立', 0, 600, '2022-06-09 14:31:17', NULL),
(170, '504', '訂單成立', 0, 600, '2022-06-09 14:32:48', NULL),
(171, '504', '訂單成立', 0, 600, '2022-06-09 14:33:32', NULL),
(172, '504', '訂單成立', 0, 600, '2022-06-09 14:34:08', NULL),
(173, '504', '訂單成立', 0, 600, '2022-06-09 14:38:58', NULL),
(174, '504', '訂單成立', 0, 600, '2022-06-09 14:41:10', NULL),
(175, '504', '訂單成立', 0, 600, '2022-06-09 14:44:20', NULL),
(176, '504', '訂單成立', 0, 600, '2022-06-09 14:44:39', NULL),
(177, '504', '訂單成立', 0, 600, '2022-06-09 14:44:58', NULL),
(178, '504', '訂單成立', 0, 600, '2022-06-09 14:45:28', NULL),
(179, '504', '訂單成立', 0, 600, '2022-06-09 14:50:34', NULL),
(180, '504', '訂單成立', 0, 600, '2022-06-09 14:52:11', NULL),
(181, '504', '訂單成立', 0, 600, '2022-06-09 14:53:24', NULL),
(182, '504', '訂單成立', 0, 600, '2022-06-09 14:56:24', NULL),
(183, '504', '訂單成立', 0, 600, '2022-06-09 14:57:07', NULL),
(184, '504', '訂單成立', 0, 600, '2022-06-09 14:57:40', NULL),
(185, '504', '訂單成立', 0, 950, '2022-06-09 15:00:23', NULL),
(186, '504', '訂單成立', 0, 200, '2022-06-09 15:02:57', NULL),
(187, '504', '訂單成立', 0, 1580, '2022-06-09 17:21:00', NULL),
(188, '504', '訂單成立', 0, 5000, '2022-06-10 15:51:10', NULL),
(189, '504', '訂單成立', 0, 1350, '2022-06-10 16:39:04', NULL),
(190, '505', '訂單成立', 0, 1000, '2022-06-10 17:43:47', NULL),
(191, '505', '訂單成立', 0, 2740, '2022-06-13 08:32:01', NULL),
(192, '505', '訂單成立', 0, 14630, '2022-06-13 08:52:48', NULL),
(193, '505', '訂單成立', 0, 66700, '2022-06-13 10:49:44', NULL),
(194, '5000', '已完成付款', 0, 1442, '2022-08-03 15:35:48', '2424'),
(195, '5000', '已完成付款', 0, 1442, '2022-08-03 15:40:50', '2424'),
(196, '5000', '已完成付款', 0, 1442, '2022-08-03 15:42:49', '2424'),
(197, '5000', '已完成付款', 0, 1442, '2022-08-03 15:42:59', '2424'),
(198, '5000', '已完成付款', 0, 1442, '2022-08-03 15:43:16', '2424'),
(199, '5000', '已完成付款', 0, 1442, '2022-08-03 15:43:33', '2424'),
(200, '5000', '已完成付款', 0, 1442, '2022-08-03 15:43:55', '2424'),
(201, '5000', '已完成付款', 0, 1442, '2022-08-03 15:45:04', '2424'),
(202, '5000', '已完成付款', 0, 1442, '2022-08-03 15:47:09', '2424'),
(203, '5000', '已完成付款', 0, 1442, '2022-08-03 15:48:57', '2424'),
(204, '5000', '已完成付款', 0, 1442, '2022-08-03 15:49:53', '2424'),
(205, '5000', '已完成付款', 0, 1442, '2022-08-03 15:51:59', '2424'),
(206, '5000', '已完成付款', 0, 1442, '2022-08-03 15:54:13', '2424'),
(207, '5000', '已完成付款', 0, 1442, '2022-08-03 15:54:35', '2424'),
(208, '5000', '已完成付款', 0, 1442, '2022-08-03 15:55:14', '2424'),
(209, '5000', '已完成付款', 0, 1442, '2022-08-03 15:55:46', '2424'),
(210, '5000', '已完成付款', 0, 1442, '2022-08-03 15:56:12', '2424'),
(211, '5000', '已完成付款', 0, 1442, '2022-08-03 15:56:48', '2424'),
(212, '5000', '已完成付款', 0, 1442, '2022-08-03 15:57:08', '2424'),
(213, '5000', '已完成付款', 0, 1442, '2022-08-03 15:57:18', '2424'),
(214, '5000', '已完成付款', 0, 1442, '2022-08-03 15:57:40', '2424'),
(215, '5000', '已完成付款', 0, 1442, '2022-08-03 15:58:50', '2424'),
(216, '5000', '已完成付款', 0, 1442, '2022-08-03 15:59:28', '2424'),
(217, '5000', '已完成付款', 0, 1442, '2022-08-03 16:00:23', '2424'),
(218, '5000', '已完成付款', 0, 1442, '2022-08-03 16:01:02', '2424'),
(219, '5000', '已完成付款', 0, 1442, '2022-08-03 16:01:24', '2424'),
(220, '5000', '已完成付款', 0, 1442, '2022-08-03 16:02:58', '2424'),
(221, '5000', '已完成付款', 0, 1442, '2022-08-03 16:06:07', '2424'),
(222, '5000', '已完成付款', 0, 1442, '2022-08-03 16:06:53', '2424'),
(223, '5000', '已完成付款', 0, 1442, '2022-08-03 16:07:08', '2424'),
(224, '5000', '已完成付款', 0, 1442, '2022-08-03 16:08:44', '2424'),
(225, '5000', '已完成付款', 0, 1442, '2022-08-03 16:09:12', '2424'),
(226, '5000', '已完成付款', 0, 1442, '2022-08-03 16:09:38', '2424'),
(227, '5000', '已完成付款', 0, 1442, '2022-08-03 16:17:43', '2424'),
(228, '123123', '已完成付款', 0, 5000, '2022-08-03 16:19:24', '123'),
(229, '123123', '已完成付款', 0, 5000, '2022-08-03 16:19:53', '123'),
(230, '123123', '已完成付款', 0, 5000, '2022-08-03 16:21:50', '123'),
(231, '123123', '已完成付款', 0, 5000, '2022-08-03 16:22:08', '123'),
(232, '2222', '已完成付款', 0, 24000, '2022-08-03 16:24:10', '123'),
(233, '2222', '已完成付款', 0, 24000, '2022-08-03 16:31:14', '123'),
(234, '2222', '已完成付款', 0, 24000, '2022-08-03 16:31:56', '123'),
(235, '2222', '已完成付款', 0, 24000, '2022-08-03 16:32:40', '123'),
(236, '2222', '已完成付款', 0, 24000, '2022-08-03 16:34:31', '123'),
(237, '1', '已完成付款', 0, 5625, '2022-08-04 08:51:47', '123'),
(238, '1', '已完成付款', 0, 10750, '2022-08-04 09:02:26', '123'),
(239, '1', '已完成付款', 0, 10750, '2022-08-04 09:03:10', '123'),
(240, '1', '已完成付款', 0, 10500, '2022-08-04 09:03:41', '123'),
(241, '1', '已完成付款', 0, 5680, '2022-08-04 09:12:49', '123'),
(242, '1', '已完成付款', 0, 23800, '2022-08-04 09:15:05', '123'),
(243, '1', '已完成付款', 0, 10830, '2022-08-04 09:18:37', '123'),
(244, '1', '已完成付款', 0, 710, '2022-08-04 09:22:07', '123'),
(245, '1', '已完成付款', 0, 9645, '2022-08-04 09:26:23', '123'),
(246, '1', '已完成付款', 0, 16235, '2022-08-04 09:28:17', '123'),
(247, '1', '已完成付款', 0, 0, '2022-08-04 09:28:24', '123'),
(248, '1', '已完成付款', 0, 0, '2022-08-04 09:28:25', '123'),
(249, '1', '已完成付款', 0, 0, '2022-08-04 09:28:25', '123'),
(250, '1', '已完成付款', 0, 0, '2022-08-04 09:28:25', '123'),
(251, '1', '已完成付款', 0, 1030, '2022-08-04 09:32:52', '123'),
(252, '1', '已完成付款', 0, 1200, '2022-08-04 09:33:15', '123'),
(253, '1', '已完成付款', 0, 20400, '2022-08-04 09:38:26', '123'),
(254, '1', '已完成付款', 0, 6840, '2022-08-04 10:58:22', '123'),
(255, '1', '已完成付款', 0, 58500, '2022-08-04 11:00:21', '123'),
(256, '1', '已完成付款', 0, 17000, '2022-08-04 11:00:52', '123'),
(257, '1', '已完成付款', 0, 14580, '2022-08-04 11:01:28', '123'),
(258, '1', '已完成付款', 0, 7500, '2022-08-04 11:04:09', '123'),
(259, '1', '已完成付款', 0, 44400, '2022-08-04 11:06:52', '123'),
(260, '1', '已完成付款', 0, 20250, '2022-08-04 11:44:56', '123'),
(261, '1', '已完成付款', 0, 3370, '2022-08-04 16:17:29', '123'),
(262, '1', '已完成付款', 0, 3090, '2022-08-05 09:47:33', '123'),
(263, '1', '已完成付款', 0, 980, '2022-08-05 09:50:31', '123'),
(264, '1', '已完成付款', 0, 310, '2022-08-05 09:53:58', '123'),
(265, '1', '已完成付款', 0, 2750, '2022-08-05 10:06:00', '123'),
(266, '1', '已完成付款', 0, 1800, '2022-08-05 10:37:08', '123'),
(267, '1', '已完成付款', 0, 840, '2022-08-05 10:39:02', '123'),
(268, '1', '已完成付款', 0, 750, '2022-08-05 10:43:44', '123'),
(269, '530', '已完成付款', 0, 350, '2022-08-05 10:48:30', '123123'),
(270, '530', '已完成付款', 0, 2480, '2022-08-08 12:06:07', ''),
(271, '530', '已完成付款', 0, 6830, '2022-08-08 12:55:50', ''),
(272, '1', '已完成付款', 0, 2680, '2022-08-08 14:45:14', '123'),
(273, '530', '已完成付款', 0, 130, '2022-08-08 14:49:07', ''),
(274, '1', '已完成付款', 0, 850, '2022-08-08 14:49:31', '123'),
(275, '530', '已完成付款', 0, 660, '2022-08-08 14:51:15', '123'),
(276, '530', '已完成付款', 0, 390, '2022-08-08 14:51:30', '123'),
(277, '530', '已完成付款', 0, 1960, '2022-08-09 10:53:27', ''),
(278, '530', '已完成付款', 0, 1440, '2022-08-09 10:53:54', '123'),
(279, '530', '已完成付款', 0, 1675, '2022-08-09 16:55:20', ''),
(280, '530', '已完成付款', 0, 3575, '2022-08-09 17:11:14', '123'),
(281, '530', '已完成付款', 0, 1070, '2022-08-09 17:13:43', '123'),
(282, '530', '已完成付款', 0, 630, '2022-08-09 19:26:53', '123'),
(283, '530', '已完成付款', 0, 580, '2022-08-09 19:35:03', '123'),
(284, '530', '已完成付款', 0, 190, '2022-08-09 19:36:57', '123'),
(285, '530', '已完成付款', 0, 210, '2022-08-09 19:38:19', '123'),
(286, '530', '已完成付款', 0, 640, '2022-08-10 08:29:15', '123'),
(287, '530', '已完成付款', 0, 740, '2022-08-10 08:35:33', '123'),
(288, '530', '已完成付款', 0, 110, '2022-08-10 08:37:42', '123'),
(289, '530', '已完成付款', 0, 495, '2022-08-10 08:38:32', '123'),
(290, '530', '已完成付款', 0, 770, '2022-08-10 08:41:00', '123'),
(291, '530', '已完成付款', 200, 5150, '2022-08-10 08:49:38', '123'),
(292, '530', '已完成付款', 100, 590, '2022-08-10 08:53:19', '123'),
(293, '530', '已完成付款', 200, 55, '2022-08-10 09:01:18', '123'),
(294, '530', '已完成付款', 0, 340, '2022-08-10 09:04:28', '123'),
(295, '530', '已完成付款', 200, 2100, '2022-08-10 09:06:34', '123'),
(296, '530', '已完成付款', 100, 1420, '2022-08-10 09:10:02', '123'),
(297, '530', '已完成付款', 0, 1415, '2022-08-10 09:41:47', ''),
(298, '530', '已完成付款', 0, 1845, '2022-08-10 09:47:20', ''),
(299, '530', '已完成付款', 100, 475, '2022-08-10 09:50:20', '123'),
(300, '530', '已完成付款', 100, 1150, '2022-08-10 09:51:15', '123'),
(301, '530', '已完成付款', 100, 725, '2022-08-10 10:02:07', '123'),
(302, '530', '已完成付款', 100, 460, '2022-08-10 10:04:05', '123'),
(303, '530', '已完成付款', 100, 140, '2022-08-10 10:08:28', '123'),
(304, '530', '已完成付款', 100, 360, '2022-08-10 10:17:12', '123'),
(305, '530', '已完成付款', 100, 250, '2022-08-10 10:20:01', '123'),
(306, '530', '已完成付款', 200, 300, '2022-08-10 10:21:10', '123'),
(307, '530', '已完成付款', 0, 1580, '2022-08-10 10:23:29', ''),
(308, '530', '已完成付款', 200, 510, '2022-08-10 10:23:57', '123'),
(309, '530', '已完成付款', 100, 1945, '2022-08-10 10:25:14', '123'),
(310, '530', '已完成付款', 100, 580, '2022-08-10 10:33:40', '123'),
(311, '530', '已完成付款', 200, 310, '2022-08-10 10:34:21', '123'),
(312, '530', '已完成付款', 200, 650, '2022-08-10 10:35:14', '123'),
(313, '530', '已完成付款', 100, 850, '2022-08-10 10:35:45', '123'),
(314, '530', '已完成付款', 200, 225, '2022-08-10 10:37:39', '123'),
(315, '530', '已完成付款', 200, 190, '2022-08-10 10:39:31', '123'),
(316, '530', '已完成付款', 100, 780, '2022-08-10 10:40:08', '123'),
(317, '530', '已完成付款', 0, 600, '2022-08-10 10:47:21', ''),
(318, '530', '已完成付款', 200, 1060, '2022-08-10 10:47:45', '123'),
(319, '530', '已完成付款', 100, 695, '2022-08-10 10:49:03', '123'),
(320, '530', '已完成付款', 0, 270, '2022-08-10 11:35:26', '123'),
(321, '530', '已完成付款', 0, 270, '2022-08-10 11:38:13', '123'),
(322, '530', '已完成付款', 0, 270, '2022-08-10 11:40:19', '123'),
(323, '530', '已完成付款', 0, 270, '2022-08-10 11:42:44', '123'),
(324, '530', '已完成付款', 0, 270, '2022-08-10 11:47:00', '123'),
(325, '530', '已完成付款', 0, 270, '2022-08-10 11:49:19', '123'),
(326, '530', '已完成付款', 0, 270, '2022-08-10 11:49:44', '123'),
(327, '530', '已完成付款', 0, 270, '2022-08-10 11:52:54', '123'),
(328, '530', '已完成付款', 0, 3400, '2022-08-10 11:55:12', '123'),
(329, '530', '已完成付款', 0, 910, '2022-08-10 11:56:02', '123'),
(330, '530', '已完成付款', 0, 3450, '2022-08-10 12:01:05', '123'),
(331, '530', '已完成付款', 0, 505, '2022-08-10 15:26:10', '123'),
(25360, '530', '已完成付款', 0, 390, '2022-08-10 15:42:35', '123'),
(49637, '530', '已完成付款', 0, 125, '2022-08-10 15:42:08', '123'),
(1551416, '530', '已完成付款', 0, 1625, '2022-08-16 13:23:59', ''),
(1627499, '530', '已完成付款', 0, 6525, '2022-08-10 16:23:21', ''),
(1759705, '530', '已完成付款', 0, 1350, '2022-08-11 08:41:19', '好吃一直吃'),
(1874970, '530', '已完成付款', 0, 950, '2022-08-16 10:18:26', '便當2'),
(2083773, '530', '已完成付款', 0, 440, '2022-08-10 16:48:52', '這是備註123'),
(2329397, '530', '已完成付款', 200, -200, '2022-08-10 16:50:07', '123'),
(2456662, '530', '已完成付款', 0, 2520, '2022-08-15 08:56:00', ''),
(2727409, '530', '已完成付款', 0, 910, '2022-08-10 16:32:29', ''),
(2952932, '530', '已完成付款', 0, 795, '2022-08-11 08:49:00', ''),
(3200546, '530', '已完成付款', 0, 1020, '2022-08-10 16:08:21', '123'),
(3342080, '530', '已完成付款', 0, 570, '2022-08-10 15:44:47', '123'),
(3532885, '530', '已完成付款', 0, 780, '2022-08-16 10:17:53', '便當'),
(4381346, '530', '已完成付款', 0, 1005, '2022-08-16 10:19:23', '便當3'),
(4407072, '530', '已完成付款', 0, 945, '2022-08-10 16:09:56', '123'),
(4448785, '530', '已完成付款', 200, 1640, '2022-08-10 16:49:54', '123'),
(4633015, '530', '已完成付款', 0, 590, '2022-08-15 08:57:19', '123123123'),
(4700584, '530', '已完成付款', 100, 2800, '2022-08-10 16:33:49', '123'),
(4922382, '530', '已完成付款', 0, 1175, '2022-08-12 09:18:26', '123123123123'),
(4930206, '530', '已完成付款', 0, 1200, '2022-08-12 09:18:02', ''),
(4933247, '530', '已完成付款', 0, 815, '2022-08-15 08:58:17', ''),
(5041356, '530', '已完成付款', 0, 3225, '2022-08-12 09:19:23', ''),
(5081525, '530', '已完成付款', 0, 7450, '2022-08-16 13:22:55', '13123'),
(5412883, '530', '已完成付款', 200, 1345, '2022-08-10 16:33:06', '123'),
(5662963, '530', '已完成付款', 0, 680, '2022-08-11 08:45:04', 'aabbccdddeeeeeee'),
(6905112, '530', '已完成付款', 0, 6525, '2022-08-10 16:23:10', ''),
(7385620, '530', '已完成付款', 100, 470, '2022-08-10 16:50:39', '123'),
(7520402, '530', '已完成付款', 0, 495, '2022-08-10 16:56:41', '便當好吃'),
(8391966, '530', '已完成付款', 0, 6525, '2022-08-10 16:22:09', ''),
(8698052, '530', '已完成付款', 0, 6525, '2022-08-10 16:28:26', ''),
(8703401, '530', '已完成付款', 0, 390, '2022-08-16 13:24:48', ''),
(8803224, '530', '已完成付款', 0, 350, '2022-08-10 15:48:12', '123'),
(9501829, '530', '已完成付款', 0, 390, '2022-08-10 16:19:16', '123'),
(9596981, '530', '已完成付款', 100, 1115, '2022-08-10 16:57:45', '到店取貨 折價100元'),
(9639483, '530', '已完成付款', 200, 435, '2022-08-10 16:57:11', '折價200元'),
(2147483645, '530', '已完成付款', 0, 530, '2022-08-10 15:29:05', '123'),
(2147483646, '530', '已完成付款', 0, 210, '2022-08-10 15:35:58', '123'),
(2147483647, '530', '已完成付款', 0, 110, '2022-08-10 15:37:43', '123');

-- --------------------------------------------------------

--
-- Table structure for table `order_details`
--

CREATE TABLE `order_details` (
  `sid` int(11) NOT NULL,
  `order_no` int(255) NOT NULL,
  `product_id` int(11) NOT NULL,
  `customized_id` int(50) NOT NULL,
  `order_type` varchar(50) NOT NULL,
  `product_price` int(11) NOT NULL,
  `product_count` int(11) NOT NULL,
  `subtotal` int(11) NOT NULL,
  `created_time` datetime NOT NULL
) ENGINE=InnoDB DEFAULT CHARSET=utf8mb4;

--
-- Dumping data for table `order_details`
--

INSERT INTO `order_details` (`sid`, `order_no`, `product_id`, `customized_id`, `order_type`, `product_price`, `product_count`, `subtotal`, `created_time`) VALUES
(1, 3, 1, 0, '2', 500, 1, 560, '2022-06-02 10:30:12'),
(2, 3, 13, 0, '1', 60, 1, 560, '2022-06-02 10:30:12'),
(3, 4, 15, 0, '1', 50, 1, 150, '2022-06-02 10:31:51'),
(4, 4, 2, 0, '2', 50, 2, 150, '2022-06-02 10:31:51'),
(5, 5, 1, 0, '2', 500, 3, 3180, '2022-06-02 10:32:26'),
(6, 5, 5, 0, '2', 300, 4, 3180, '2022-06-02 10:32:26'),
(7, 5, 14, 0, '1', 80, 6, 3180, '2022-06-02 10:32:26'),
(8, 6, 1, 0, '2', 500, 1, 910, '2022-06-02 10:44:28'),
(9, 6, 6, 0, '2', 50, 5, 910, '2022-06-02 10:44:28'),
(10, 6, 14, 0, '1', 80, 2, 910, '2022-06-02 10:44:28'),
(11, 7, 3, 0, '2', 50, 2, 100, '2022-06-02 10:56:27'),
(12, 8, 1, 0, '2', 500, 1, 500, '2022-06-02 10:57:29'),
(13, 9, 1, 0, '2', 500, 2, 1000, '2022-06-02 11:00:25'),
(14, 10, 2, 0, '2', 50, 13, 650, '2022-06-02 11:03:17'),
(15, 11, 1, 0, '2', 500, 2, 1000, '2022-06-02 11:04:08'),
(16, 12, 1, 0, '2', 500, 1, 500, '2022-06-02 11:04:41'),
(17, 13, 2, 0, '2', 50, 15, 750, '2022-06-02 11:05:19'),
(18, 14, 6, 0, '2', 50, 8, 400, '2022-06-02 11:06:17'),
(19, 15, 1, 0, '2', 500, 1, 500, '2022-06-02 11:06:57'),
(20, 16, 2, 0, '2', 50, 15, 750, '2022-06-02 11:08:15'),
(21, 17, 5, 0, '2', 300, 2, 600, '2022-06-02 11:09:41'),
(22, 18, 4, 0, '2', 100, 1, 950, '2022-06-02 13:15:22'),
(23, 18, 3, 0, '2', 50, 1, 950, '2022-06-02 13:15:22'),
(24, 18, 2, 0, '2', 50, 6, 950, '2022-06-02 13:15:23'),
(25, 18, 1, 0, '2', 500, 1, 950, '2022-06-02 13:15:23'),
(26, 19, 2, 0, '2', 50, 1, 50, '2022-06-02 16:08:56'),
(27, 20, 2, 0, '2', 50, 20, 1000, '2022-06-02 16:09:56'),
(28, 21, 1, 0, '2', 500, 2, 1000, '2022-06-06 14:46:04'),
(29, 22, 1, 0, '2', 500, 1, 500, '2022-06-06 14:46:50'),
(30, 23, 1, 0, '2', 500, 1, 500, '2022-06-06 14:46:51'),
(31, 24, 1, 0, '2', 500, 1, 500, '2022-06-06 14:46:52'),
(32, 25, 1, 0, '2', 500, 1, 500, '2022-06-06 14:48:45'),
(33, 26, 1, 0, '2', 500, 1, 500, '2022-06-06 14:49:14'),
(34, 27, 1, 0, '2', 500, 1, 500, '2022-06-06 14:50:14'),
(35, 28, 1, 0, '2', 500, 1, 500, '2022-06-06 15:13:32'),
(36, 29, 1, 0, '2', 500, 1, 500, '2022-06-06 15:14:16'),
(37, 32, 1, 0, '2', 500, 1, 500, '2022-06-06 15:19:48'),
(38, 33, 1, 0, '2', 500, 1, 500, '2022-06-06 15:20:37'),
(39, 34, 1, 0, '2', 500, 1, 500, '2022-06-06 15:21:54'),
(40, 35, 1, 0, '2', 500, 1, 500, '2022-06-06 15:29:39'),
(41, 36, 1, 0, '2', 500, 1, 500, '2022-06-06 15:30:03'),
(42, 37, 1, 0, '2', 500, 1, 1100, '2022-06-06 15:30:37'),
(43, 37, 2, 0, '2', 50, 12, 1100, '2022-06-06 15:30:37'),
(44, 38, 1, 0, '2', 500, 1, 1100, '2022-06-06 15:30:40'),
(45, 38, 2, 0, '2', 50, 12, 1100, '2022-06-06 15:30:40'),
(46, 39, 1, 0, '2', 500, 1, 1100, '2022-06-06 15:30:43'),
(47, 39, 2, 0, '2', 50, 12, 1100, '2022-06-06 15:30:43'),
(48, 40, 1, 0, '2', 500, 1, 1100, '2022-06-06 15:30:53'),
(49, 40, 2, 0, '2', 50, 12, 1100, '2022-06-06 15:30:53'),
(50, 41, 1, 0, '2', 500, 1, 1100, '2022-06-06 15:33:17'),
(51, 41, 2, 0, '2', 50, 12, 1100, '2022-06-06 15:33:17'),
(52, 42, 1, 0, '2', 500, 1, 1100, '2022-06-06 15:33:24'),
(53, 42, 2, 0, '2', 50, 12, 1100, '2022-06-06 15:33:24'),
(54, 43, 1, 0, '2', 500, 1, 1100, '2022-06-06 15:33:29'),
(55, 43, 2, 0, '2', 50, 12, 1100, '2022-06-06 15:33:29'),
(56, 44, 1, 0, '2', 500, 1, 1100, '2022-06-06 15:33:32'),
(57, 44, 2, 0, '2', 50, 12, 1100, '2022-06-06 15:33:32'),
(58, 45, 1, 0, '2', 500, 1, 1100, '2022-06-06 15:34:00'),
(59, 45, 2, 0, '2', 50, 12, 1100, '2022-06-06 15:34:00'),
(60, 46, 1, 0, '2', 500, 1, 1100, '2022-06-06 15:43:16'),
(61, 46, 2, 0, '2', 50, 12, 1100, '2022-06-06 15:43:16'),
(62, 47, 1, 0, '2', 500, 1, 1100, '2022-06-06 15:48:37'),
(63, 47, 2, 0, '2', 50, 12, 1100, '2022-06-06 15:48:37'),
(64, 48, 1, 0, '2', 500, 1, 1100, '2022-06-06 15:48:56'),
(65, 48, 2, 0, '2', 50, 12, 1100, '2022-06-06 15:48:56'),
(66, 49, 1, 0, '2', 500, 1, 1100, '2022-06-06 15:48:57'),
(67, 49, 2, 0, '2', 50, 12, 1100, '2022-06-06 15:48:57'),
(68, 50, 1, 0, '2', 500, 1, 1100, '2022-06-06 15:49:29'),
(69, 50, 2, 0, '2', 50, 12, 1100, '2022-06-06 15:49:29'),
(70, 51, 1, 0, '2', 500, 1, 1100, '2022-06-06 15:49:36'),
(71, 51, 2, 0, '2', 50, 12, 1100, '2022-06-06 15:49:36'),
(72, 52, 1, 0, '2', 500, 1, 1100, '2022-06-06 15:49:50'),
(73, 52, 2, 0, '2', 50, 12, 1100, '2022-06-06 15:49:50'),
(74, 53, 1, 0, '2', 500, 1, 1100, '2022-06-06 15:50:09'),
(75, 53, 2, 0, '2', 50, 12, 1100, '2022-06-06 15:50:09'),
(76, 54, 1, 0, '2', 500, 1, 1100, '2022-06-06 15:50:29'),
(77, 54, 2, 0, '2', 50, 12, 1100, '2022-06-06 15:50:29'),
(78, 55, 1, 0, '2', 500, 1, 1100, '2022-06-06 15:54:03'),
(79, 55, 2, 0, '2', 50, 12, 1100, '2022-06-06 15:54:03'),
(80, 56, 1, 0, '2', 500, 1, 1100, '2022-06-06 15:54:22'),
(81, 56, 2, 0, '2', 50, 12, 1100, '2022-06-06 15:54:22'),
(82, 57, 1, 0, '2', 500, 1, 1100, '2022-06-06 15:54:47'),
(83, 57, 2, 0, '2', 50, 12, 1100, '2022-06-06 15:54:47'),
(84, 58, 1, 0, '2', 500, 1, 1100, '2022-06-06 15:55:50'),
(85, 58, 2, 0, '2', 50, 12, 1100, '2022-06-06 15:55:50'),
(86, 59, 1, 0, '2', 500, 1, 1100, '2022-06-06 15:57:26'),
(87, 59, 2, 0, '2', 50, 12, 1100, '2022-06-06 15:57:26'),
(88, 60, 1, 0, '2', 500, 1, 1100, '2022-06-06 15:57:39'),
(89, 60, 2, 0, '2', 50, 12, 1100, '2022-06-06 15:57:39'),
(90, 61, 1, 0, '2', 500, 1, 1100, '2022-06-06 15:57:47'),
(91, 61, 2, 0, '2', 50, 12, 1100, '2022-06-06 15:57:47'),
(92, 62, 1, 0, '2', 500, 1, 1100, '2022-06-06 15:58:19'),
(93, 62, 2, 0, '2', 50, 12, 1100, '2022-06-06 15:58:19'),
(94, 63, 1, 0, '2', 500, 1, 1100, '2022-06-06 15:58:38'),
(95, 63, 2, 0, '2', 50, 12, 1100, '2022-06-06 15:58:38'),
(96, 64, 1, 0, '2', 500, 1, 1100, '2022-06-06 15:58:56'),
(97, 64, 2, 0, '2', 50, 12, 1100, '2022-06-06 15:58:56'),
(98, 65, 1, 0, '2', 500, 1, 1100, '2022-06-06 15:59:45'),
(99, 65, 2, 0, '2', 50, 12, 1100, '2022-06-06 15:59:45'),
(100, 66, 1, 0, '2', 500, 2, 1000, '2022-06-06 15:59:59'),
(101, 67, 1, 0, '2', 500, 1, 500, '2022-06-06 16:11:36'),
(102, 68, 1, 0, '2', 500, 1, 500, '2022-06-06 16:13:35'),
(103, 69, 2, 0, '2', 50, 5, 250, '2022-06-06 16:13:51'),
(104, 70, 3, 0, '2', 50, 1, 50, '2022-06-06 16:24:27'),
(105, 71, 2, 0, '2', 50, 2, 100, '2022-06-06 16:25:47'),
(106, 72, 1, 0, '2', 500, 2, 1000, '2022-06-06 16:27:35'),
(107, 73, 2, 0, '2', 50, 4, 200, '2022-06-06 16:49:30'),
(108, 74, 3, 0, '2', 50, 1, 50, '2022-06-06 16:52:57'),
(109, 75, 3, 0, '2', 50, 1, 50, '2022-06-06 16:53:29'),
(110, 76, 3, 0, '2', 50, 1, 600, '2022-06-07 14:36:29'),
(111, 76, 2, 0, '2', 50, 1, 600, '2022-06-07 14:36:29'),
(112, 76, 1, 0, '2', 500, 1, 600, '2022-06-07 14:36:29'),
(113, 77, 3, 0, '2', 50, 1, 600, '2022-06-07 14:37:01'),
(114, 77, 2, 0, '2', 50, 1, 600, '2022-06-07 14:37:01'),
(115, 77, 1, 0, '2', 500, 1, 600, '2022-06-07 14:37:01'),
(116, 78, 3, 0, '2', 50, 1, 600, '2022-06-07 14:37:21'),
(117, 78, 2, 0, '2', 50, 1, 600, '2022-06-07 14:37:21'),
(118, 78, 1, 0, '2', 500, 1, 600, '2022-06-07 14:37:21'),
(119, 79, 3, 0, '2', 50, 1, 600, '2022-06-07 14:37:44'),
(120, 79, 2, 0, '2', 50, 1, 600, '2022-06-07 14:37:44'),
(121, 79, 1, 0, '2', 500, 1, 600, '2022-06-07 14:37:44'),
(122, 80, 3, 0, '2', 50, 1, 600, '2022-06-07 14:50:56'),
(123, 80, 2, 0, '2', 50, 1, 600, '2022-06-07 14:50:56'),
(124, 80, 1, 0, '2', 500, 1, 600, '2022-06-07 14:50:56'),
(125, 81, 3, 0, '2', 50, 1, 600, '2022-06-07 14:51:30'),
(126, 81, 2, 0, '2', 50, 1, 600, '2022-06-07 14:51:30'),
(127, 81, 1, 0, '2', 500, 1, 600, '2022-06-07 14:51:30'),
(128, 82, 3, 0, '2', 50, 1, 600, '2022-06-07 14:51:36'),
(129, 82, 2, 0, '2', 50, 1, 600, '2022-06-07 14:51:36'),
(130, 82, 1, 0, '2', 500, 1, 600, '2022-06-07 14:51:36'),
(131, 83, 3, 0, '2', 50, 1, 600, '2022-06-07 14:51:54'),
(132, 83, 2, 0, '2', 50, 1, 600, '2022-06-07 14:51:54'),
(133, 83, 1, 0, '2', 500, 1, 600, '2022-06-07 14:51:54'),
(134, 84, 7, 0, '2', 200, 1, 200, '2022-06-07 14:55:17'),
(135, 85, 4, 0, '2', 100, 3, 300, '2022-06-07 16:37:42'),
(136, 86, 4, 0, '2', 100, 3, 300, '2022-06-07 16:37:55'),
(137, 87, 9, 0, '2', 100, 2, 600, '2022-06-08 08:47:41'),
(138, 87, 8, 0, '2', 150, 2, 600, '2022-06-08 08:47:41'),
(139, 87, 15, 0, '1', 50, 2, 600, '2022-06-08 08:47:41'),
(140, 87, 47, 0, '6', 780, 2, 600, '2022-06-08 08:47:41'),
(141, 88, 15, 0, '1', 50, 2, 100, '2022-06-08 08:50:56'),
(142, 88, 49, 0, '6', 520, 2, 100, '2022-06-08 08:50:56'),
(143, 89, 10, 0, '2', 25, 1, 25, '2022-06-08 09:07:18'),
(144, 89, 52, 0, '6', 190, 1, 25, '2022-06-08 09:07:18'),
(145, 90, 14, 0, '1', 80, 1, 80, '2022-06-08 09:15:44'),
(146, 91, 7, 0, '2', 200, 1, 200, '2022-06-08 09:20:31'),
(147, 92, 14, 0, '1', 80, 1, 80, '2022-06-08 09:21:42'),
(148, 93, 14, 0, '1', 80, 1, 80, '2022-06-08 09:22:08'),
(149, 94, 14, 0, '1', 80, 1, 80, '2022-06-08 09:22:28'),
(150, 95, 14, 0, '1', 80, 1, 80, '2022-06-08 09:23:48'),
(151, 96, 14, 0, '1', 80, 1, 80, '2022-06-08 09:24:16'),
(152, 96, 53, 0, '6', 350, 2, 80, '2022-06-08 09:24:16'),
(153, 97, 14, 0, '1', 80, 1, 80, '2022-06-08 09:24:47'),
(154, 97, 53, 0, '6', 350, 2, 80, '2022-06-08 09:24:47'),
(155, 98, 14, 0, '1', 80, 1, 80, '2022-06-08 09:25:00'),
(156, 98, 53, 0, '6', 350, 2, 80, '2022-06-08 09:25:00'),
(157, 108, 53, 0, '6', 350, 2, 700, '2022-06-08 09:58:39'),
(158, 109, 53, 0, '6', 350, 2, 700, '2022-06-08 10:01:36'),
(159, 110, 53, 0, '6', 350, 2, 700, '2022-06-08 10:01:52'),
(160, 111, 53, 0, '6', 350, 2, 700, '2022-06-08 10:02:08'),
(161, 112, 53, 0, '6', 350, 2, 700, '2022-06-08 10:03:13'),
(162, 113, 1, 0, '2', 500, 1, 500, '2022-06-08 10:03:27'),
(163, 114, 21, 0, '4', 1000, 1, 2140, '2022-06-08 10:05:36'),
(164, 114, 54, 0, '6', 1140, 1, 2140, '2022-06-08 10:05:36'),
(165, 115, 1, 0, '2', 500, 2, 1280, '2022-06-08 10:07:01'),
(166, 115, 55, 0, '6', 140, 2, 1280, '2022-06-08 10:07:01'),
(167, 116, 1, 0, '2', 500, 1, 1060, '2022-06-08 10:08:48'),
(168, 116, 56, 0, '6', 280, 2, 1060, '2022-06-08 10:08:48'),
(169, 117, 2, 0, '2', 50, 1, 770, '2022-06-08 10:11:14'),
(170, 117, 57, 0, '6', 240, 3, 770, '2022-06-08 10:11:14'),
(171, 118, 1, 0, '2', 500, 2, 1520, '2022-06-08 11:05:11'),
(172, 118, 3, 0, '2', 50, 1, 1520, '2022-06-08 11:05:11'),
(173, 118, 58, 0, '6', 470, 1, 1520, '2022-06-08 11:05:11'),
(174, 119, 1, 0, '2', 500, 3, 3090, '2022-06-08 11:39:53'),
(175, 119, 59, 0, '6', 530, 3, 3090, '2022-06-08 11:39:53'),
(176, 120, 1, 0, '2', 500, 1, 1625, '2022-06-08 15:00:13'),
(177, 120, 60, 0, '6', 525, 1, 1625, '2022-06-08 15:00:13'),
(178, 120, 61, 0, '6', 300, 2, 1625, '2022-06-08 15:00:13'),
(179, 121, 2, 0, '2', 50, 7, 45600, '2022-06-08 15:08:31'),
(180, 121, 62, 0, '6', 700, 1, 45600, '2022-06-08 15:08:31'),
(181, 121, 63, 0, '6', 14850, 3, 45600, '2022-06-08 15:08:31'),
(182, 122, 1, 0, '2', 500, 51, 26435, '2022-06-09 10:06:35'),
(183, 122, 2, 0, '2', 50, 11, 26435, '2022-06-09 10:06:35'),
(184, 122, 64, 0, '6', 385, 1, 26435, '2022-06-09 10:06:35'),
(185, 123, 2, 0, '2', 50, 1, 50, '2022-06-09 13:06:49'),
(186, 124, 1, 0, '2', 500, 1, 500, '2022-06-09 13:13:30'),
(187, 125, 1, 0, '2', 500, 1, 500, '2022-06-09 13:23:29'),
(188, 126, 1, 0, '2', 500, 1, 500, '2022-06-09 13:43:30'),
(189, 127, 1, 0, '2', 500, 1, 500, '2022-06-09 13:49:12'),
(190, 128, 1, 0, '2', 500, 1, 500, '2022-06-09 13:49:13'),
(191, 129, 1, 0, '2', 500, 1, 500, '2022-06-09 13:49:41'),
(192, 130, 1, 0, '2', 500, 1, 500, '2022-06-09 13:51:23'),
(193, 131, 1, 0, '2', 500, 1, 500, '2022-06-09 13:53:32'),
(194, 132, 1, 0, '2', 500, 1, 500, '2022-06-09 13:53:53'),
(195, 133, 1, 0, '2', 500, 1, 500, '2022-06-09 13:54:21'),
(196, 134, 1, 0, '2', 500, 1, 500, '2022-06-09 13:54:25'),
(197, 135, 1, 0, '2', 500, 1, 500, '2022-06-09 13:54:48'),
(198, 136, 1, 0, '2', 500, 1, 500, '2022-06-09 13:54:50'),
(199, 137, 1, 0, '2', 500, 1, 500, '2022-06-09 13:54:55'),
(200, 138, 1, 0, '2', 500, 1, 500, '2022-06-09 13:55:00'),
(201, 139, 1, 0, '2', 500, 1, 500, '2022-06-09 13:58:09'),
(202, 140, 1, 0, '2', 500, 1, 500, '2022-06-09 13:58:19'),
(203, 141, 1, 0, '2', 500, 1, 500, '2022-06-09 13:59:11'),
(204, 142, 1, 0, '2', 500, 1, 500, '2022-06-09 13:59:14'),
(205, 143, 1, 0, '2', 500, 1, 500, '2022-06-09 13:59:15'),
(206, 144, 1, 0, '2', 500, 1, 500, '2022-06-09 14:00:05'),
(207, 145, 1, 0, '2', 500, 1, 500, '2022-06-09 14:00:15'),
(208, 146, 1, 0, '2', 500, 1, 500, '2022-06-09 14:00:20'),
(209, 147, 1, 0, '2', 500, 1, 500, '2022-06-09 14:00:32'),
(210, 148, 1, 0, '2', 500, 1, 500, '2022-06-09 14:01:01'),
(211, 149, 1, 0, '2', 500, 1, 500, '2022-06-09 14:01:31'),
(212, 150, 1, 0, '2', 500, 1, 500, '2022-06-09 14:01:42'),
(213, 151, 1, 0, '2', 500, 1, 500, '2022-06-09 14:01:53'),
(214, 152, 1, 0, '2', 500, 1, 17750, '2022-06-09 14:03:47'),
(215, 152, 69, 0, '6', 3450, 5, 17750, '2022-06-09 14:03:47'),
(216, 153, 1, 0, '2', 500, 1, 17750, '2022-06-09 14:04:10'),
(217, 153, 69, 0, '6', 3450, 5, 17750, '2022-06-09 14:04:10'),
(218, 154, 1, 0, '2', 500, 1, 17750, '2022-06-09 14:08:50'),
(219, 154, 69, 0, '6', 3450, 5, 17750, '2022-06-09 14:08:50'),
(220, 155, 1, 0, '2', 500, 1, 17750, '2022-06-09 14:09:17'),
(221, 155, 69, 0, '6', 3450, 5, 17750, '2022-06-09 14:09:17'),
(222, 156, 1, 0, '2', 500, 1, 17750, '2022-06-09 14:11:32'),
(223, 156, 69, 0, '6', 3450, 5, 17750, '2022-06-09 14:11:32'),
(224, 157, 1, 0, '2', 500, 1, 17750, '2022-06-09 14:13:18'),
(225, 157, 69, 0, '6', 3450, 5, 17750, '2022-06-09 14:13:18'),
(226, 158, 1, 0, '2', 500, 1, 17750, '2022-06-09 14:17:05'),
(227, 158, 69, 0, '6', 3450, 5, 17750, '2022-06-09 14:17:05'),
(228, 159, 1, 0, '2', 500, 1, 17750, '2022-06-09 14:17:53'),
(229, 159, 69, 0, '6', 3450, 5, 17750, '2022-06-09 14:17:53'),
(230, 160, 1, 0, '2', 500, 1, 17750, '2022-06-09 14:20:59'),
(231, 160, 69, 0, '6', 3450, 5, 17750, '2022-06-09 14:20:59'),
(232, 161, 1, 0, '2', 500, 1, 17750, '2022-06-09 14:24:22'),
(233, 161, 69, 0, '6', 3450, 5, 17750, '2022-06-09 14:24:22'),
(234, 162, 1, 0, '2', 500, 1, 17750, '2022-06-09 14:26:06'),
(235, 162, 69, 0, '6', 3450, 5, 17750, '2022-06-09 14:26:06'),
(236, 163, 1, 0, '2', 500, 1, 17750, '2022-06-09 14:26:51'),
(237, 163, 69, 0, '6', 3450, 5, 17750, '2022-06-09 14:26:51'),
(238, 164, 1, 0, '2', 500, 1, 17750, '2022-06-09 14:27:35'),
(239, 164, 69, 0, '6', 3450, 5, 17750, '2022-06-09 14:27:35'),
(240, 165, 1, 0, '2', 500, 1, 17750, '2022-06-09 14:27:51'),
(241, 165, 69, 0, '6', 3450, 5, 17750, '2022-06-09 14:27:51'),
(242, 166, 1, 0, '2', 500, 1, 600, '2022-06-09 14:29:38'),
(243, 166, 4, 0, '2', 100, 1, 600, '2022-06-09 14:29:38'),
(244, 167, 1, 0, '2', 500, 1, 600, '2022-06-09 14:30:04'),
(245, 167, 4, 0, '2', 100, 1, 600, '2022-06-09 14:30:04'),
(246, 168, 1, 0, '2', 500, 1, 600, '2022-06-09 14:30:25'),
(247, 168, 4, 0, '2', 100, 1, 600, '2022-06-09 14:30:25'),
(248, 169, 1, 0, '2', 500, 1, 600, '2022-06-09 14:31:17'),
(249, 169, 4, 0, '2', 100, 1, 600, '2022-06-09 14:31:17'),
(250, 170, 1, 0, '2', 500, 1, 600, '2022-06-09 14:32:48'),
(251, 170, 4, 0, '2', 100, 1, 600, '2022-06-09 14:32:48'),
(252, 171, 1, 0, '2', 500, 1, 600, '2022-06-09 14:33:32'),
(253, 171, 4, 0, '2', 100, 1, 600, '2022-06-09 14:33:32'),
(254, 172, 1, 0, '2', 500, 1, 600, '2022-06-09 14:34:08'),
(255, 172, 4, 0, '2', 100, 1, 600, '2022-06-09 14:34:08'),
(256, 173, 1, 0, '2', 500, 1, 600, '2022-06-09 14:38:58'),
(257, 173, 4, 0, '2', 100, 1, 600, '2022-06-09 14:38:58'),
(258, 174, 1, 0, '2', 500, 1, 600, '2022-06-09 14:41:10'),
(259, 174, 4, 0, '2', 100, 1, 600, '2022-06-09 14:41:10'),
(260, 175, 1, 0, '2', 500, 1, 600, '2022-06-09 14:44:20'),
(261, 175, 4, 0, '2', 100, 1, 600, '2022-06-09 14:44:20'),
(262, 176, 1, 0, '2', 500, 1, 600, '2022-06-09 14:44:39'),
(263, 176, 4, 0, '2', 100, 1, 600, '2022-06-09 14:44:40'),
(264, 177, 1, 0, '2', 500, 1, 600, '2022-06-09 14:44:58'),
(265, 177, 4, 0, '2', 100, 1, 600, '2022-06-09 14:44:58'),
(266, 178, 1, 0, '2', 500, 1, 600, '2022-06-09 14:45:28'),
(267, 178, 4, 0, '2', 100, 1, 600, '2022-06-09 14:45:28'),
(268, 179, 1, 0, '2', 500, 1, 600, '2022-06-09 14:50:34'),
(269, 179, 4, 0, '2', 100, 1, 600, '2022-06-09 14:50:34'),
(270, 180, 1, 0, '2', 500, 1, 600, '2022-06-09 14:52:11'),
(271, 180, 4, 0, '2', 100, 1, 600, '2022-06-09 14:52:11'),
(272, 181, 1, 0, '2', 500, 1, 600, '2022-06-09 14:53:24'),
(273, 181, 4, 0, '2', 100, 1, 600, '2022-06-09 14:53:24'),
(274, 182, 1, 0, '2', 500, 1, 600, '2022-06-09 14:56:24'),
(275, 182, 4, 0, '2', 100, 1, 600, '2022-06-09 14:56:24'),
(276, 183, 1, 0, '2', 500, 1, 600, '2022-06-09 14:57:07'),
(277, 183, 4, 0, '2', 100, 1, 600, '2022-06-09 14:57:07'),
(278, 184, 1, 0, '2', 500, 1, 600, '2022-06-09 14:57:40'),
(279, 184, 4, 0, '2', 100, 1, 600, '2022-06-09 14:57:40'),
(280, 185, 1, 0, '2', 500, 1, 950, '2022-06-09 15:00:23'),
(281, 185, 4, 0, '2', 100, 1, 950, '2022-06-09 15:00:23'),
(282, 185, 5, 0, '2', 300, 1, 950, '2022-06-09 15:00:23'),
(283, 185, 6, 0, '2', 50, 1, 950, '2022-06-09 15:00:23'),
(284, 186, 7, 0, '2', 200, 1, 200, '2022-06-09 15:02:57'),
(285, 187, 1, 0, '2', 500, 1, 1580, '2022-06-09 17:21:00'),
(286, 187, 2, 0, '2', 50, 2, 1580, '2022-06-09 17:21:00'),
(287, 187, 70, 0, '6', 490, 2, 1580, '2022-06-09 17:21:00'),
(288, 188, 1, 0, '2', 500, 10, 5000, '2022-06-10 15:51:10'),
(289, 189, 71, 0, '6', 450, 3, 1350, '2022-06-10 16:39:04'),
(290, 190, 1, 0, '2', 500, 2, 1000, '2022-06-10 17:43:47'),
(291, 191, 13, 0, '1', 60, 1, 2740, '2022-06-13 08:32:01'),
(292, 191, 11, 0, '1', 30, 1, 2740, '2022-06-13 08:32:01'),
(293, 191, 2, 0, '2', 50, 1, 2740, '2022-06-13 08:32:01'),
(294, 191, 77, 0, '6', 1300, 2, 2740, '2022-06-13 08:32:01'),
(295, 192, 2, 0, '2', 50, 1, 14630, '2022-06-13 08:52:48'),
(296, 192, 78, 0, '6', 4860, 3, 14630, '2022-06-13 08:52:48'),
(297, 193, 2, 0, '2', 50, 4, 66700, '2022-06-13 10:49:44'),
(298, 193, 1, 0, '2', 500, 5, 66700, '2022-06-13 10:49:44'),
(299, 193, 28, 0, '3', 1500, 1, 66700, '2022-06-13 10:49:44'),
(300, 193, 81, 0, '6', 62500, 1, 66700, '2022-06-13 10:49:44'),
(301, 230, 14, 0, '1', 25, 1, 5000, '2022-08-03 16:21:50'),
(302, 231, 14, 0, '1', 25, 1, 5000, '2022-08-03 16:22:08'),
(303, 231, 0, 6, '2', 2700, 2, 5000, '2022-08-03 16:22:08'),
(304, 232, 14, 0, '1', 25, 1, 24000, '2022-08-03 16:24:10'),
(305, 232, 0, 6, '2', 2700, 2, 24000, '2022-08-03 16:24:10'),
(306, 233, 14, 0, '1', 25, 1, 24000, '2022-08-03 16:31:14'),
(307, 233, 0, 6, '2', 2700, 2, 24000, '2022-08-03 16:31:14'),
(308, 234, 14, 0, '1', 25, 1, 24000, '2022-08-03 16:31:56'),
(309, 234, 0, 6, '2', 2700, 2, 24000, '2022-08-03 16:31:56'),
(310, 235, 14, 0, '1', 25, 1, 24000, '2022-08-03 16:32:40'),
(311, 235, 0, 6, '2', 2700, 2, 24000, '2022-08-03 16:32:40'),
(312, 236, 14, 0, '1', 25, 1, 24000, '2022-08-03 16:34:31'),
(313, 236, 0, 6, '2', 2700, 2, 24000, '2022-08-03 16:34:31'),
(314, 237, 14, 0, '1', 25, 15, 5625, '2022-08-04 08:51:47'),
(315, 237, 0, 5, '2', 5250, 1, 5625, '2022-08-04 08:51:47'),
(316, 238, 14, 0, '1', 25, 10, 10750, '2022-08-04 09:02:26'),
(317, 238, 0, 5, '2', 5250, 2, 10750, '2022-08-04 09:02:26'),
(318, 239, 14, 0, '1', 25, 10, 10750, '2022-08-04 09:03:10'),
(319, 239, 0, 5, '2', 5250, 2, 10750, '2022-08-04 09:03:10'),
(320, 240, 0, 5, '2', 5250, 2, 10500, '2022-08-04 09:03:41'),
(321, 241, 67, 0, '1', 280, 1, 5680, '2022-08-04 09:12:49'),
(322, 241, 0, 6, '2', 2700, 2, 5680, '2022-08-04 09:12:49'),
(323, 242, 58, 0, '1', 350, 8, 23800, '2022-08-04 09:15:05'),
(324, 242, 0, 24, '2', 2100, 10, 23800, '2022-08-04 09:15:05'),
(325, 243, 72, 0, '1', 90, 25, 10830, '2022-08-04 09:18:37'),
(326, 243, 0, 20, '2', 780, 11, 10830, '2022-08-04 09:18:37'),
(327, 244, 52, 0, '1', 50, 3, 710, '2022-08-04 09:22:07'),
(328, 244, 0, 30, '2', 560, 1, 710, '2022-08-04 09:22:07'),
(329, 245, 54, 0, '1', 200, 15, 9645, '2022-08-04 09:26:23'),
(330, 245, 0, 28, '2', 675, 7, 9645, '2022-08-04 09:26:23'),
(331, 245, 0, 12, '2', 320, 6, 9645, '2022-08-04 09:26:23'),
(332, 246, 45, 0, '1', 80, 1, 16235, '2022-08-04 09:28:17'),
(333, 246, 0, 19, '2', 855, 11, 16235, '2022-08-04 09:28:17'),
(334, 246, 0, 17, '2', 1350, 5, 16235, '2022-08-04 09:28:17'),
(335, 251, 44, 0, '1', 80, 1, 1030, '2022-08-04 09:32:52'),
(336, 251, 0, 34, '2', 950, 1, 1030, '2022-08-04 09:32:52'),
(337, 252, 14, 0, '1', 25, 6, 1200, '2022-08-04 09:33:15'),
(338, 252, 0, 18, '2', 1050, 1, 1200, '2022-08-04 09:33:15'),
(339, 253, 46, 0, '1', 50, 10, 20400, '2022-08-04 09:38:26'),
(340, 253, 48, 0, '1', 40, 10, 20400, '2022-08-04 09:38:26'),
(341, 253, 0, 2, '2', 1950, 10, 20400, '2022-08-04 09:38:26'),
(342, 254, 51, 0, '1', 120, 1, 6840, '2022-08-04 10:58:22'),
(343, 254, 0, 9, '2', 960, 7, 6840, '2022-08-04 10:58:22'),
(344, 255, 53, 0, '1', 300, 20, 58500, '2022-08-04 11:00:21'),
(345, 255, 0, 5, '2', 5250, 10, 58500, '2022-08-04 11:00:21'),
(346, 256, 55, 0, '1', 250, 20, 17000, '2022-08-04 11:00:52'),
(347, 256, 0, 7, '2', 1200, 10, 17000, '2022-08-04 11:00:52'),
(348, 257, 49, 0, '1', 30, 6, 14580, '2022-08-04 11:01:28'),
(349, 257, 0, 1, '2', 3600, 4, 14580, '2022-08-04 11:01:28'),
(350, 258, 50, 0, '1', 60, 10, 7500, '2022-08-04 11:04:09'),
(351, 258, 52, 0, '1', 50, 10, 7500, '2022-08-04 11:04:09'),
(352, 258, 0, 3, '2', 140, 10, 7500, '2022-08-04 11:04:09'),
(353, 258, 0, 4, '2', 500, 10, 7500, '2022-08-04 11:04:09'),
(354, 259, 54, 0, '1', 200, 15, 44400, '2022-08-04 11:06:52'),
(355, 259, 44, 0, '1', 80, 15, 44400, '2022-08-04 11:06:52'),
(356, 259, 0, 6, '2', 2700, 10, 44400, '2022-08-04 11:06:52'),
(357, 259, 0, 8, '2', 1320, 10, 44400, '2022-08-04 11:06:52'),
(358, 260, 33, 0, '1', 2500, 8, 20250, '2022-08-04 11:44:56'),
(359, 260, 0, 5, '2', 250, 1, 20250, '2022-08-04 11:44:56'),
(360, 261, 20, 0, '1', 10, 17, 3370, '2022-08-04 16:17:29'),
(361, 261, 0, 63, '2', 800, 4, 3370, '2022-08-04 16:17:29'),
(362, 262, 43, 0, '1', 200, 10, 3090, '2022-08-05 09:47:33'),
(363, 262, 0, 67, '2', 130, 3, 3090, '2022-08-05 09:47:33'),
(364, 262, 0, 69, '2', 140, 5, 3090, '2022-08-05 09:47:33'),
(365, 263, 19, 0, '1', 50, 10, 980, '2022-08-05 09:50:31'),
(366, 263, 0, 70, '2', 160, 3, 980, '2022-08-05 09:50:31'),
(367, 264, 23, 0, '1', 20, 6, 310, '2022-08-05 09:53:58'),
(368, 264, 0, 68, '2', 190, 1, 310, '2022-08-05 09:53:58'),
(369, 265, 42, 0, '1', 150, 10, 2750, '2022-08-05 10:06:00'),
(370, 265, 0, 71, '2', 125, 10, 2750, '2022-08-05 10:06:00'),
(371, 266, 47, 0, '1', 80, 10, 1800, '2022-08-05 10:37:08'),
(372, 266, 0, 66, '2', 200, 5, 1800, '2022-08-05 10:37:08'),
(373, 267, 24, 0, '1', 20, 20, 840, '2022-08-05 10:39:02'),
(374, 267, 0, 73, '2', 110, 4, 840, '2022-08-05 10:39:02'),
(375, 268, 57, 0, '1', 200, 1, 750, '2022-08-05 10:43:44'),
(376, 268, 0, 72, '2', 110, 5, 750, '2022-08-05 10:43:44'),
(377, 269, 7, 0, '1', 50, 2, 350, '2022-08-05 10:48:30'),
(378, 269, 0, 75, '2', 50, 5, 350, '2022-08-05 10:48:30'),
(379, 270, 28, 0, '1', 600, 1, 2480, '2022-08-08 12:06:07'),
(380, 270, 17, 0, '1', 60, 1, 2480, '2022-08-08 12:06:07'),
(381, 270, 5, 0, '1', 800, 2, 2480, '2022-08-08 12:06:07'),
(382, 270, 0, 78, '2', 55, 4, 2480, '2022-08-08 12:06:07'),
(383, 271, 9, 0, '1', 300, 1, 6830, '2022-08-08 12:55:50'),
(384, 271, 94, 0, '1', 480, 1, 6830, '2022-08-08 12:55:50'),
(385, 271, 5, 0, '1', 800, 7, 6830, '2022-08-08 12:55:50'),
(386, 271, 0, 77, '2', 50, 9, 6830, '2022-08-08 12:55:50'),
(387, 272, 85, 0, '1', 80, 1, 2680, '2022-08-08 14:45:14'),
(388, 272, 86, 0, '1', 200, 4, 2680, '2022-08-08 14:45:14'),
(389, 272, 0, 83, '2', 225, 8, 2680, '2022-08-08 14:45:14'),
(390, 273, 7, 0, '1', 50, 1, 130, '2022-08-08 14:49:07'),
(391, 273, 0, 82, '2', 80, 1, 130, '2022-08-08 14:49:07'),
(392, 274, 93, 0, '1', 340, 2, 850, '2022-08-08 14:49:31'),
(393, 274, 0, 79, '2', 170, 1, 850, '2022-08-08 14:49:31'),
(394, 275, 92, 0, '1', 75, 7, 660, '2022-08-08 14:51:15'),
(395, 275, 0, 80, '2', 135, 1, 660, '2022-08-08 14:51:15'),
(396, 276, 95, 0, '1', 60, 5, 390, '2022-08-08 14:51:30'),
(397, 276, 0, 81, '2', 90, 1, 390, '2022-08-08 14:51:30'),
(398, 277, 56, 0, '1', 120, 6, 1960, '2022-08-09 10:53:27'),
(399, 277, 76, 0, '1', 400, 1, 1960, '2022-08-09 10:53:27'),
(400, 277, 27, 0, '1', 400, 2, 1960, '2022-08-09 10:53:27'),
(401, 277, 0, 84, '2', 40, 1, 1960, '2022-08-09 10:53:27'),
(402, 278, 54, 0, '1', 200, 7, 1440, '2022-08-09 10:53:54'),
(403, 278, 0, 85, '2', 40, 1, 1440, '2022-08-09 10:53:54'),
(404, 279, 55, 0, '1', 250, 6, 1675, '2022-08-09 16:55:20'),
(405, 279, 0, 74, '2', 175, 1, 1675, '2022-08-09 16:55:20'),
(406, 280, 5, 0, '1', 800, 4, 3575, '2022-08-09 17:11:14'),
(407, 280, 0, 87, '2', 125, 3, 3575, '2022-08-09 17:11:14'),
(408, 281, 9, 0, '1', 300, 3, 1070, '2022-08-09 17:13:43'),
(409, 281, 0, 88, '2', 170, 1, 1070, '2022-08-09 17:13:43'),
(410, 282, 84, 0, '1', 350, 1, 630, '2022-08-09 19:26:53'),
(411, 282, 7, 0, '1', 50, 3, 630, '2022-08-09 19:26:53'),
(412, 282, 0, 86, '2', 130, 1, 630, '2022-08-09 19:26:53'),
(413, 283, 94, 0, '1', 480, 1, 580, '2022-08-09 19:35:03'),
(414, 283, 0, 89, '2', 75, 4, 580, '2022-08-09 19:35:03'),
(415, 284, 93, 0, '1', 340, 1, 190, '2022-08-09 19:36:57'),
(416, 284, 0, 90, '2', 50, 1, 190, '2022-08-09 19:36:57'),
(417, 285, 9, 0, '1', 300, 1, 210, '2022-08-09 19:38:19'),
(418, 285, 95, 0, '1', 60, 1, 210, '2022-08-09 19:38:19'),
(419, 285, 0, 91, '2', 50, 1, 210, '2022-08-09 19:38:19'),
(420, 286, 7, 0, '1', 50, 10, 640, '2022-08-10 08:29:15'),
(421, 286, 0, 93, '2', 120, 2, 640, '2022-08-10 08:29:15'),
(422, 287, 90, 0, '1', 160, 4, 740, '2022-08-10 08:35:33'),
(423, 287, 0, 97, '2', 100, 3, 740, '2022-08-10 08:35:33'),
(424, 288, 91, 0, '1', 60, 1, 110, '2022-08-10 08:37:42'),
(425, 288, 0, 94, '2', 25, 6, 110, '2022-08-10 08:37:42'),
(426, 289, 92, 0, '1', 75, 6, 495, '2022-08-10 08:38:32'),
(427, 289, 0, 95, '2', 145, 1, 495, '2022-08-10 08:38:32'),
(428, 290, 94, 0, '1', 480, 1, 770, '2022-08-10 08:41:00'),
(429, 290, 93, 0, '1', 340, 1, 770, '2022-08-10 08:41:00'),
(430, 290, 0, 96, '2', 150, 1, 770, '2022-08-10 08:41:00'),
(431, 291, 9, 0, '1', 300, 10, 5150, '2022-08-10 08:49:38'),
(432, 291, 95, 0, '1', 60, 10, 5150, '2022-08-10 08:49:38'),
(433, 291, 0, 92, '2', 175, 10, 5150, '2022-08-10 08:49:38'),
(434, 292, 7, 0, '1', 50, 3, 590, '2022-08-10 08:53:19'),
(435, 292, 0, 99, '2', 135, 4, 590, '2022-08-10 08:53:19'),
(436, 293, 56, 0, '1', 120, 1, 55, '2022-08-10 09:01:18'),
(437, 293, 0, 101, '2', 45, 3, 55, '2022-08-10 09:01:18'),
(438, 294, 53, 0, '1', 300, 1, 340, '2022-08-10 09:04:28'),
(439, 294, 0, 100, '2', 40, 1, 340, '2022-08-10 09:04:28'),
(440, 295, 32, 0, '1', 1500, 1, 2100, '2022-08-10 09:06:34'),
(441, 295, 35, 0, '1', 250, 1, 2100, '2022-08-10 09:06:34'),
(442, 295, 0, 102, '2', 55, 10, 2100, '2022-08-10 09:06:34'),
(443, 296, 54, 0, '1', 200, 4, 1420, '2022-08-10 09:10:02'),
(444, 296, 0, 103, '2', 180, 4, 1420, '2022-08-10 09:10:02'),
(445, 297, 70, 0, '1', 200, 4, 1415, '2022-08-10 09:41:47'),
(446, 297, 0, 105, '2', 205, 3, 1415, '2022-08-10 09:41:47'),
(447, 298, 5, 0, '1', 800, 1, 1845, '2022-08-10 09:47:20'),
(448, 298, 69, 0, '1', 130, 1, 1845, '2022-08-10 09:47:20'),
(449, 298, 57, 0, '1', 200, 1, 1845, '2022-08-10 09:47:20'),
(450, 298, 0, 106, '2', 135, 4, 1845, '2022-08-10 09:47:20'),
(451, 298, 0, 107, '2', 175, 1, 1845, '2022-08-10 09:47:20'),
(452, 299, 7, 0, '1', 50, 1, 475, '2022-08-10 09:50:20'),
(453, 299, 9, 0, '1', 300, 1, 475, '2022-08-10 09:50:20'),
(454, 299, 95, 0, '1', 60, 1, 475, '2022-08-10 09:50:20'),
(455, 299, 0, 104, '2', 55, 3, 475, '2022-08-10 09:50:20'),
(456, 300, 5, 0, '1', 800, 1, 1150, '2022-08-10 09:51:15'),
(457, 300, 7, 0, '1', 50, 1, 1150, '2022-08-10 09:51:15'),
(458, 300, 9, 0, '1', 300, 1, 1150, '2022-08-10 09:51:15'),
(459, 300, 0, 108, '2', 100, 1, 1150, '2022-08-10 09:51:15'),
(460, 301, 55, 0, '1', 250, 1, 725, '2022-08-10 10:02:07'),
(461, 301, 0, 98, '2', 115, 5, 725, '2022-08-10 10:02:07'),
(462, 302, 94, 0, '1', 480, 1, 460, '2022-08-10 10:04:05'),
(463, 302, 0, 110, '2', 80, 1, 460, '2022-08-10 10:04:05'),
(464, 303, 91, 0, '1', 60, 1, 140, '2022-08-10 10:08:28'),
(465, 303, 0, 111, '2', 60, 3, 140, '2022-08-10 10:08:28'),
(466, 304, 92, 0, '1', 75, 1, 360, '2022-08-10 10:17:12'),
(467, 304, 90, 0, '1', 160, 1, 360, '2022-08-10 10:17:12'),
(468, 304, 0, 109, '2', 225, 1, 360, '2022-08-10 10:17:12'),
(469, 305, 9, 0, '1', 300, 1, 250, '2022-08-10 10:20:01'),
(470, 305, 0, 112, '2', 50, 1, 250, '2022-08-10 10:20:01'),
(471, 306, 95, 0, '1', 60, 1, 300, '2022-08-10 10:21:10'),
(472, 306, 93, 0, '1', 340, 1, 300, '2022-08-10 10:21:10'),
(473, 306, 0, 113, '2', 50, 2, 300, '2022-08-10 10:21:10'),
(474, 307, 5, 0, '1', 800, 1, 1580, '2022-08-10 10:23:29'),
(475, 307, 7, 0, '1', 50, 1, 1580, '2022-08-10 10:23:29'),
(476, 307, 93, 0, '1', 340, 2, 1580, '2022-08-10 10:23:29'),
(477, 307, 0, 114, '2', 50, 1, 1580, '2022-08-10 10:23:29'),
(478, 308, 94, 0, '1', 480, 1, 510, '2022-08-10 10:23:57'),
(479, 308, 95, 0, '1', 60, 1, 510, '2022-08-10 10:23:57'),
(480, 308, 0, 115, '2', 170, 1, 510, '2022-08-10 10:23:57'),
(481, 309, 5, 0, '1', 800, 1, 1945, '2022-08-10 10:25:14'),
(482, 309, 7, 0, '1', 50, 1, 1945, '2022-08-10 10:25:14'),
(483, 309, 9, 0, '1', 300, 1, 1945, '2022-08-10 10:25:14'),
(484, 309, 95, 0, '1', 60, 1, 1945, '2022-08-10 10:25:14'),
(485, 309, 94, 0, '1', 480, 1, 1945, '2022-08-10 10:25:14'),
(486, 309, 0, 116, '2', 175, 1, 1945, '2022-08-10 10:25:14'),
(487, 309, 0, 117, '2', 180, 1, 1945, '2022-08-10 10:25:14'),
(488, 310, 94, 0, '1', 480, 1, 580, '2022-08-10 10:33:40'),
(489, 310, 0, 122, '2', 200, 1, 580, '2022-08-10 10:33:40'),
(490, 311, 93, 0, '1', 340, 1, 310, '2022-08-10 10:34:21'),
(491, 311, 0, 118, '2', 170, 1, 310, '2022-08-10 10:34:21'),
(492, 312, 5, 0, '1', 800, 1, 650, '2022-08-10 10:35:14'),
(493, 312, 0, 119, '2', 50, 1, 650, '2022-08-10 10:35:14'),
(494, 313, 9, 0, '1', 300, 3, 850, '2022-08-10 10:35:45'),
(495, 313, 0, 120, '2', 50, 1, 850, '2022-08-10 10:35:45'),
(496, 314, 92, 0, '1', 75, 5, 225, '2022-08-10 10:37:39'),
(497, 314, 0, 126, '2', 50, 1, 225, '2022-08-10 10:37:39'),
(498, 315, 93, 0, '1', 340, 1, 190, '2022-08-10 10:39:31'),
(499, 315, 0, 121, '2', 50, 1, 190, '2022-08-10 10:39:31'),
(500, 316, 94, 0, '1', 480, 1, 780, '2022-08-10 10:40:08'),
(501, 316, 0, 123, '2', 50, 8, 780, '2022-08-10 10:40:08'),
(502, 317, 7, 0, '1', 50, 6, 600, '2022-08-10 10:47:21'),
(503, 317, 0, 124, '2', 50, 6, 600, '2022-08-10 10:47:21'),
(504, 318, 95, 0, '1', 60, 1, 1060, '2022-08-10 10:47:45'),
(505, 318, 5, 0, '1', 800, 1, 1060, '2022-08-10 10:47:45'),
(506, 318, 9, 0, '1', 300, 1, 1060, '2022-08-10 10:47:45'),
(507, 318, 0, 125, '2', 50, 1, 1060, '2022-08-10 10:47:45'),
(508, 318, 0, 127, '2', 50, 1, 1060, '2022-08-10 10:47:45'),
(509, 319, 92, 0, '1', 75, 1, 695, '2022-08-10 10:49:03'),
(510, 319, 89, 0, '1', 30, 1, 695, '2022-08-10 10:49:03'),
(511, 319, 88, 0, '1', 180, 1, 695, '2022-08-10 10:49:03'),
(512, 319, 0, 128, '2', 170, 3, 695, '2022-08-10 10:49:03'),
(513, 320, 87, 0, '1', 60, 1, 270, '2022-08-10 11:35:26'),
(514, 321, 87, 0, '1', 60, 1, 270, '2022-08-10 11:38:13'),
(515, 321, 7, 0, '1', 50, 1, 270, '2022-08-10 11:38:13'),
(516, 321, 0, 129, '2', 160, 1, 270, '2022-08-10 11:38:13'),
(517, 322, 87, 0, '1', 60, 1, 270, '2022-08-10 11:40:19'),
(518, 322, 7, 0, '1', 50, 1, 270, '2022-08-10 11:40:19'),
(519, 322, 0, 129, '2', 160, 1, 270, '2022-08-10 11:40:19'),
(520, 323, 87, 0, '1', 60, 1, 270, '2022-08-10 11:42:44'),
(521, 323, 7, 0, '1', 50, 1, 270, '2022-08-10 11:42:44'),
(522, 323, 0, 129, '2', 160, 1, 270, '2022-08-10 11:42:44'),
(523, 324, 87, 0, '1', 60, 1, 270, '2022-08-10 11:47:00'),
(524, 324, 7, 0, '1', 50, 1, 270, '2022-08-10 11:47:00'),
(525, 324, 0, 129, '2', 160, 1, 270, '2022-08-10 11:47:00'),
(526, 325, 87, 0, '1', 60, 1, 270, '2022-08-10 11:49:19'),
(527, 325, 7, 0, '1', 50, 1, 270, '2022-08-10 11:49:19'),
(528, 325, 0, 129, '2', 160, 1, 270, '2022-08-10 11:49:19'),
(529, 326, 87, 0, '1', 60, 1, 270, '2022-08-10 11:49:44'),
(530, 326, 7, 0, '1', 50, 1, 270, '2022-08-10 11:49:44'),
(531, 326, 0, 129, '2', 160, 1, 270, '2022-08-10 11:49:44'),
(532, 327, 87, 0, '1', 60, 1, 270, '2022-08-10 11:52:54'),
(533, 327, 7, 0, '1', 50, 1, 270, '2022-08-10 11:52:54'),
(534, 327, 0, 129, '2', 160, 1, 270, '2022-08-10 11:52:54'),
(535, 328, 5, 0, '1', 800, 4, 3400, '2022-08-10 11:55:12'),
(536, 328, 0, 130, '2', 50, 4, 3400, '2022-08-10 11:55:12'),
(537, 329, 5, 0, '1', 800, 1, 910, '2022-08-10 11:56:02'),
(538, 329, 0, 131, '2', 110, 1, 910, '2022-08-10 11:56:02'),
(539, 330, 5, 0, '1', 800, 4, 3450, '2022-08-10 12:01:05'),
(540, 330, 7, 0, '1', 50, 4, 3450, '2022-08-10 12:01:05'),
(541, 330, 0, 132, '2', 50, 1, 3450, '2022-08-10 12:01:05'),
(542, 331, 9, 0, '1', 300, 1, 505, '2022-08-10 15:26:10'),
(543, 331, 95, 0, '1', 60, 1, 505, '2022-08-10 15:26:10'),
(544, 331, 0, 133, '2', 145, 1, 505, '2022-08-10 15:26:10'),
(545, 0, 93, 0, '1', 340, 1, 370, '2022-08-10 15:27:44'),
(546, 0, 0, 135, '2', 30, 1, 370, '2022-08-10 15:27:44'),
(547, 0, 94, 0, '1', 480, 1, 530, '2022-08-10 15:29:05'),
(548, 0, 0, 134, '2', 50, 1, 530, '2022-08-10 15:29:05'),
(549, 0, 90, 0, '1', 160, 1, 210, '2022-08-10 15:35:58'),
(550, 0, 0, 137, '2', 50, 1, 210, '2022-08-10 15:35:58'),
(551, 0, 91, 0, '1', 60, 1, 110, '2022-08-10 15:37:43'),
(552, 0, 0, 138, '2', 50, 1, 110, '2022-08-10 15:37:43'),
(553, 0, 92, 0, '1', 75, 1, 125, '2022-08-10 15:42:08'),
(554, 0, 0, 136, '2', 50, 1, 125, '2022-08-10 15:42:08'),
(555, 0, 93, 0, '1', 340, 1, 390, '2022-08-10 15:42:35'),
(556, 0, 0, 139, '2', 50, 1, 390, '2022-08-10 15:42:35'),
(557, 3342080, 95, 0, '1', 60, 1, 570, '2022-08-10 15:44:47'),
(558, 3342080, 94, 0, '1', 480, 1, 570, '2022-08-10 15:44:47'),
(559, 0, 0, 140, '2', 30, 1, 570, '2022-08-10 15:44:47'),
(560, 8803224, 9, 0, '1', 300, 1, 350, '2022-08-10 15:48:12'),
(561, 8803224, 0, 141, '2', 50, 1, 350, '2022-08-10 15:48:12'),
(562, 3200546, 5, 0, '1', 800, 1, 1020, '2022-08-10 16:08:21'),
(563, 3200546, 7, 0, '1', 50, 1, 1020, '2022-08-10 16:08:21'),
(564, 3200546, 0, 142, '2', 170, 1, 1020, '2022-08-10 16:08:21'),
(565, 4407072, 5, 0, '1', 800, 1, 945, '2022-08-10 16:09:56'),
(566, 4407072, 7, 0, '1', 50, 1, 945, '2022-08-10 16:09:56'),
(567, 4407072, 0, 143, '2', 95, 1, 945, '2022-08-10 16:09:56'),
(568, 9501829, 93, 0, '1', 340, 1, 390, '2022-08-10 16:19:16'),
(569, 9501829, 0, 144, '2', 50, 1, 390, '2022-08-10 16:19:16'),
(570, 8391966, 9, 0, '1', 300, 20, 6525, '2022-08-10 16:22:09'),
(571, 8391966, 0, 145, '2', 175, 3, 6525, '2022-08-10 16:22:09'),
(572, 6905112, 9, 0, '1', 300, 20, 6525, '2022-08-10 16:23:10'),
(573, 6905112, 0, 145, '2', 175, 3, 6525, '2022-08-10 16:23:10'),
(574, 1627499, 9, 0, '1', 300, 20, 6525, '2022-08-10 16:23:21'),
(575, 1627499, 0, 145, '2', 175, 3, 6525, '2022-08-10 16:23:21'),
(576, 8698052, 9, 0, '1', 300, 20, 6525, '2022-08-10 16:28:26'),
(577, 8698052, 0, 145, '2', 175, 3, 6525, '2022-08-10 16:28:27'),
(578, 2727409, 95, 0, '1', 60, 4, 910, '2022-08-10 16:32:29'),
(579, 2727409, 94, 0, '1', 480, 1, 910, '2022-08-10 16:32:29'),
(580, 2727409, 91, 0, '1', 60, 1, 910, '2022-08-10 16:32:29'),
(581, 2727409, 0, 146, '2', 130, 1, 910, '2022-08-10 16:32:29'),
(582, 5412883, 89, 0, '1', 30, 1, 1345, '2022-08-10 16:33:06'),
(583, 5412883, 88, 0, '1', 180, 1, 1345, '2022-08-10 16:33:06'),
(584, 5412883, 9, 0, '1', 300, 4, 1345, '2022-08-10 16:33:06'),
(585, 5412883, 0, 147, '2', 135, 1, 1345, '2022-08-10 16:33:06'),
(586, 4700584, 92, 0, '1', 75, 7, 2800, '2022-08-10 16:33:49'),
(587, 4700584, 90, 0, '1', 160, 5, 2800, '2022-08-10 16:33:49'),
(588, 4700584, 0, 148, '2', 125, 5, 2800, '2022-08-10 16:33:49'),
(589, 4700584, 0, 149, '2', 190, 5, 2800, '2022-08-10 16:33:49'),
(590, 2083773, 7, 0, '1', 50, 1, 440, '2022-08-10 16:48:52'),
(591, 2083773, 0, 150, '2', 130, 3, 440, '2022-08-10 16:48:52'),
(592, 4448785, 5, 0, '1', 800, 1, 1640, '2022-08-10 16:49:54'),
(593, 4448785, 0, 151, '2', 130, 8, 1640, '2022-08-10 16:49:54'),
(594, 7385620, 9, 0, '1', 300, 1, 470, '2022-08-10 16:50:39'),
(595, 7385620, 0, 152, '2', 135, 2, 470, '2022-08-10 16:50:39'),
(596, 7520402, 95, 0, '1', 60, 1, 495, '2022-08-10 16:56:41'),
(597, 7520402, 0, 153, '2', 145, 3, 495, '2022-08-10 16:56:41'),
(598, 9639483, 94, 0, '1', 480, 1, 435, '2022-08-10 16:57:11'),
(599, 9639483, 0, 154, '2', 155, 1, 435, '2022-08-10 16:57:11'),
(600, 9596981, 93, 0, '1', 340, 1, 1115, '2022-08-10 16:57:45'),
(601, 9596981, 0, 155, '2', 175, 5, 1115, '2022-08-10 16:57:45'),
(602, 1759705, 7, 0, '1', 50, 1, 1350, '2022-08-11 08:41:19'),
(603, 1759705, 9, 0, '1', 300, 2, 1350, '2022-08-11 08:41:19'),
(604, 1759705, 0, 156, '2', 175, 4, 1350, '2022-08-11 08:41:19'),
(605, 5662963, 95, 0, '1', 60, 1, 680, '2022-08-11 08:45:04'),
(606, 5662963, 94, 0, '1', 480, 1, 680, '2022-08-11 08:45:04'),
(607, 5662963, 0, 157, '2', 140, 1, 680, '2022-08-11 08:45:04'),
(608, 2952932, 91, 0, '1', 60, 2, 795, '2022-08-11 08:49:00'),
(609, 2952932, 0, 158, '2', 135, 5, 795, '2022-08-11 08:49:00'),
(610, 4930206, 7, 0, '1', 50, 1, 1200, '2022-08-12 09:18:02'),
(611, 4930206, 0, 2, '2', 115, 10, 1200, '2022-08-12 09:18:02'),
(612, 4922382, 9, 0, '1', 300, 1, 1175, '2022-08-12 09:18:26'),
(613, 4922382, 0, 3, '2', 175, 5, 1175, '2022-08-12 09:18:26'),
(614, 5041356, 94, 0, '1', 480, 5, 3225, '2022-08-12 09:19:23'),
(615, 5041356, 0, 4, '2', 165, 5, 3225, '2022-08-12 09:19:23'),
(616, 2456662, 95, 0, '1', 60, 3, 2520, '2022-08-15 08:56:01'),
(617, 2456662, 94, 0, '1', 480, 4, 2520, '2022-08-15 08:56:01'),
(618, 2456662, 0, 5, '2', 165, 1, 2520, '2022-08-15 08:56:01'),
(619, 2456662, 0, 6, '2', 155, 1, 2520, '2022-08-15 08:56:01'),
(620, 2456662, 0, 7, '2', 100, 1, 2520, '2022-08-15 08:56:01'),
(621, 4633015, 94, 0, '1', 480, 1, 590, '2022-08-15 08:57:19'),
(622, 4633015, 95, 0, '1', 60, 1, 590, '2022-08-15 08:57:19'),
(623, 4633015, 0, 8, '2', 50, 1, 590, '2022-08-15 08:57:19'),
(624, 4933247, 92, 0, '1', 75, 1, 815, '2022-08-15 08:58:17'),
(625, 4933247, 91, 0, '1', 60, 5, 815, '2022-08-15 08:58:17'),
(626, 4933247, 0, 9, '2', 110, 4, 815, '2022-08-15 08:58:17'),
(627, 3532885, 91, 0, '1', 60, 1, 780, '2022-08-16 10:17:53'),
(628, 3532885, 86, 0, '1', 200, 1, 780, '2022-08-16 10:17:53'),
(629, 3532885, 0, 11, '2', 130, 4, 780, '2022-08-16 10:17:53'),
(630, 1874970, 85, 0, '1', 80, 1, 950, '2022-08-16 10:18:26'),
(631, 1874970, 84, 0, '1', 350, 1, 950, '2022-08-16 10:18:26'),
(632, 1874970, 0, 12, '2', 130, 4, 950, '2022-08-16 10:18:26'),
(633, 4381346, 87, 0, '1', 60, 3, 1005, '2022-08-16 10:19:23'),
(634, 4381346, 88, 0, '1', 180, 3, 1005, '2022-08-16 10:19:23'),
(635, 4381346, 0, 13, '2', 95, 3, 1005, '2022-08-16 10:19:23'),
(636, 5081525, 94, 0, '1', 480, 15, 7450, '2022-08-16 13:22:55'),
(637, 5081525, 0, 14, '2', 50, 5, 7450, '2022-08-16 13:22:55'),
(638, 1551416, 92, 0, '1', 75, 21, 1625, '2022-08-16 13:23:59'),
(639, 1551416, 0, 15, '2', 50, 1, 1625, '2022-08-16 13:23:59'),
(640, 8703401, 93, 0, '1', 340, 1, 390, '2022-08-16 13:24:48'),
(641, 8703401, 0, 16, '2', 50, 1, 390, '2022-08-16 13:24:48');

-- --------------------------------------------------------

--
-- Table structure for table `order_details_tobuy`
--

CREATE TABLE `order_details_tobuy` (
  `sid` int(11) NOT NULL,
  `ready_to_buy` text NOT NULL,
  `member_id` int(255) NOT NULL,
  `product_id` int(11) NOT NULL,
  `customized_id` int(50) NOT NULL,
  `cart_product_type` int(11) NOT NULL,
  `product_count` int(11) NOT NULL,
  `created_time` datetime NOT NULL
) ENGINE=InnoDB DEFAULT CHARSET=utf8mb4;

--
-- Dumping data for table `order_details_tobuy`
--

INSERT INTO `order_details_tobuy` (`sid`, `ready_to_buy`, `member_id`, `product_id`, `customized_id`, `cart_product_type`, `product_count`, `created_time`) VALUES
(29, '', 0, 1, 0, 2, 1, '2022-06-06 14:46:50'),
(30, '', 0, 1, 0, 2, 1, '2022-06-06 14:46:51'),
(31, '', 0, 1, 0, 2, 1, '2022-06-06 14:46:52'),
(32, '', 0, 1, 0, 2, 1, '2022-06-06 14:48:45'),
(33, '', 0, 1, 0, 2, 1, '2022-06-06 14:49:14'),
(34, '', 0, 1, 0, 2, 1, '2022-06-06 14:50:14'),
(35, '', 0, 1, 0, 2, 1, '2022-06-06 15:13:32'),
(36, '', 0, 1, 0, 2, 1, '2022-06-06 15:14:16'),
(37, '', 0, 1, 0, 2, 1, '2022-06-06 15:19:48'),
(38, '', 0, 1, 0, 2, 1, '2022-06-06 15:20:37'),
(39, '', 0, 1, 0, 2, 1, '2022-06-06 15:21:54'),
(40, '', 0, 1, 0, 2, 1, '2022-06-06 15:29:39'),
(41, '', 0, 1, 0, 2, 1, '2022-06-06 15:30:03'),
(42, '', 0, 1, 0, 2, 1, '2022-06-06 15:30:37'),
(43, '', 0, 2, 0, 2, 12, '2022-06-06 15:30:37'),
(44, '', 0, 1, 0, 2, 1, '2022-06-06 15:30:40'),
(45, '', 0, 2, 0, 2, 12, '2022-06-06 15:30:40'),
(46, '', 0, 1, 0, 2, 1, '2022-06-06 15:30:43'),
(47, '', 0, 2, 0, 2, 12, '2022-06-06 15:30:43'),
(48, '', 0, 1, 0, 2, 1, '2022-06-06 15:30:53'),
(49, '', 0, 2, 0, 2, 12, '2022-06-06 15:30:53'),
(50, '', 0, 1, 0, 2, 1, '2022-06-06 15:33:17'),
(51, '', 0, 2, 0, 2, 12, '2022-06-06 15:33:17'),
(52, '', 0, 1, 0, 2, 1, '2022-06-06 15:33:24'),
(53, '', 0, 2, 0, 2, 12, '2022-06-06 15:33:24'),
(54, '', 0, 1, 0, 2, 1, '2022-06-06 15:33:29'),
(55, '', 0, 2, 0, 2, 12, '2022-06-06 15:33:29'),
(56, '', 0, 1, 0, 2, 1, '2022-06-06 15:33:32'),
(57, '', 0, 2, 0, 2, 12, '2022-06-06 15:33:32'),
(58, '', 0, 1, 0, 2, 1, '2022-06-06 15:34:00'),
(59, '', 0, 2, 0, 2, 12, '2022-06-06 15:34:00'),
(60, '', 0, 1, 0, 2, 1, '2022-06-06 15:43:16'),
(61, '', 0, 2, 0, 2, 12, '2022-06-06 15:43:16'),
(62, '', 0, 1, 0, 2, 1, '2022-06-06 15:48:37'),
(63, '', 0, 2, 0, 2, 12, '2022-06-06 15:48:37'),
(64, '', 0, 1, 0, 2, 1, '2022-06-06 15:48:56'),
(65, '', 0, 2, 0, 2, 12, '2022-06-06 15:48:56'),
(66, '', 0, 1, 0, 2, 1, '2022-06-06 15:48:57'),
(67, '', 0, 2, 0, 2, 12, '2022-06-06 15:48:57'),
(68, '', 0, 1, 0, 2, 1, '2022-06-06 15:49:29'),
(69, '', 0, 2, 0, 2, 12, '2022-06-06 15:49:29'),
(70, '', 0, 1, 0, 2, 1, '2022-06-06 15:49:36'),
(71, '', 0, 2, 0, 2, 12, '2022-06-06 15:49:36'),
(72, '', 0, 1, 0, 2, 1, '2022-06-06 15:49:50'),
(73, '', 0, 2, 0, 2, 12, '2022-06-06 15:49:50'),
(74, '', 0, 1, 0, 2, 1, '2022-06-06 15:50:09'),
(75, '', 0, 2, 0, 2, 12, '2022-06-06 15:50:09'),
(76, '', 0, 1, 0, 2, 1, '2022-06-06 15:50:29'),
(77, '', 0, 2, 0, 2, 12, '2022-06-06 15:50:29'),
(78, '', 0, 1, 0, 2, 1, '2022-06-06 15:54:03'),
(79, '', 0, 2, 0, 2, 12, '2022-06-06 15:54:03'),
(80, '', 0, 1, 0, 2, 1, '2022-06-06 15:54:22'),
(81, '', 0, 2, 0, 2, 12, '2022-06-06 15:54:22'),
(82, '', 0, 1, 0, 2, 1, '2022-06-06 15:54:47'),
(83, '', 0, 2, 0, 2, 12, '2022-06-06 15:54:47'),
(84, '', 0, 1, 0, 2, 1, '2022-06-06 15:55:50'),
(85, '', 0, 2, 0, 2, 12, '2022-06-06 15:55:50'),
(86, '', 0, 1, 0, 2, 1, '2022-06-06 15:57:26'),
(87, '', 0, 2, 0, 2, 12, '2022-06-06 15:57:26'),
(88, '', 0, 1, 0, 2, 1, '2022-06-06 15:57:39'),
(89, '', 0, 2, 0, 2, 12, '2022-06-06 15:57:39'),
(90, '', 0, 1, 0, 2, 1, '2022-06-06 15:57:47'),
(91, '', 0, 2, 0, 2, 12, '2022-06-06 15:57:47'),
(92, '', 0, 1, 0, 2, 1, '2022-06-06 15:58:19'),
(93, '', 0, 2, 0, 2, 12, '2022-06-06 15:58:19'),
(94, '', 0, 1, 0, 2, 1, '2022-06-06 15:58:38'),
(95, '', 0, 2, 0, 2, 12, '2022-06-06 15:58:38'),
(96, '', 0, 1, 0, 2, 1, '2022-06-06 15:58:56'),
(97, '', 0, 2, 0, 2, 12, '2022-06-06 15:58:56'),
(98, '', 0, 1, 0, 2, 1, '2022-06-06 15:59:45'),
(99, '', 0, 2, 0, 2, 12, '2022-06-06 15:59:45'),
(100, '', 0, 1, 0, 2, 2, '2022-06-06 15:59:59'),
(101, '', 0, 1, 0, 2, 1, '2022-06-06 16:11:36'),
(102, '', 0, 1, 0, 2, 1, '2022-06-06 16:13:35'),
(103, '', 0, 2, 0, 2, 5, '2022-06-06 16:13:51'),
(104, '', 0, 3, 0, 2, 1, '2022-06-06 16:24:27'),
(105, '', 0, 2, 0, 2, 2, '2022-06-06 16:25:47'),
(106, '', 0, 1, 0, 2, 2, '2022-06-06 16:27:35'),
(107, '', 0, 2, 0, 2, 4, '2022-06-06 16:49:30'),
(108, '', 0, 3, 0, 2, 1, '2022-06-06 16:52:57'),
(109, '', 0, 3, 0, 2, 1, '2022-06-06 16:53:29'),
(110, '', 0, 3, 0, 2, 1, '2022-06-07 14:36:29'),
(111, '', 0, 2, 0, 2, 1, '2022-06-07 14:36:29'),
(112, '', 0, 1, 0, 2, 1, '2022-06-07 14:36:29'),
(113, '', 0, 3, 0, 2, 1, '2022-06-07 14:37:01'),
(114, '', 0, 2, 0, 2, 1, '2022-06-07 14:37:01'),
(115, '', 0, 1, 0, 2, 1, '2022-06-07 14:37:01'),
(116, '', 0, 3, 0, 2, 1, '2022-06-07 14:37:21'),
(117, '', 0, 2, 0, 2, 1, '2022-06-07 14:37:21'),
(118, '', 0, 1, 0, 2, 1, '2022-06-07 14:37:21'),
(119, '', 0, 3, 0, 2, 1, '2022-06-07 14:37:44'),
(120, '', 0, 2, 0, 2, 1, '2022-06-07 14:37:44'),
(121, '', 0, 1, 0, 2, 1, '2022-06-07 14:37:44'),
(122, '', 0, 3, 0, 2, 1, '2022-06-07 14:50:56'),
(123, '', 0, 2, 0, 2, 1, '2022-06-07 14:50:56'),
(124, '', 0, 1, 0, 2, 1, '2022-06-07 14:50:56'),
(125, '', 0, 3, 0, 2, 1, '2022-06-07 14:51:30'),
(126, '', 0, 2, 0, 2, 1, '2022-06-07 14:51:30'),
(127, '', 0, 1, 0, 2, 1, '2022-06-07 14:51:30'),
(128, '', 0, 3, 0, 2, 1, '2022-06-07 14:51:36'),
(129, '', 0, 2, 0, 2, 1, '2022-06-07 14:51:36'),
(130, '', 0, 1, 0, 2, 1, '2022-06-07 14:51:36'),
(131, '', 0, 3, 0, 2, 1, '2022-06-07 14:51:54'),
(132, '', 0, 2, 0, 2, 1, '2022-06-07 14:51:54'),
(133, '', 0, 1, 0, 2, 1, '2022-06-07 14:51:54'),
(134, '', 0, 7, 0, 2, 1, '2022-06-07 14:55:17'),
(135, '', 0, 4, 0, 2, 3, '2022-06-07 16:37:42'),
(136, '', 0, 4, 0, 2, 3, '2022-06-07 16:37:55'),
(137, '', 0, 9, 0, 2, 2, '2022-06-08 08:47:41'),
(138, '', 0, 8, 0, 2, 2, '2022-06-08 08:47:41'),
(140, '', 0, 47, 0, 1, 2, '2022-06-08 08:47:41'),
(141, '', 0, 15, 0, 1, 2, '2022-06-08 08:50:56'),
(142, '', 0, 49, 0, 2, 2, '2022-06-08 08:50:56'),
(143, '', 0, 10, 0, 2, 1, '2022-06-08 09:07:18'),
(145, '', 0, 14, 0, 1, 1, '2022-06-08 09:15:44'),
(146, '', 0, 7, 0, 2, 1, '2022-06-08 09:20:31'),
(147, '', 0, 14, 0, 1, 1, '2022-06-08 09:21:42'),
(148, '', 0, 14, 0, 1, 1, '2022-06-08 09:22:08'),
(149, '', 0, 14, 0, 1, 1, '2022-06-08 09:22:28'),
(150, '', 0, 14, 0, 1, 1, '2022-06-08 09:23:48'),
(151, '', 0, 14, 0, 1, 1, '2022-06-08 09:24:16'),
(152, '', 0, 53, 0, 1, 2, '2022-06-08 09:24:16'),
(153, '', 0, 14, 0, 1, 1, '2022-06-08 09:24:47'),
(154, '', 0, 53, 0, 1, 2, '2022-06-08 09:24:47'),
(155, '', 0, 14, 0, 1, 1, '2022-06-08 09:25:00'),
(156, '', 0, 53, 0, 1, 2, '2022-06-08 09:25:00'),
(157, '', 0, 53, 0, 1, 2, '2022-06-08 09:58:39'),
(158, '', 0, 53, 0, 1, 2, '2022-06-08 10:01:36'),
(159, '', 0, 53, 0, 1, 2, '2022-06-08 10:01:52'),
(160, '', 0, 53, 0, 2, 2, '2022-06-08 10:02:08'),
(161, '', 0, 53, 0, 2, 2, '2022-06-08 10:03:13'),
(162, '', 0, 1, 0, 2, 1, '2022-06-08 10:03:27'),
(163, '', 0, 21, 0, 1, 1, '2022-06-08 10:05:36'),
(164, '', 0, 54, 0, 2, 1, '2022-06-08 10:05:36'),
(165, '', 0, 1, 0, 2, 2, '2022-06-08 10:07:01'),
(166, '', 0, 55, 0, 1, 2, '2022-06-08 10:07:01'),
(167, '', 0, 1, 0, 2, 1, '2022-06-08 10:08:48'),
(168, '', 0, 56, 0, 1, 2, '2022-06-08 10:08:48'),
(169, '', 0, 2, 0, 2, 1, '2022-06-08 10:11:14'),
(170, '', 0, 57, 0, 2, 3, '2022-06-08 10:11:14'),
(171, '', 0, 1, 0, 2, 2, '2022-06-08 11:05:11'),
(172, '', 0, 3, 0, 2, 1, '2022-06-08 11:05:11'),
(173, '', 0, 58, 0, 2, 1, '2022-06-08 11:05:11'),
(174, '', 0, 1, 0, 2, 3, '2022-06-08 11:39:53'),
(175, '', 0, 59, 0, 2, 3, '2022-06-08 11:39:53'),
(176, '', 0, 1, 0, 2, 1, '2022-06-08 15:00:13'),
(177, '', 0, 60, 0, 2, 1, '2022-06-08 15:00:13'),
(178, '', 0, 61, 0, 2, 2, '2022-06-08 15:00:13'),
(179, '', 0, 2, 0, 2, 7, '2022-06-08 15:08:31'),
(180, '', 0, 62, 0, 2, 1, '2022-06-08 15:08:31'),
(181, '', 0, 63, 0, 2, 3, '2022-06-08 15:08:31'),
(182, '', 0, 1, 0, 2, 51, '2022-06-09 10:06:35'),
(183, '', 0, 2, 0, 2, 11, '2022-06-09 10:06:35'),
(184, '', 0, 64, 0, 2, 1, '2022-06-09 10:06:35'),
(185, '', 0, 2, 0, 2, 1, '2022-06-09 13:06:49'),
(186, '', 0, 1, 0, 2, 1, '2022-06-09 13:13:30'),
(187, '', 0, 1, 0, 2, 1, '2022-06-09 13:23:29'),
(188, '', 0, 1, 0, 2, 1, '2022-06-09 13:43:30'),
(189, '', 0, 1, 0, 2, 1, '2022-06-09 13:49:12'),
(190, '', 0, 1, 0, 2, 1, '2022-06-09 13:49:13'),
(191, '', 0, 1, 0, 2, 1, '2022-06-09 13:49:41'),
(192, '', 0, 1, 0, 2, 1, '2022-06-09 13:51:23'),
(193, '', 0, 1, 0, 2, 1, '2022-06-09 13:53:32'),
(194, '', 0, 1, 0, 2, 1, '2022-06-09 13:53:53'),
(195, '', 0, 1, 0, 2, 1, '2022-06-09 13:54:21'),
(196, '', 0, 1, 0, 2, 1, '2022-06-09 13:54:25'),
(197, '', 0, 1, 0, 2, 1, '2022-06-09 13:54:48'),
(198, '', 0, 1, 0, 2, 1, '2022-06-09 13:54:50'),
(199, '', 0, 1, 0, 2, 1, '2022-06-09 13:54:55'),
(200, '', 0, 1, 0, 2, 1, '2022-06-09 13:55:00'),
(201, '', 0, 1, 0, 2, 1, '2022-06-09 13:58:09'),
(202, '', 0, 1, 0, 2, 1, '2022-06-09 13:58:19'),
(203, '', 0, 1, 0, 2, 1, '2022-06-09 13:59:11'),
(204, '', 0, 1, 0, 2, 1, '2022-06-09 13:59:14'),
(205, '', 0, 1, 0, 2, 1, '2022-06-09 13:59:15'),
(206, '', 0, 1, 0, 2, 1, '2022-06-09 14:00:05'),
(207, '', 0, 1, 0, 2, 1, '2022-06-09 14:00:15'),
(208, '', 0, 1, 0, 2, 1, '2022-06-09 14:00:20'),
(209, '', 0, 1, 0, 2, 1, '2022-06-09 14:00:32'),
(210, '', 0, 1, 0, 2, 1, '2022-06-09 14:01:01'),
(211, '', 0, 1, 0, 2, 1, '2022-06-09 14:01:31'),
(212, '', 0, 1, 0, 2, 1, '2022-06-09 14:01:42'),
(213, '', 0, 1, 0, 2, 1, '2022-06-09 14:01:53'),
(214, '', 0, 1, 0, 2, 1, '2022-06-09 14:03:47'),
(215, '', 0, 69, 0, 1, 5, '2022-06-09 14:03:47'),
(216, '', 0, 1, 0, 2, 1, '2022-06-09 14:04:10'),
(217, '', 0, 69, 0, 1, 5, '2022-06-09 14:04:10'),
(218, '', 0, 1, 0, 2, 1, '2022-06-09 14:08:50'),
(219, '', 0, 69, 0, 1, 5, '2022-06-09 14:08:50'),
(220, '', 0, 1, 0, 2, 1, '2022-06-09 14:09:17'),
(221, '', 0, 69, 0, 1, 5, '2022-06-09 14:09:17'),
(222, '', 0, 1, 0, 2, 1, '2022-06-09 14:11:32'),
(223, '', 0, 69, 0, 1, 5, '2022-06-09 14:11:32'),
(224, '', 0, 1, 0, 2, 1, '2022-06-09 14:13:18'),
(225, '', 0, 69, 0, 1, 5, '2022-06-09 14:13:18'),
(226, '', 0, 1, 0, 2, 1, '2022-06-09 14:17:05'),
(227, '', 0, 69, 0, 1, 5, '2022-06-09 14:17:05'),
(228, '', 0, 1, 0, 2, 1, '2022-06-09 14:17:53'),
(229, '', 0, 69, 0, 1, 5, '2022-06-09 14:17:53'),
(230, '', 0, 1, 0, 2, 1, '2022-06-09 14:20:59'),
(231, '', 0, 69, 0, 1, 5, '2022-06-09 14:20:59'),
(232, '', 0, 1, 0, 2, 1, '2022-06-09 14:24:22'),
(233, '', 0, 69, 0, 1, 5, '2022-06-09 14:24:22'),
(234, '', 0, 1, 0, 2, 1, '2022-06-09 14:26:06'),
(235, '', 0, 69, 0, 1, 5, '2022-06-09 14:26:06'),
(236, '', 0, 1, 0, 2, 1, '2022-06-09 14:26:51'),
(237, '', 0, 69, 0, 1, 5, '2022-06-09 14:26:51'),
(238, '', 0, 1, 0, 2, 1, '2022-06-09 14:27:35'),
(239, '', 0, 69, 0, 1, 5, '2022-06-09 14:27:35'),
(240, '', 0, 1, 0, 2, 1, '2022-06-09 14:27:51'),
(241, '', 0, 69, 0, 1, 5, '2022-06-09 14:27:51'),
(242, '', 0, 1, 0, 2, 1, '2022-06-09 14:29:38'),
(243, '', 0, 4, 0, 2, 1, '2022-06-09 14:29:38'),
(244, '', 0, 1, 0, 2, 1, '2022-06-09 14:30:04'),
(245, '', 0, 4, 0, 2, 1, '2022-06-09 14:30:04'),
(246, '', 0, 1, 0, 2, 1, '2022-06-09 14:30:25'),
(247, '', 0, 4, 0, 2, 1, '2022-06-09 14:30:25'),
(248, '', 0, 1, 0, 2, 1, '2022-06-09 14:31:17'),
(249, '', 0, 4, 0, 2, 1, '2022-06-09 14:31:17'),
(250, '', 0, 1, 0, 2, 1, '2022-06-09 14:32:48'),
(251, '', 0, 4, 0, 2, 1, '2022-06-09 14:32:48'),
(252, '', 0, 1, 0, 2, 1, '2022-06-09 14:33:32'),
(253, '', 0, 4, 0, 2, 1, '2022-06-09 14:33:32'),
(254, '', 0, 1, 0, 2, 1, '2022-06-09 14:34:08'),
(255, '', 0, 4, 0, 2, 1, '2022-06-09 14:34:08'),
(285, '', 0, 1, 0, 2, 1, '2022-06-09 17:21:00'),
(286, '', 0, 2, 0, 2, 2, '2022-06-09 17:21:00'),
(287, '', 0, 70, 0, 2, 2, '2022-06-09 17:21:00'),
(288, '', 0, 1, 0, 2, 10, '2022-06-10 15:51:10'),
(289, '', 0, 71, 0, 1, 3, '2022-06-10 16:39:04'),
(290, '', 0, 1, 0, 2, 2, '2022-06-10 17:43:47'),
(291, '', 0, 13, 0, 1, 1, '2022-06-13 08:32:01'),
(292, '', 0, 11, 0, 1, 1, '2022-06-13 08:32:01'),
(293, '', 0, 2, 0, 2, 1, '2022-06-13 08:32:01'),
(294, '', 0, 77, 0, 1, 2, '2022-06-13 08:32:01'),
(295, '', 0, 2, 0, 2, 1, '2022-06-13 08:52:48'),
(296, '', 0, 78, 0, 1, 3, '2022-06-13 08:52:48'),
(297, '', 0, 2, 0, 2, 4, '2022-06-13 10:49:44'),
(298, '', 0, 1, 0, 2, 5, '2022-06-13 10:49:44'),
(302, '0', 300, 0, 5000, 2, 1, '2022-08-04 11:32:05'),
(303, '0', 300, 0, 5000, 2, 1, '2022-08-04 11:32:50');

-- --------------------------------------------------------

--
-- Table structure for table `product`
--

CREATE TABLE `product` (
  `sid` int(11) NOT NULL,
  `product_name` varchar(255) NOT NULL,
  `product_type` int(11) NOT NULL,
  `product_img` varchar(255) NOT NULL,
  `product_price` int(11) NOT NULL,
  `product_unit` int(11) NOT NULL,
  `product_details` varchar(500) NOT NULL,
  `product_expire` int(11) NOT NULL,
  `product_inventory` int(11) NOT NULL,
  `product_supplier` int(11) NOT NULL,
  `hot_sale` tinyint(1) NOT NULL DEFAULT 0,
  `product_status` tinyint(1) NOT NULL DEFAULT 1,
  `product_hashtag` varchar(255) NOT NULL,
  `sale_time` datetime DEFAULT NULL,
  `created_at` datetime NOT NULL DEFAULT current_timestamp()
) ENGINE=InnoDB DEFAULT CHARSET=utf8mb4;

--
-- Dumping data for table `product`
--

INSERT INTO `product` (`sid`, `product_name`, `product_type`, `product_img`, `product_price`, `product_unit`, `product_details`, `product_expire`, `product_inventory`, `product_supplier`, `hot_sale`, `product_status`, `product_hashtag`, `sale_time`, `created_at`) VALUES
(1, '頂級金枕頭榴槤', 2, '[\"durian03.jpg\",\"durian.jpg\",\"F- durian.png\"]', 800, 7, '泰國正宗直送台灣本島！當地新鮮現摘。果肉呈淺黃色，口感香甜細緻，一口咬下有如雪糕般鬆軟，香氣濃郁卻不刺鼻', 14, 30, 2, 1, 1, '[2]', NULL, '2022-07-17 20:53:37'),
(2, '日本弘前富士蘋果', 2, '[\"apples-02.jpg\",\"F-apple.jpg\",\"apple-03.jpg\"]', 80, 7, '產自日本蘋果金字招牌故鄉『青森縣』，味美香甜，果肉口感更勝富士蘋果，擁有優雅的瑰紅色外表，帶著黃色小點，果型圓潤相當討喜，吃起來的口感脆甜，硬度相稍低於密富士，但甜度高、酸度低、香氣濃郁、富有水分，口味柔和清爽。', 14, 30, 2, 0, 1, '[1,2,8]', NULL, '2022-07-17 20:53:37'),
(3, '無毒台灣香蕉', 2, '[\"banana.jpg\",\"F-banana.jpg\",\"banana-01.jpg\"]', 50, 1, '自然農法香蕉的品種的特色是特別有香氣，肉質十分細緻，口感綿密而扎實，是品質極佳香蕉品種。香蕉含有豐富鉀離子、色胺酸和可溶性纖維，有助於幫助消化。', 7, 2, 1, 1, 1, '[1,2,6,9]', NULL, '2022-07-17 20:53:37'),
(4, '有機藍莓空運進口', 2, '[\"blueberries-01.jpg\",\"blueberries.jpg\",\"F-blueberry.jpg\"]', 100, 6, '藍莓為小漿果，果實呈藍色，近圓形，果肉細膩，種子極小，甜酸適度，且具有香爽宜人的香氣，可鮮食，也可作為食品、飲料、醫藥等的原料。 不論新鮮或加工，藍莓的營養價值都是不容忽視。', 7, 30, 2, 0, 1, '[2,6]', NULL, '2022-07-17 20:53:37'),
(5, '嚴選台灣哈密瓜', 2, '[\"melon-01.jpg\",\"F-cantaloupe.webp\",\"melon-02.jpg\"]', 300, 7, '從育苗、長成、結果到成熟，均有塑膠布網室保護，生長過程中剔除品質不佳，只留下1-2顆幼果，網紋紅肉，果肉厚、甜度佳、香氣濃，品質有保證。 哈密瓜營養價值豐富，尤以維他命C及維他命A、鐵質含量非常豐富，是水果中的珍品，有「瓜中之王」的美稱', 12, 0, 1, 1, 1, '[2,4,8,9]', NULL, '2022-07-17 20:53:37'),
(6, '卓蘭楊桃', 2, '[\"F-carambola.jpg\"]', 50, 6, '台灣栽種馬來西亞種的楊桃果實大，每顆可達300克~400克以上，成熟時顏色呈橙黃色，甚至橘紅色，非常鮮艷。加上味道特別甜，非常討好台灣大眾對水果講究甜味以及顏色要深的偏好。', 4, 30, 1, 0, 1, '[2,3,4,6]', NULL, '2022-07-17 20:53:37'),
(7, '美國加州空運櫻桃', 2, '[\"cherries011.jpg\",\"fresh-cherry.jpg\",\"F-cherry.jpg\"]', 200, 6, '富含維它命C與鐵質 水果紅寶石，吃起來口感甜中帶微酸、果肉滋味純美，美味好吃夏季超人氣天后。', 7, 30, 2, 0, 1, '[2]', NULL, '2022-07-17 20:53:37'),
(8, '新鮮蔓越莓', 2, '[\"F-cranberry.jpg\",\"bowcranberr.jpg\"]', 150, 6, '當季新鮮採，鎖住蔓越莓的營養，天然的酸甜滋味，開封即食應用多樣，無論是烘培、果汁、奶昔、果醬等，快速備餐的祕密武器，一包在手變化無窮', 7, 30, 2, 0, 1, '[2,9]', NULL, '2022-07-17 20:53:37'),
(9, '嚴選巨峰葡萄', 2, '[\"black-grape.jpg\",\"F-grape.jpg\",\"grapeplant.jpg\"]', 100, 1, '完全無農藥栽培的巨峰葡萄，果粉超級均勻細緻，幾乎是夢幻等級！果肉紮實有彈性，舒服的滋味讓人喉頭回甘，一點都不澀。無農藥栽培連皮吃，可以把葡萄皮滿滿的營養吃下去，超安心～', 5, 30, 2, 1, 1, '[2,3,8,9]', NULL, '2022-07-17 20:53:37'),
(10, '有機頂級珍珠芭樂', 2, '[\"F-guava.jpg\",\"guava-fruit.jpg\"]', 25, 3, '沒有噴農藥、化肥、除草劑，有機栽培，連皮都可以安心吃下肚，芭樂皮富含維生素C和多酚，芭樂果肉更富含纖維，連芭樂仔的含鐵量還是熱帶果實中最多的。', 7, 30, 1, 0, 0, '[2,4,6,8]', NULL, '2022-07-17 20:53:37'),
(11, '產銷履歷青江菜', 1, '[\"chinese-cabbage01.jpg\",\"v_leafy_bokchoy_2.jpg\"]', 30, 2, '含有豐富維生素C與鈣質，營養價值高。煮湯清炒都好吃、補充每日蔬菜攝取量！', 3, 30, 1, 0, 1, '[2,3,4,6]', NULL, '2022-07-17 20:53:37'),
(12, '【高山】高麗菜', 1, '[\"farmers-cabbage.jpg\",\"v_leafy_cabbage_3.jpg\"]', 60, 7, '口感：滋味甜脆、中肋細小，清炒、生食、涼拌醃漬、製作菜卷等都很適合。', 7, 30, 1, 0, 1, '[8,9]', NULL, '2022-07-17 20:53:37'),
(13, '白花椰菜', 1, '[\"cauliflower.jpg\",\"v_leafy_cauliflower.jpg\"]', 60, 7, '花椰菜富含維生素B群、C，這些成分屬於水溶性，易受熱溶出而流失，所以煮花椰菜不宜高溫烹調，也不適合水煮。', 7, 30, 1, 0, 1, '[8,9]', NULL, '2022-07-17 20:53:37'),
(14, '有機紫高麗菜', 1, '[\"red-cabbage-01.jpg\",\"v_leafy_red-cabbage_2.jpg\"]', 80, 7, '紫高麗菜俗稱紫包菜，是十字花科的一種蔬菜。營養豐富，含有維生素C、V、E和B群。其營養價值為一般高麗菜的四倍。維生素C是柑橘的兩倍。一般常見的食用方式為生菜沙拉，也適合製作成油醋涼拌菜。有機、高營養口味清甜，也有許多媽媽製作成寶寶副食品。', 7, 30, 2, 1, 1, '[2,6,8]', NULL, '2022-07-17 20:53:37'),
(15, '嚴選有機大黃瓜', 1, '[\"v_melons_corms_cucumber_5.jpg\"]', 50, 5, '含水極高，且含丙醇二酸，可抑制糖類轉化為脂肪，被視為減肥食品。嫩籽含維生素E較多', 4, 30, 2, 0, 1, '[1,2,3]', NULL, '2022-07-17 20:53:37'),
(16, '有機小黃瓜', 1, '[\"v_melons_corms_cucumbers_7.jpg\"]', 10, 5, '口感清爽、含豐富維生素的小黃瓜，是涼拌沙拉與精力湯的好夥伴，但連續採收的特性，易有農藥殘留疑慮。農夫蔡昌旺在苗栗造橋，以有機方式種植小黃瓜。他的小黃瓜有著翠綠長胖的外型，清脆多汁外，更多了一份鮮甜瓜果的香氣。', 4, 30, 2, 0, 1, '[4,8]', NULL, '2022-07-17 20:53:37'),
(17, '台灣栗子南瓜', 1, '[\"v_melons_corms_pumpkins.png\",\"pumpkim.jpg\"]', 80, 3, '果皮呈深綠色，體型圓扁且果肉金黃飽滿，口感細緻綿密，香味近似栗子香般甜潤，可以連著果皮烹調、食用。富含胡蘿蔔素、維生素、礦物質及膳食纖維，營養價值高，是許多追求健康蔬食者熱愛的瓜果。', 14, 30, 1, 0, 1, '[1,2,6,8]', NULL, '2022-07-17 20:53:37'),
(18, '台灣有機綠櫛瓜', 1, '[\"v_melons_corms_zucchini_3.jpg\"]', 50, 5, '櫛瓜外表看起來雖與黃瓜、小黃瓜相似，但其實屬於南瓜同種的葫蘆科，又稱為「夏南瓜」，由於本身沒有特殊的味道，因此可與任何料理搭配，不論焗烤或油煎，甚至直接切片當沙拉都很好吃。', 5, 40, 1, 0, 1, '[1,2,8]', NULL, '2022-07-17 20:53:37'),
(19, '埔鹽安心馬鈴薯', 1, '[\"potatoes.jpg\",\"v_melons_corms_potatoes.jpg\"]', 20, 7, '有機栽培種植的黃皮馬鈴薯，各個頭好壯壯，健康好吃無負擔，口感甘甜綿密，不管蒸煮、馬鈴薯沙拉、濃湯、烤或炸成原塊薯條、當作主食都超級美味！！', 14, 30, 1, 1, 1, '[1,8,9]', NULL, '2022-07-17 20:53:37'),
(20, '屏東有機本土洋蔥', 1, '[\"v_spices_onions_2.jpg\"]', 20, 7, '洋蔥在料理界佔有重要一席之地，用來爆香、提鮮、甜味自然回甘。採有機栽培，無農藥、無化肥種植的洋蔥品質更是優秀，清脆爽口甜度棒，讓您吃得安心又滿足！', 14, 30, 2, 0, 1, '[1,8,9]', NULL, '2022-07-17 20:53:37'),
(21, '在地嚴選螃蟹', 7, '[\"fresh-crab.jpg\",\"s_crab_3.jpg\"]', 1000, 4, '生長於澎湖海域的特有野生扁蟹，盛產期秋天至隔年春天，當季捕撈的扁蟹肉新鮮肥美，營養豐富！透過高鹽度的海水鹹味襯托出蟹肉本身的甜味，每一口皆是Q彈又甘甜！', 3, 30, 5, 0, 1, '[1,6,7]', NULL, '2022-07-17 20:53:37'),
(22, '野生活凍鮮嫩龍蝦', 7, '[\"s_lobster_2.jpg\"]', 800, 4, '殼薄肉多又飽滿，連蝦頭都是滿滿的肉，肉質扎實清甜，比一般大龍蝦鮮嫩，含有豐富蝦膏，每一口都是滿足，適合所有料理方式，料理後口感絕佳，清蒸、火烤、煮火鍋、煮湯都OK。', 20, 30, 4, 0, 1, '[1,6,7]', NULL, '2022-07-17 20:53:37'),
(23, '泰國蝦-特大蝦公', 7, '[\"fresh-shrimp-01.jpg\",\"fresh-shrimps02.jpg\",\"s_shrimp_4.jpg\"]', 400, 6, '高雄在地經營20年的泰國蝦專賣店，每天早上至屏東里港與配合的蝦農親自挑選。產地直送、活蝦直凍，新鮮、品質、有保證。', 20, 30, 6, 0, 1, '[1,6]', NULL, '2022-07-17 20:53:37'),
(24, '澎湖全殼大牡蠣', 7, '[\"s_oyster_1.jpg\"]', 600, 6, '澎湖活凍帶殼生蠔，生長於海水清澈、水質良好的產地，整顆採收完整保留營養與鮮甜口感，只要簡單清蒸、鹽烤加點檸檬滋味，絕倫滋味絕對讓您難以忘懷，低卡又含豐富營養，補充滿滿活力', 3, 30, 4, 0, 1, '[1,6,7]', NULL, '2022-07-17 20:53:37'),
(25, '頂級鮪魚腹排', 8, '[\"s_tuna.png\",\"tuna-ice.jpg\"]', 2000, 6, '取自黃鰭大目鮪魚腹肉，這部位油花均勻細緻，肉質鮮嫩可口，簡單乾煎就是人間美味，油滋滋的香氣迷死人。拿來紅燒或味噌湯也是非常好吃，讓你的料理滿滿海味。', 3, 30, 6, 0, 1, '[6]', NULL, '2022-07-17 20:53:37'),
(26, '鮮凍智利鮭魚', 8, '[\"salmon-dish02.jpg\",\"s_salmon_4.jpg\",\"steak-salmon01.jpg\"]', 800, 6, '鮭魚又被譽為冰海之皇，體型碩大富含對人體有益的魚油，捕撈後隨即低溫急速冷凍保存，銷住鮭魚的鮮美滋味，直送到家！', 20, 30, 6, 0, 1, '[6]', NULL, '2022-07-17 20:53:37'),
(27, '永安生態吳郭魚', 8, '[\"fresh-fish.jpg\",\"s_snapper.jpg\"]', 100, 5, '養殖於高雄永安，採全海水生態養殖的「海吳郭魚」，肉質非常細緻甘甜，魚體型不大，但非常鮮香。獨特配方飼料，含有亞麻仁籽、食品級黃豆，魚肉營養價值更高，更含珍貴的Omega3。', 3, 30, 6, 0, 1, '[1,6]', NULL, '2022-07-17 20:53:37'),
(28, '西班牙伊比利豬', 3, '[\"isolated-pig.jpg\",\"pork029.jpeg\"]', 1500, 6, '嚴選西班牙豬排 肉質鮮嫩香純，油脂豐潤不膩口 雪白油花均勻細緻', 3, 30, 3, 0, 1, '[5,6]', NULL, '2022-07-17 20:53:37'),
(29, '日本A5頂級和牛', 5, '[\"fresh-beef06.jpg\",\"beef013.jpeg\"]', 2500, 6, '肋眼上蓋為順著肋眼牛肉之筋膜所切下的上蓋肉，為肋眼牛排的精華部位，數量稀少。肉質極為纖細，脂肪交雜呈大理石花紋狀，脂肪含量較高，還有像發光般的光澤，外觀極美。', 3, 30, 4, 0, 1, '[6]', NULL, '2022-07-17 20:53:37'),
(30, '放牧烏骨雞腿', 4, '[\"chicken010.jpeg\"]', 300, 6, '酵母烏骨雞增長在台灣彰化，吹著海風曬日光浴長大。 飼養週期達14週，別於ㄧ般雞隻的11週。完熟體重：烏骨雞1.1kg 。飼育期間依生長期不同會餵食不同配方的酵母發酵飼料，第一期為生長、第二期為育肥、第三期為完熟。', 3, 30, 1, 1, 1, '[1,5,6]', NULL, '2022-07-17 20:53:37'),
(31, '安心豬五花肉條', 3, '[\"pork029.jpeg\"]', 250, 6, '陳家於雲林三代養豬，專業養殖外更包含對生命的敬重。高成本的規劃寬敞活動空間，水冷降溫設備，還設有豬隻專屬的磨牙區，以人道友善的方式畜牧，豬隻更健康。搭配亞麻籽、核苷酸、熟豆粉等熟化飼料，將豬肉中大部份的飽和脂肪酸轉為不飽和脂肪酸，同時提升維他命及有機礦物質含量，豬肉吃起來甜嫩無腥營養。', 3, 30, 3, 0, 1, '[1,5,6]', NULL, '2022-07-17 20:53:37'),
(32, '特級精選菲力牛排', 5, '[\"meat-beef-color.jpg\"]', 400, 6, '取自牛的腰內肉，一頭700公斤的成年肉牛只能產出4至5公斤的菲力，低脂無筋，是牛排裡口感最軟嫩的部位，軟嫩的肉質，是老少咸宜都能接受的部位', 3, 30, 4, 0, 1, '[1,5,6]', NULL, '2022-07-17 20:53:37'),
(33, '頂級厚切小羊肋排', 6, '[\"lamb.jpg\"]', 1080, 6, '嚴選優質健康草飼羊，只取用6個月以下優質的小羔羊，而非腥騷的成羊！特取用第5~13根最厚實的肋排部位，每隻羊只取1對的羊排，量少質優！肉質特別軟嫩無羊腥味，不需過多的醃漬及調味以平底鍋乾煎或燒烤，簡易料理即可上桌就很美味囉！牧場、分切場均通過產銷履歷認證，飼養通過安全檢驗飼料、牧草，實在用心養足12個月，不催促生長；專業獸醫師檢驗後分切，層層嚴謹把關。', 3, 30, 5, 1, 1, '[1,5,6]', NULL, '2022-07-17 20:53:37'),
(34, '精選牛奶蜜棗', 2, '[\"F-Jujube.jpg\"]', 200, 6, '數顆渾圓飽滿的蜜棗常被讚譽為「台灣青蘋果」，翠玉外衣下是甜美的果實。一顆顆翠綠圓潤的蜜棗，宛若縮小版的青蘋果，掛在枝頭上，迎著溫暖的陽光，靜靜地累積糖分！。因採無毒友善方式種植，果皮表面有些許瑕疵屬正常現象，但不影響內部果肉品質，請安心食用', 5, 30, 2, 0, 1, '[1,2,8]', NULL, '2022-07-17 20:53:37'),
(35, '鮮採拉拉山水蜜桃', 2, '[\"peach03.jpg\",\"peach02.jpg\"]', 600, 6, '正宗拉拉山水蜜桃，鮮甜多汁香氣迷人，果形飽滿底部圓潤，香氣風味更優於進口水蜜桃，下單後產地鮮採直送，在家即能輕鬆享用盛夏限定的天然美味！拉拉山的水蜜桃別具盛名，因為拉拉山位居中高海拔，日夜溫差大，時常雲霧繚繞，好山好水的地理環境，非常適合種植水蜜桃。', 5, 30, 1, 1, 1, '[8,9]', NULL, '2022-07-17 20:53:37'),
(36, '陽光金圓頭奇異果', 2, '[\"F-Kiwifruit.jpg\"]', 200, 6, '紐西蘭進口有機奇異果符合嚴格的紐西蘭有機品質與安全準則，確保每一口都能嚐到大自然賦予的天然美味，安心吃沒負擔。熱量低擁有高維生素C及高營養密度，是奇異果人氣居高不下的關鍵因素，果皮薄透、外型渾圓、水分豐富多汁，一入口酸爽，後勁水潤香甜。讓奇異果充滿著層次感的魅力，喚醒身體的活力。', 12, 30, 2, 0, 1, '[6]', NULL, '2022-07-17 20:53:37'),
(37, '大樹貴妃玉荷包', 2, '[\"red-lychee-fruit01.jpg\"]', 150, 1, '玉荷包是台灣荔枝當中，最受矚目的品種之一，汁多酸甜比例佳，果實皮薄果肉豐厚，白嫩Q彈果核小，自古以來為的珍貴果品。玉荷包種植不易，對環境及排水都需要特別用心，才可種出高品質的玉荷包。', 5, 30, 2, 1, 1, '[3,4]', NULL, '2022-07-17 20:53:37'),
(38, '新鮮老欉龍眼', 2, '[\"F-longan.jpg\"]', 150, 1, '農友廖文森的龍眼果園位於南投中寮，園內龍眼樹多為五十年以上的老欉，部分老樹更已近百歲。且因園區位於順向坡往河流的路上，按照老一輩的說法就是「地下有水根」，意思是有水脈經過，即便氣候少雨，龍眼樹也不缺水。因此文森家的龍眼鮮果格外細緻、多汁而且甜美。', 5, 13, 1, 0, 1, '[3,4]', NULL, '2022-07-17 20:53:37'),
(39, '愛文芒果', 2, '[\"mango02.jpg\"]', 200, 6, '芒果是盛夏時節不可錯過的好滋味。讓你可以盡情享受夏天果實美味。愛文芒果皮紅肉黃口感Q，芒果香味別具特色，口感香甜果肉細嫩，這是夏天一定要品嘗的滋味~', 7, 30, 1, 0, 1, '[3,4,6]', NULL, '2022-07-17 20:53:37'),
(40, '有機百香果', 2, '[\"passion-fruit01.jpg\"]', 80, 6, '剖開百香果不起眼的外皮，專屬於香果的清香立即撲鼻而來，那香味刺激了味蕾，讓人忍不住要吞了吞口水，黃澄澄的果肉，飽滿又多汁，多一分則太酸，少一分則太甜，酸甜堪稱完美比例，夏天食用最是「清涼脾肚開」！', 7, 19, 1, 1, 1, '[3,4,8]', NULL, '2022-07-17 20:53:37'),
(41, '雲林元長蒜頭', 1, '[\"garlic02.jpg\"]', 80, 8, '餐桌上蒜香味，嗅著就食指大動。牽引味蕾、激昂脾胃，台灣蒜頭，獨特又鮮明的嗆辣，是許多人情有獨鍾的味道。在種植方式上，不採用慣行農法，走的是友善耕作，通過「產銷履歷」認證。', 14, 30, 1, 0, 1, '[1,2]', NULL, '2022-07-17 20:53:37'),
(42, '台灣高山老薑', 1, '[\"ginger02.jpg\",\"v_spices_ginger_2.png\"]', 50, 8, '嚴選台灣高山老薑⛰自古以來，老祖先的智慧讓薑入藥也入菜，透過三餐就能使全家人在不知不覺之中得到保健的功效。薑從最輕微的防暈止吐，到維護心血管暢通等都有助益，對忙碌的現代人而言，無疑是絕佳的健康食物。', 14, 30, 1, 0, 1, '[1]', NULL, '2022-07-17 20:53:37'),
(43, '台灣大粒紅蔥頭', 1, '[\"v_spices_garlic_2.jpg\"]', 80, 8, '紅蔥頭本身帶有微嗆氣味，故切紅蔥頭時會產生類似切洋蔥的辛辣氣味，切片後細看內部，能發現類似洋蔥片狀的小分層。紅蔥頭可用來切片後以豬油油炸製成油蔥酥，炸後的紅蔥頭多了酥脆感，加熱後味道由微嗆味轉為香氣，用於拌麵、滷肉燥、燙炒青菜等能讓料理香噴噴。', 14, 30, 1, 0, 1, '[1]', NULL, '2022-07-17 20:53:37'),
(44, '嚴選紅蘿蔔', 1, '[\"carrots.jpg\"]', 40, 8, '天然農場品，每次採收的大小不同，所以不分大小顆出貨，敬請留意', 7, 30, 2, 0, 1, '[1]', NULL, '2022-07-17 20:53:37'),
(45, '台灣牛蕃茄', 1, '[\"tomatoes.jpg\"]', 30, 7, '自然農法悉心栽培，産地嚴選 粒粒碩大紅潤，口感鮮甜 滿滿茄紅素', 5, 30, 2, 0, 1, '[3]', NULL, '2022-07-17 20:53:37'),
(46, '有機白玉苦瓜', 1, '[\"bitter-melon.jpg\"]', 60, 5, '白苦瓜又叫白玉苦瓜，苦味較綠色苦瓜淡，口感爽脆，可以生吃也可以熟吃。苦瓜特別是維他命C的含量居瓜類之冠，有瓜中C王之稱。', 5, 7, 1, 0, 1, '[3,6]', NULL, '2022-07-17 20:53:37'),
(47, '履歷烏殼綠竹筍', 1, '[\"bamboo.jpg\"]', 120, 8, '季節商品，富膳食纖維，竹筍香氣較重。 適合快炒、湯品料理皆宜', 3, 30, 2, 1, 1, '[4,6,8]', NULL, '2022-07-17 20:53:37'),
(48, '水洗白蘿蔔', 1, '[\"white-radishes02.jpg\",\"cutboard-1.jpg\"]', 50, 5, '清甜可口，富含膳食纖維。高纖低卡，營養價值豐', 5, 30, 2, 0, 1, '[4,6,8,9]', NULL, '2022-07-17 20:53:37'),
(49, '帶皮五花肉條', 3, '[\"pork-bellys.jpg\"]', 300, 6, '帶皮的三層肉，肥瘦層層交疊，加熱後鮮甜的肥肉馬上化開，瘦肉久煮不柴，QQ的豬皮口感極佳，是做紅燒肉、焢肉的最佳選擇。', 3, 30, 3, 0, 1, '[5,6,9]', NULL, '2022-07-17 20:53:37'),
(50, '豬小排肉/肋排', 3, '[\"meat07.jpg\"]', 200, 6, '修除豬腹脅之帶肋骨部位，切製成每塊約長4公分；台糖豬小排肉為純正豬肋排切製，肥瘦黃金比例，絕不使用粗排或其他部位骨來混充，適宜紅燒、燉湯滋鮮味美、口感佳，吃了都說\"讚\"！', 3, 30, 3, 0, 1, '[5,6,9]', NULL, '2022-07-17 20:53:37'),
(51, '產銷履歷豬腰內肉', 3, '[\"pork-meat02.jpg\"]', 250, 6, '以『前後腿之伸指肌』切製，含『腿仁』之紡錘形肌束，並修除脂肪。富含筋腱、韌帶，口感Ｑ彈有嚼勁。', 3, 30, 3, 0, 1, '[5,6]', NULL, '2022-07-17 20:53:37'),
(52, '特選豬五花肉片', 3, '[\"pork-5.jpg\",\"pork-6.jpg\"]', 120, 6, '台灣產優質國產豬，油花豐富，口感鮮嫩，火鍋、燒烤、家常料理必備食材。', 3, 30, 3, 0, 1, '[5,6]', NULL, '2022-07-17 20:53:37'),
(53, '里肌豬排', 3, '[\"barbecue-animal.jpg\"]', 200, 6, '油脂偏少、肉質富咬勁，形狀和紋理工整是上等肉', 3, 30, 3, 0, 1, '[5,6]', NULL, '2022-07-17 20:53:37'),
(54, '澎湖放牧黃牛肉丁', 5, '[\"meat-beef5.jpg\"]', 350, 6, '採用肩胛肉切成小塊狀的肉丁，油脂適中肉汁多。可以鐵板、紅燒、快炒等方式呈現出黃牛肉的好滋味。', 3, 0, 4, 0, 1, '[5,6]', NULL, '2022-07-17 20:53:37'),
(55, '御牧牛台灣牛大骨', 5, '[\"pork-bone.jpg\"]', 200, 6, '在家自製燉滷元氣滿滿的鮮甜高湯好滋味，為一天補充滿滿的元氣', 3, 30, 4, 0, 1, '[5,6]', NULL, '2022-07-17 20:53:37'),
(56, '溫體牛半筋半肉', 5, '[\"fresh-sliced-pork.jpg\"]', 300, 6, '肉質Q軟，可供長時間久煮，只有台灣牛肉才擁有的夢幻逸品，適合用來煮牛肉湯及清燉料理，特別適合給老人與小孩食用', 3, 30, 3, 0, 1, '[5,6]', NULL, '2022-07-17 20:53:37'),
(57, '里肌重磅牛排', 5, '[\"fresh-beef02.jpg\"]', 400, 6, 'Q嫩有勁，鮮甜多汁', 3, 30, 3, 0, 1, '[5,6]', NULL, '2022-07-17 20:53:37'),
(58, '台灣沙朗牛排', 5, '[\"fresh-beef-01.jpg\"]', 350, 6, '養在雲林的台灣牛選用閹牛，肉質不腥，且格外的軟嫩，在飼育的過程中不使用瘦肉精、生長激素、在宰殺牛之前也不灌水，是小農一直以來的三大堅持！搭配在地新鮮紅蘿蔔及根莖，除了讓肉質更甜美，牛肉也擁有多一份自然的清香！', 3, 30, 3, 0, 1, '[5,6]', NULL, '2022-07-17 20:53:37'),
(59, '熟成丁骨牛排', 5, '[\"steak-bone.jpg\"]', 400, 6, '最高等PRIME級牛排，大理石油花豐富口感佳，同時享受軟嫩多汁與油花豐富有嚼勁的部位', 3, 30, 4, 0, 1, '[5,6]', NULL, '2022-07-17 20:53:37'),
(60, '牛肋條切塊', 5, '[\"beef07.jpg\"]', 380, 6, '嚴選台灣黃牛牛肋條，位於牛腹脇部，肋骨與肋骨之間，呈細長條，肉表面有骨膜，肉質軟且油脂較多。燉滷小菜熱門部位！媽媽燉滷最愛肉品之一！', 3, 30, 3, 1, 1, '[5,6]', NULL, '2022-07-17 20:53:37'),
(61, '金采雞雞腿切塊', 4, '[\"chicken-legs-02.jpg\"]', 120, 6, 'HACCP合格認證、取得白肉雞屠宰、分切產銷履歷認證。白羽雞取肉主要以雞胸為大宗、雞腿為輔，肉色呈現較淡之褐紅色、肉質肥厚飽滿、含脂率較高、口感較為鬆散軟嫩。', 3, 40, 1, 0, 1, '[5,6]', NULL, '2022-07-17 20:53:37'),
(62, '國產華陀雞肉', 4, '[\"allchicken.jpg\"]', 400, 6, '來自雲林的自然純淨，採低密度自然放養、雞隻堅持自然熟成，細緻的肌肉纖維，渾然天成的彈牙口感，SGS全球級標準食品檢驗合格，無藥物殘留，擁有專業品質認證的安心食材', 3, 30, 5, 0, 1, '[5,6]', NULL, '2022-07-17 20:53:37'),
(63, '白羽雞去骨雞腿肉', 4, '[\"chicken-leg.jpg\"]', 280, 6, '本產品為【無調味】生鮮去骨腿肉，可依照個人喜好的風味進行醃製、料理。', 3, 30, 5, 0, 1, '[5,6]', NULL, '2022-07-17 20:53:37'),
(64, '黑鑽雞 清胸肉', 4, '[\"chicken-breasts02.jpg\"]', 80, 6, '運動養生首選，美味新鮮安心保證', 3, 15, 1, 1, 1, '[5,6]', NULL, '2022-07-17 20:53:37'),
(65, '放心豬-培根肉片', 3, '[\"slide-raw-meat111.jpg\"]', 130, 6, '選用放心豬五花肉部分製成，油花均勻，肥瘦適中，口感不肥不膩。香煎後口感鮮嫩多汁，是火鍋或燒烤的上等食材首選。', 3, 30, 3, 0, 1, '[5,6]', NULL, '2022-07-17 20:53:37'),
(66, '能量豬 低脂腿肉', 3, '[\"fresh-pork01.jpg\"]', 200, 6, '堅持不吃藥、不打針、不施打瘦肉精，採用較有生機概念的生機飲食玄米、益生菌以及蒜精，其中玄米所富含的維他命Ｂ群、維生素Ｅ、及膳食纖維，是提升豬隻免疫力的重要營養配方，促使每隻豬隻都擁有自然精壯的體質，可不藉由施打藥物就能健康快樂長大。', 3, 10, 3, 0, 1, '[5,6]', NULL, '2022-07-17 20:53:37'),
(67, '紅玉雞-雞胸肉', 4, '[\"chicken-breast.jpg\"]', 150, 6, '◎全台首創：自養高品質紅玉雞，全程餵養非基改玉米黃豆。◎獨門技術：飼料拌入有機紅玉紅茶，雞肉香甜無腥味。◎最高標準：最嚴格的博士級團隊，飼養全程無用藥。', 3, 30, 5, 0, 1, '[5,6]', NULL, '2022-07-17 20:53:37'),
(68, '黃金土雞-土雞腳', 4, '[\"chickenshot.jpg\"]', 90, 6, '嚴選皇金土雞，結合紅仿與黑羽培育之新品種，外型直立挺拔，肌肉細緻Q彈，肌肉間脂肪含量高，吃起來鮮味十足。', 3, 30, 1, 0, 1, '[5,6]', NULL, '2022-07-17 20:53:37'),
(69, '龍虎石斑全魚', 8, '[\"black-tilapia.jpg\"]', 290, 5, '由專業採購手精心挑選，基隆崁仔頂魚市場的新鮮龍虎石斑，經冷凍技術妥善保存配送，並於鮮度絕佳時進行嚴謹、衛生的加工處理，確保能鎖住新鮮口感。為您奉上肥美的嚴選龍虎石斑，讓你在簡單料理的同時，享受來自大海的新鮮美味！', 3, 30, 6, 0, 1, '[5,6,7]', NULL, '2022-07-17 20:53:37'),
(70, '無刺白帶魚捲', 8, '[\"fish06.jpg\"]', 250, 5, '嚴選大小適中，產自台灣近海海域的白帶魚 ，每包約8-10顆，使用新鮮白帶魚去骨取肉，並經冷凍技術妥善保存配送。為您奉上魚捲魚香十足，滿口滿足的白帶魚捲，讓你能以簡單料理享受來自大海的新鮮美味！', 3, 30, 6, 0, 1, '[6]', NULL, '2022-07-17 20:53:37'),
(71, '大比目魚切片', 8, '[\"mackerel-steak.jpg\"]', 300, 6, '嚴選產自格陵蘭至冰島50-2000米大西洋海域的格棱蘭扁鱈，保證野生捕捉，經冷凍厚切鎖住鮮味。為您奉上肉質細嫩無比，魚肉香氣滿滿的格棱蘭扁鱈，讓你能以簡單料理享受來自遠方的鮮味。', 3, 0, 6, 0, 1, '[6,7]', NULL, '2022-07-17 20:53:37'),
(72, '帶殼養殖鮑魚', 7, '[\"abalones.jpg\"]', 400, 6, '嚴選人工養殖環境的優質原隻鮑魚，體型大小適中，原隻新鮮冷凍，鎖住軟嫩口感，並經冷凍技術妥善保存配送。為您奉上肉質軟嫩的原隻鮑魚，讓你能以簡單料理享受來自大海的新鮮美味！', 3, 30, 5, 0, 1, '[6]', NULL, '2022-07-17 20:53:37'),
(73, '海水白蝦仁', 7, '[\"s_shrimp_6.jpg\",\"s_shrimp_1.jpg\"]', 260, 6, '嚴選經剝製的台灣養殖白蝦，蝦仁已去除沙腸，經冷凍技術妥善保存配送，並於鮮度絕佳時進行嚴謹、衛生的加工處理，確保能鎖住新鮮口感。為您奉上肥美的嚴選海水白蝦仁，讓你在簡單料理的同時，享受來自大海的新鮮美味！', 3, 30, 4, 0, 1, '[6,7]', NULL, '2022-07-17 20:53:37'),
(74, '現流小卷', 8, '[\"bunch-squid.jpg\"]', 320, 6, '嚴選台灣野生船凍小卷，由漁船野生捕撈及活體冷凍，保持肉質鮮度與脆度，經冷凍技術妥善保存配送。為您奉上爽脆的野生船凍台灣小卷，讓你可簡單料理，享受來自大海的新鮮美味', 3, 30, 4, 1, 1, '[6,7]', NULL, '2022-07-17 20:53:37'),
(75, '頂級軟絲', 8, '[\"fresh-squid.jpg\"]', 350, 6, '嚴選台灣野生船凍軟絲，由漁船野生捕撈及活體冷凍，保持肉質鮮度與脆度，經冷凍技術妥善保存配送。為您奉上爽脆的野生船凍台灣軟絲，讓你可簡單料理，享受來自大海的新鮮美味！', 3, 30, 6, 0, 1, '[6,7]', NULL, '2022-07-17 20:53:37'),
(76, '九孔', 7, '[\"assortment.jpg\",\"mussels-white.jpg\"]', 450, 6, '魚肉鮮嫩多汁，油脂分佈均勻，產地直送、急速冷凍，獨立真空包裝，讓品質、鮮度及口感維持在最好的狀態，口感滑潤富有彈性。適合 烤、煎、蒸、炒 等熟食料理。', 3, 30, 4, 0, 1, '[6,7]', NULL, '2022-07-17 20:53:37'),
(77, '生食級生蠔', 7, '[\"oysters.jpg\"]', 629, 6, '『無包冰 冷凍乾燥』超低溫冷凍乾燥 鎖住新鮮 可生食 烹煮退冰不失重過分縮水，『嚴格認證分級制度』每一顆的品質層層把關 嚴格分級制度 標準規格', 3, 30, 6, 0, 1, '[6,7]', NULL, '2022-07-17 20:53:37'),
(78, '生食級鮪魚', 8, '[\"cubes.jpg\"]', 250, 6, '一次一片小倆口大小剛剛好，佐佐鮮厚切鮭魚片鮮美橘黃色澤，適合乾煎是家常的好食材', 3, 30, 6, 0, 1, '[6,7]', NULL, '2022-07-17 20:53:37'),
(79, '根島生態草蝦仁', 7, '[\"s_shrimp_7.jpg\"]', 320, 6, '野放草蝦生長於天然無汙染的自然環境，水域乾淨不受汙染，無添加硼砂、無發泡、無包冰，無使用二氧化硫漂白，新鮮扎實安全健康', 3, 30, 5, 0, 1, '[6]', NULL, '2022-07-17 20:53:37'),
(80, '產銷履歷黃金鯧魚', 8, '[\"red-fish.jpg\"]', 350, 5, '為推廣「100%台灣食魚好生活」，一夫水產用心匯集台灣優質水產品，與您分享台灣優質水產品的新鮮美味。一夫水產與青年漁民夥伴共同精心為您挑選魚鮮好禮，主打「安心、美味、台灣在地」，送禮體面又安心、吃得美味又滿意。', 3, 30, 6, 0, 1, '[5,6,7]', NULL, '2022-07-17 20:53:37'),
(81, '屏東萬丹大火龍果', 2, '[\"dragon-fruit-01.jpg\"]', 80, 7, '白色火龍果低熱量 高纖維成分，可促進腸胃蠕動，幫助排便，讓它成為養生的好水果，白肉口感清甜爽脆，清淡香甜，具有青草味，果肉糖分以天然葡萄糖為主，營養容易讓人體吸收。', 5, 10, 1, 0, 1, '[1,2]', NULL, '2022-07-17 20:53:37'),
(82, '生食級鮭魚切片組', 8, '[\"salmon-sashimi.jpg\",\"sashimi-salmon.jpg\"]', 200, 6, '嚴選澳洲冰鮮鮭魚，冰鮮空運產地到餐桌，清肉切塊無需動刀切，解凍擺盤後即可輕鬆上菜，天冷不想出門時，一人也能開心享吃優鮮鮭魚生魚片啦！', 3, 3, 6, 1, 1, '[6,7]', NULL, '2022-07-17 20:53:37'),
(83, '有機青椒', 1, '[\"eggplant.jpg\"]', 60, 8, '青椒含有青椒素及維生素A、C等多種營養物質，尤其是其維生素C含量是番茄含量的7～15倍，在蔬菜中占首位。', 5, 0, 2, 0, 1, '[2,3]', NULL, '2022-07-17 20:53:37'),
(84, '孢子甘藍', 1, '[\"cabbage-fresh-organi.jpg\"]', 180, 8, '營養價值居甘藍之首，口感軟嫩帶有微苦味及天然甜味', 7, 30, 2, 0, 1, '[2]', NULL, '2022-07-17 20:53:37'),
(85, '芥藍菜', 1, '[\"kale-vegetable.jpg\"]', 30, 8, '是芥藍菜之一個品種，含維生素A、鈣、鐵等營養。可以香蒜清炒或加肉絲（片）拌炒！', 3, 17, 1, 0, 1, '[1,2,4]', NULL, '2022-07-17 20:53:37'),
(86, '綠水晶無籽葡萄', 2, '[\"grapes-green01.jpg\",\"green-grapes-02.jpg\"]', 160, 1, '綠水晶葡萄的風味也很適合喜歡淡雅的朋友，不會有濃烈的葡萄味道，反而能在柔嫩中吃到清新的芭樂滋味，雖然葡萄本身具有芭樂的酸甜清香，但果皮卻不會有澀味，整體來說非常推薦大家嘗試的！', 6, 30, 2, 1, 1, '[3,8,9]', NULL, '2022-07-17 20:53:37'),
(87, '梨山青龍蘋果', 2, '[\"green-apples.jpg\",\"green-apple02.jpg\",\"green-apples02.jpg\"]', 60, 7, '清脆、微甜、多汁的青蘋果：青龍蘋果。吃起來清脆紮實又爽口，果肉細膩，甘甜多汁，也沒有甚麼酸澀味，一口咬下十分過癮，蘋果清新的風味在口齒間流竄，實屬為青蘋果界的人氣王。', 12, 30, 2, 0, 1, '[3,8]', NULL, '2022-07-17 20:53:37'),
(88, '花蓮野生山苦瓜', 1, '[\"chopped-bitter.jpg\"]', 75, 5, '苦瓜富含維生素C、B1、B2、葉酸及鈣、鎂、鉀等礦物質；山苦瓜營養價值更高，鉀含量是一般苦瓜的1.8倍、鈣質是2.3倍，鎂是2.4倍', 5, 20, 1, 0, 1, '[3,6,8,9]', NULL, '2022-07-17 20:53:37'),
(89, '脆口小章魚', 8, '[\"small-octopus.jpg\"]', 340, 6, '野生的澎湖石佢章魚，活動力強，肉質Q彈厚實，新鮮捕撈漁港直送的章魚，用來烘烤、鮮炒、煮火鍋或是簡單川燙都可以吃到鮮甜滋味，低熱量高蛋白的營養價值，多吃也不會有負擔。', 3, 10, 6, 0, 1, '[6]', NULL, '2022-07-17 20:53:37'),
(90, '精選羊肋排', 6, '[\"lamb03.jpg\"]', 480, 6, '因油花豐盛度比擬和牛而有和羊之稱，擺脫傳統羊羶味，擁有清爽的香氣', 3, 30, 5, 0, 1, '[5]', NULL, '2022-07-17 20:53:37'),
(91, '脆口山東大白菜', 1, '[\"chinese-cabbage02.jpg\"]', 60, 7, '大白菜中含有大量的鐵，鈣、鎂、維生素A，以及各種微量元素，和維生素C等等，而這些營養物質都是人體所必須的，其功效自然也就不言而喻。', 5, 30, 1, 0, 1, '[1,2,8]', NULL, '2022-07-17 20:53:37');

-- --------------------------------------------------------

--
-- Table structure for table `product_collect`
--

CREATE TABLE `product_collect` (
  `member_id` int(11) NOT NULL,
  `product_id` int(11) NOT NULL,
  `saved` tinyint(1) NOT NULL
) ENGINE=InnoDB DEFAULT CHARSET=utf8mb4;

--
-- Dumping data for table `product_collect`
--

INSERT INTO `product_collect` (`member_id`, `product_id`, `saved`) VALUES
(530, 30, 0),
(530, 68, 0),
(530, 84, 0),
(1, 6, 1),
(1, 8, 1),
(1, 9, 1),
(2, 16, 1),
(2, 50, 1),
(530, 5, 1),
(530, 6, 1),
(530, 9, 1),
(530, 13, 1),
(530, 14, 1),
(530, 16, 1),
(530, 23, 1),
(530, 39, 1),
(530, 42, 1),
(530, 44, 1),
(530, 54, 1),
(530, 60, 1),
(530, 86, 1),
(530, 87, 1),
(530, 88, 1),
(530, 89, 1);

-- --------------------------------------------------------

--
-- Table structure for table `product_management`
--

CREATE TABLE `product_management` (
  `sid` int(50) NOT NULL,
  `shop_product_id` int(50) NOT NULL,
  `product_name` varchar(255) NOT NULL,
  `product_sell_amount` int(50) NOT NULL,
  `product_remaining` int(50) NOT NULL
) ENGINE=InnoDB DEFAULT CHARSET=utf8mb4;

-- --------------------------------------------------------

--
-- Table structure for table `product_type`
--

CREATE TABLE `product_type` (
  `product_type_sid` int(11) NOT NULL,
  `product_type` varchar(255) NOT NULL
) ENGINE=InnoDB DEFAULT CHARSET=utf8mb4;

--
-- Dumping data for table `product_type`
--

INSERT INTO `product_type` (`product_type_sid`, `product_type`) VALUES
(1, '蔬菜'),
(2, '水果'),
(3, '肉品'),
(4, '海鮮'),
(5, '餐點'),
(6, '客製化餐點');

-- --------------------------------------------------------

--
-- Table structure for table `recipe`
--

CREATE TABLE `recipe` (
  `recipes_sid` int(11) NOT NULL,
  `recipes_name` varchar(255) CHARACTER SET utf8mb4 COLLATE utf8mb4_unicode_ci NOT NULL,
  `recipes_time_cost` int(11) NOT NULL,
  `recipes_portion` int(11) NOT NULL,
  `recipes_calories` varchar(11) CHARACTER SET utf8mb4 COLLATE utf8mb4_unicode_ci NOT NULL,
  `recipes_type` varchar(255) CHARACTER SET utf8mb4 COLLATE utf8mb4_unicode_ci NOT NULL,
  `recipes_cooking_degree` varchar(255) CHARACTER SET utf8mb4 COLLATE utf8mb4_unicode_ci NOT NULL,
  `recipes_ingredient` varchar(255) CHARACTER SET utf8mb4 COLLATE utf8mb4_unicode_ci NOT NULL,
  `recipes_ingredient1` varchar(255) CHARACTER SET utf8mb4 COLLATE utf8mb4_unicode_ci NOT NULL,
  `recipes_ingredient2` varchar(255) CHARACTER SET utf8mb4 COLLATE utf8mb4_unicode_ci NOT NULL,
  `recipes_ingredient3` varchar(255) CHARACTER SET utf8mb4 COLLATE utf8mb4_unicode_ci NOT NULL,
  `recipes_ingredient4` varchar(255) CHARACTER SET utf8mb4 COLLATE utf8mb4_unicode_ci NOT NULL,
  `recipes_ingredient5` varchar(255) CHARACTER SET utf8mb4 COLLATE utf8mb4_unicode_ci NOT NULL,
  `recipes_ingredient6` varchar(255) CHARACTER SET utf8mb4 COLLATE utf8mb4_unicode_ci NOT NULL,
  `recipes_ingredient7` varchar(255) CHARACTER SET utf8mb4 COLLATE utf8mb4_unicode_ci NOT NULL,
  `recipes_ingredient8` varchar(255) CHARACTER SET utf8mb4 COLLATE utf8mb4_unicode_ci NOT NULL,
  `recipes_ingredient9` varchar(255) CHARACTER SET utf8mb4 COLLATE utf8mb4_unicode_ci NOT NULL,
  `recipes_step` varchar(255) CHARACTER SET utf8mb4 COLLATE utf8mb4_unicode_ci NOT NULL,
  `recipes_step1` varchar(255) NOT NULL,
  `recipes_step2` varchar(255) NOT NULL,
  `recipes_step3` varchar(255) NOT NULL,
  `recipes_step4` varchar(255) NOT NULL,
  `recipes_step5` varchar(255) NOT NULL,
  `recipes_step6` varchar(255) NOT NULL,
  `recipes_step7` varchar(255) NOT NULL,
  `recipes_step8` varchar(255) NOT NULL,
  `recipes_step9` varchar(255) NOT NULL,
  `recipes_description` varchar(255) CHARACTER SET utf8mb4 COLLATE utf8mb4_unicode_ci NOT NULL,
  `recipes_img` varchar(255) CHARACTER SET utf8mb4 COLLATE utf8mb4_unicode_ci NOT NULL,
  `recipe_creater` varchar(255) NOT NULL,
  `recipes_like` int(11) NOT NULL,
  `recipes_collection` int(11) NOT NULL,
  `created_at` date NOT NULL DEFAULT current_timestamp(),
  `customer_id` int(11) NOT NULL
) ENGINE=InnoDB DEFAULT CHARSET=utf8mb4;

--
-- Dumping data for table `recipe`
--

INSERT INTO `recipe` (`recipes_sid`, `recipes_name`, `recipes_time_cost`, `recipes_portion`, `recipes_calories`, `recipes_type`, `recipes_cooking_degree`, `recipes_ingredient`, `recipes_ingredient1`, `recipes_ingredient2`, `recipes_ingredient3`, `recipes_ingredient4`, `recipes_ingredient5`, `recipes_ingredient6`, `recipes_ingredient7`, `recipes_ingredient8`, `recipes_ingredient9`, `recipes_step`, `recipes_step1`, `recipes_step2`, `recipes_step3`, `recipes_step4`, `recipes_step5`, `recipes_step6`, `recipes_step7`, `recipes_step8`, `recipes_step9`, `recipes_description`, `recipes_img`, `recipe_creater`, `recipes_like`, `recipes_collection`, `created_at`, `customer_id`) VALUES
(1, '櫛瓜骰子牛', 15, 3, '400', '台灣料理', '新手輕鬆入門', '櫛瓜一條\n', '骰子牛一包', '蒜頭3-4粒', '鹽適量', ' 黑胡椒適量', '自製豬油或橄欖油適量', '', '', '', '', '準備一條櫛瓜，和一包骰子牛', '櫛瓜切片', '兩面煎焦黃，撒點鹽和黑胡椒調味，起鍋備用', '原鍋子煎蒜頭和骰子牛', '最後把櫛瓜加進來翻炒後起鍋', '', '', '', '', '', '減脂也要美味，美味也要減脂', 'f7c081cb10d82c37fcf66cd296c2c52f.jpg', 'curry', 51, 44, '2022-06-01', 530),
(2, '破布子蒸魚', 20, 4, '500', '台灣料理', '新手輕鬆入門', '比目魚切片  1片(約260公克)\n', '米酒  1又1/2大匙', '鹽 少許', '蔥  二支', '薑  25公克', '紅辣椒  1~1/2條', '破布子(含汁)  2大匙', '醬油  1小匙', '白胡椒粉  1/8小匙', '香油  1/2小匙', '準備食材。蔥洗淨分成蔥段和蔥絲。薑，去皮切成絲。紅辣椒，切成絲。', '比目魚切片洗淨，塗抹少許鹽在魚身上，並淋上米酒。', '調製淋醬，將破布子含汁、醬油、香油、白胡椒粉，到入拌勻。', '圓盤底先放上蔥段，再放上比目魚切片，放上薑絲，淋上醬汁。', '電鍋外鍋先預放水蒸熱，待電鍋水蒸氣冒煙時，再將魚放入電鍋內蒸，約蒸15分鐘。 ', '蒸好時，再放入蔥絲、紅辣椒絲，回蒸一下子(約1分鐘)即可。', '', '', '', '', '破布子蒸魚，使用電鍋即可輕鬆完成，零廚藝美味料理。', 'ca7b8438864a56726c10d30bd91a578e.jpg', 'farmer', 75, 61, '2022-06-01', 536),
(3, '味噌烤鯖魚', 15, 4, '300', '日式料理', '新手輕鬆入門', '半邊鯖魚 2片\n', '味噌 2 湯匙', '日式料理酒 2 湯匙', '味醂 2 湯匙 ', '日本醬油 1/2 茶匙', '糖 2 茶匙', '', '', '', '', '把鯖魚洗淨印乾後，每塊切成3份', '把味噌、日式料理酒、味醂、日本醬油和糖拌勻成醬汁。', ' 把鯖魚和醬汁放入食物袋中，讓鯖魚都沾到醬汁，放入冰箱(4℃)醃2小時以上。 ', '在烤盤上鋪上鋁箔紙並放上網架，在網架上抹油。把鯖魚放在網架上，把一些餘下的醬汁掃在鯖魚上。', ' 放入己預熱至200℃的烤箱中層烤5分鐘。', '取出鯖魚，再把一些餘下的醬汁掃在鯖魚上，放回烤箱中多烤5分鐘即成。', '', '', '', '', '冷凍鯖魚便宜又方便，除了做鹽燒鯖魚或照燒鯖魚，可以試試做這個金黃色的味噌鯖魚，好看又好吃！', 'bccb8a1828f502a9a3d7dc3d605251b9.jpg', 'loki', 69, 80, '2022-06-01', 508),
(4, '金沙蒜醬焗烤明蝦', 20, 4, '600', '台灣料理', '新手輕鬆入門', '澎湖野生大明蝦  4隻', '焗烤起司絲  10g', '鹹蛋黃  3顆', '米酒  2匙', '大蒜  2瓣', '美乃滋  2匙', '檸檬汁  1匙', '', '', '', '料理前，將明蝦以流水沖5分鐘即可退冰，更能完整保持野生大明蝦Q彈鮮脆的肉質', '退冰後的澎湖野生大明蝦，取一把剪刀，從蝦頭和蝦身的間隙，剪開蝦背。', '將腸泥取出丟掉，大明蝦就處理完成。', '準備鹹蛋黃、美乃滋、蒜末、檸檬汁。', '將米酒淋在鹹蛋黃上，稍微浸泡1分鐘。因為生的鹹蛋黃味道較腥，用米酒浸泡一下，可以去除腥味。', '泡好的鹹蛋黃，瀝乾後，置於烤盤，放入烤箱，用150°C烤15分鐘。', '用叉子將鹹蛋黃壓碎，壓成顆粒細緻的狀態即可。', '將美乃滋、蒜末、檸檬汁，加入壓碎的鹹蛋黃中', '', '', '來自水質清澈的沙質海底，「澎湖野生大明蝦」肉質Q彈鮮脆，而且非常鮮甜，隻隻肥美、蝦膏濃郁，是老饕的最愛。\r\n搭配鹹蛋黃做成的金沙蒜醬，只要焗烤一下，口味香濃的宵夜立即上桌。', '0f06264e9e2497a0449ac3dbdcf68533.jpg', 'curry', 54, 63, '2022-06-01', 530),
(5, '水牛城辣雞翅', 30, 5, '600', '美式料理', '餐廳廚師料理', '雞二節翅 20支', '地瓜粉 兩大匙 大蒜粉 一大匙', '黑胡椒、白胡椒各1匙', '鹽 2/1匙', ' 紅椒粉 一大匙（可調整）', '泰國是拉差辣醬 大量', '奶油 30克', '蜂蜜 兩大匙', '檸檬汁 半顆', ' 洋蔥末 8/1顆', '將大蒜粉 鹽巴 麵粉 混合在一個大的夾鏈袋內', '將雞翅放入夾鏈袋中 搖晃直至每個雞翅都沾滿麵粉 將雞翅放上烤盤', '上面覆蓋保鮮膜並且冷藏至少1小時', '準備沾醬 將奶油融化並且與辣椒醬攪拌均勻 並預熱烤箱 400f/204c', '將冷藏好的雞翅 拿出並且沾滿醬 且放置烤箱烤25分鐘 反面後再烤20分鐘', '直接放在鋁箔紙上，外層有一點焦 但吃起來比較鹹也比較酥脆 若用網架 肉會比較軟 外層也比較軟，但比較不油一些 可以依個人口味而選擇放網或不放', '若覺得不夠味可以另外沾辣椒醬', '', '', '', '在美國紅到有特定節日的料理，用烤箱及鍋子即可完成', '5fae45ceb8a9db0f9f77d8b77856f8c2.jpg', 'bob', 19, 33, '2022-06-01', 525),
(6, '蕃茄肉捲', 10, 4, '500', '台灣料理', '新手輕鬆入門', '豬五花火鍋肉片12片\n', '小蕃茄12個', '鹽適量', '4.黑胡椒適量', '', '', '', '', '', '', '一片肉捲起一個小番茄', '用竹籤穿過番茄肉捲，一串四個', '入氣炸鍋160度10分鐘，也可以用烤箱烤或用烤肉架烤喔!!', '烤好後撒上白芝麻，一口咬下，酸甜的番茄味道，馬上充滿口中，除了撒白芝麻，黑胡椒跟七味粉也很不錯喔!!', '', '', '', '', '', '', '適合中秋節烤肉的料理', 'de83857d411770e5527cd1e85ec7b73b.jpg', 'thor1111333', 83, 60, '2022-06-01', 505),
(7, '蔥香肉排', 15, 5, '400', '台灣料理', '新手輕鬆入門', '豬絞肉（細）  350克', '蔥末 30克', '醬油 1大匙', '干貝風味調味粉 2克', '白胡椒粉 適量', '太白粉 1大匙', '香油 4、5滴', '', '', '', '將所有材料混合抓勻。（胡椒粉多一些，香氣更濃郁）', '平底不沾鍋放入適量油，先大火熱鍋約1分半鐘，轉小火。熱鍋的時候，將混拌均勻的絞肉抓取一坨，先在手上擠成一丸，用手壓扁些（如照片），等熱鍋完成就放入平底鍋。', '香氣十足的肉排上桌了！做法超簡單，而且好下飯！重點是多汁軟嫩又好吃！', '', '', '', '', '', '', '', '肉排多汁且混合蔥香、胡椒香，風味迷人。', '2e918083242e60250e5cdf7577bd2a45.jpg', 'thor1111333', 62, 53, '2022-06-01', 505),
(8, '醬燒豆包', 15, 3, '500', '台灣料理', '餐廳廚師料理', '豆包  6片', '素蠔油 2大匙', '蕃茄醬 1大匙', '烏醋 1/2大匙', '白胡椒粉 1小匙', '蔥花 3大匙', '熱開水 1/3碗', '辣椒(配色用，可略） 少許', '', '', '豆包對切，入油鍋，以中火煎至二面略呈酥皮狀。', '所有調味料拌勻', '爐火轉中小火，將醬汁酌量(約1/3)倒入步驟1當中，使豆包二面均勻沾裹醬汁後盛盤。', '原鍋續倒入剩餘的醬汁、蔥花及辣椒(可略)，以小火煮滾。', '在盛盤的豆包淋上蔥花醬汁，料理完成。', '', '', '', '', '', '常見的家常菜，食材易取得，容易料理', 'f10727d349096eb6c58b8257138e3733.jpg', 'curry', 47, 32, '2022-06-01', 530),
(9, '韓式辣味豆芽菜', 20, 3, '200', '韓式料理', '新手輕鬆入門', '黃豆芽一包', '鹽巴適量', '2.蒜泥適量', ' 3.醬油適量', '4.辣椒粉適量', '5.蔥花適量', '', '', '', '', '先煮一鍋滾水，放入少許鹽與黃豆芽，蓋上鍋蓋中火煮約3分鐘。', '煮好後撈起立刻沖水，讓黃豆芽口感較清脆。', '取一保鮮盒，放入蒜泥、醬油、鹽、白芝麻油或辣椒粉，一起攪拌均勻，最後灑一點蔥花點綴，即完成。', '', '', '', '', '', '', '', '涼拌製作的韓式料理，使用蔬菜、調味與辛香料', '1a4805637aa3dc71a75ca73c564e6d5c.jpg', 'farmer', 84, 70, '2022-06-01', 536),
(10, '雞胸酪梨卷', 20, 3, '600', '台灣料理', '新手輕鬆入門', '雞胸肉(去皮)150g', '酪梨1/4個', '大杏鮑菇1/2根', '蒜頭1瓣', '起士片1片', '白醋1大匙', '蜂蜜1大匙', '醬油1小匙', '黑胡椒適量', '鹽適量', '首先處理食材：將番茄及蘿蔓生菜洗淨後，番茄去除蒂頭後切片、蘿蔓生菜對半切', '酪梨對切後，去除果核，再將果肉取出放入果汁機中打成酪梨泥', '電鍋中墊一張沾濕的廚房紙巾，並放入雞蛋加熱，等電鍋跳起後，取出雞蛋以冷水沖洗並去殼，最後將雞蛋切片備用', '雞里肌以廚房紙巾擦乾後放入鍋中煎香，並撒上黑胡椒調味', '乾烙印度餅皮至微焦狀態，並取出墊上錫箔紙開始堆疊食材，小心的把食材疊上，最後將餅皮捲起包覆所有食材，以扭毛巾的方式將錫箔紙兩端捲成鉛筆狀', '最後將捲好的錫箔紙對半切，就完成墨西哥酪梨雞肉捲餅囉', '', '', '', '', '適合夏天的西式料理，相當爽口', '3890202e8e05abeecd81b6c5ce50857c.jpg', 'curry', 33, 40, '2022-06-01', 530),
(11, '台式打拋豬', 10, 3, '600', '台灣料理', '新手輕鬆入門', '豬絞肉  150克', '杏鮑菇  2小條', '綠櫛瓜  1/3條', '九層塔  半包', '鹽巴或雞粉  適量', '小辣椒  1條（非必要）', '', '', '', '', '九層塔洗淨，粗梗摘除。杏鮑菇與櫛瓜切成大小差不多的方塊狀，辣椒切小段備用。', '熱過後加油，放入絞肉炒至半熟。', '加入櫛瓜/杏鮑菇塊，拌炒至熟。', '加入調味料後，加九層塔葉拌炒，香味出來就差不多可以了。須注意不需要炒太久，保持九層塔葉漂亮的綠色。', '', '', '', '', '', '', '打拋豬是一道非常下飯的料理，減醣的時候少吃精緻澱粉，直接吃也不會過鹹，非常清爽', '33e408ef1e154e615600395ca2ea1182.jpg', 'curry', 45, 29, '2022-06-01', 530),
(12, '涼拌金針菇', 10, 4, '200', '台灣料理', '新手輕鬆入門', '金針菇  200g', '紅蘿蔔  40g', '小黃瓜  70g', '蒜頭  3瓣', '青蔥  1/2根', ' 香油、醬油各1大匙', '鹽  1/5茶匙', '糖  1/8茶匙', '白胡椒粉  少許', '烏醋  1.25大匙', '紅蘿蔔、小黃瓜切絲；蒜頭切末；青蔥切蔥花；金針菇去根部撥散備用。', '將小黃瓜絲以1/4茶匙的鹽抓醃，去青出水。', '起一鍋沸水，放入金針菇煮2分鐘，再放入紅蘿蔔汆燙30秒，取出瀝乾水份，倒入調理盆。', '另取鍋，倒入香油，中火爆香蒜末及蔥白。', '將步驟4倒入步驟3，撒上蔥花及小黃瓜絲。', '加入鹽、糖、白胡椒粉及醬油拌勻，最後再加入烏醋提味即可。', '', '', '', '', '做法快速又簡單，絕對是零失敗料理', '3438af3529e58685c40e56e33cca6519.jpg', 'thor1111333', 29, 33, '2022-06-01', 505),
(13, '杏鮑菇炒空心菜', 10, 3, '300', '台灣料理', '新手輕鬆入門', '空心菜  1大把', '杏鮑菇  3根', '鹽巴  適量', '油  適量', '', '', '', '', '', '', '備料，杏鮑菇切塊，切空心菜。', '油下，先炒杏鮑菇。', '鍋蓋蓋上悶杏鮑菇，火別太大，等菇慢慢出水。', '出來的水可以炒菜。加鹽調味，完成。', '', '', '', '', '', '', '快速簡單。夏天的葉菜種類較少，用菇類做點變化。', 'db494ecec400f7d582d0962c3fa46607.jpg', 'thor1111333', 29, 27, '2022-06-01', 505),
(14, '麻油肉燥燙地瓜葉', 5, 4, '300', '台灣料理', '新手輕鬆入門', '地瓜葉  半包', '麻油  1小匙', ' 肉燥料理包  1包', '', '', '', '', '', '', '', '清洗乾淨後挑葉子，葉梗去硬皮。地瓜葉富含鐵質，遇到空氣易變黑，挑菜時可以戴著手套。', '切地瓜葉每段5公分，葉梗、葉子分開放。', '鍋子水滾加點油防葉子變黑先放葉梗悶煮，再放青菜約2分鐘。', '起鍋加少許麻油及泡麵沒用的肉燥料理包，就可以輕鬆上菜。', '', '', '', '', '', '', '地瓜葉又稱蕃薯葉，清燙再加上靈魂醬汁，就是道完美的家常菜', 't48d6f946c292a72ec440dbc4422fa5d.jpg', 'curry', 41, 35, '2022-06-01', 530),
(15, '蛋香高麗菜鮮蝦湯麵', 20, 3, '500', '台灣料理', '新手輕鬆入門', '冷凍大蝦子  依個人喜愛', '鮮肉貢丸  依個人喜愛', '高麗菜  1/6顆', '雞蛋  2顆', '青蔥  1支', '刀削麵  2片', '鹽巴  依個人喜愛', '味精  依個人喜愛', '', '', '蝦子不需退冰、高麗菜洗好撥小塊、青蔥切段、雞蛋打散', '熱鍋下油把蛋煎熟，稍微焦焦的更香，接著放入青蔥稍微拌炒。加入約1000cc開水，放入貢丸等水滾', '水開始滾後放入高麗菜，把高麗菜煮軟', '接著放入麵條', '麵條微軟之後放入蝦子並調味', '等蝦子煮熟就可以起鍋', '', '', '', '', '適合冬天喝下，暖胃的熱湯', '75e15d6f8727399802b1392c400b99b2.jpg', 'bob', 68, 42, '2022-06-01', 525),
(16, '櫻花蝦油飯', 10, 3, '500', '台灣料理', '新手輕鬆入門', '糯米  3杯', '肉絲  適量', '香菇(泡水0.4杯)  4朵', '櫻花蝦、紅蔥頭  適量', '醬油、蠔油各2匙', '鹽、太白粉各1匙', '水  40cc', '白胡椒  適量', '', '', '油2大匙、紅蔥頭、櫻花蝦5匙，炒香', '加香菇絲、鹽2匙，炒半軟', '加肉絲，拌炒變色，熄火備用', '糯米3杯、香菇水、水2杯、炒料，選擇糯米，開始炊飯', '', '', '', '', '', '', '糯米搭配香菇與蝦米的飯食料理', 'e4fa1e2b21e2a9ee98a9ccb1b8e1fefe.jpg', 'thor1111333', 57, 44, '2022-06-01', 505),
(17, '煎蛋湯', 10, 5, '500', '台灣料理', '新手輕鬆入門', '雞蛋（土雞蛋最香）  5顆', '蔥（切蔥花）  2支', '鹽巴或雞粉  適量', '白胡椒  少許', '', '', '', '', '', '', '1.起油鍋，熱油（油要比平常再多一些些），油要夠蛋才會香', '兩面煎金黃，油冒泡泡', '加水約900ml，煮到沸騰，再用鍋鏟把蛋切開，繼續煮到湯變白', '調味，最後下蔥花和白胡椒', '喜歡吃麵可以加麵，喜歡吃飯可以湯拌飯。', '', '', '', '', '', '蛋花湯的變化，顛覆大眾對蛋花湯的印象', 'b161f75f968c10be8f35001b502d14c0.jpg', 'cccccc', 48, 30, '2022-06-01', 503),
(18, '紙包檸檬鮭魚菲力', 20, 5, '600', '日式料理', '新手輕鬆入門', '鮭魚菲力  250g', '無鹽奶油  10g', '檸檬  半顆', '四季豆(甜椒、花椰菜、玉米筍)  適量', '蒜頭  4~6瓣', '胡椒鹽  2茶匙', '', '', '', '', '1.鮭魚菲力沖洗乾淨，輕輕擦乾', '將鮭魚放在烘焙紙上，塗抹胡椒鹽、擠上檸檬汁，放入奶油及四季豆(依個人喜好四季豆可替換為其他時蔬)，鋪上檸檬片', '將烘焙紙像糖果一樣包起來，兩邊扭結，氣炸鍋溫度180度，時間20分鐘(依鮭魚菲力大小調整時間，本次使用鮭魚較厚，時間有烤比較久)', '烤完即可食用', '', '', '', '', '', '', '零失敗食譜，在家也能完成西餐廳料理', 'b0fd632a003a439d13eef6fef4027a0a.jpg', 'curry', 36, 28, '2022-06-01', 530),
(19, '照燒油豆腐', 20, 4, '400', '台灣料理', '新手輕鬆入門', '油豆腐  1盒', '蔥  2-3根', '醬油  1匙', '米酒  少許', '砂糖  少許', '', '', '', '', '', '下少許油煎油豆腐至兩面金黃，再加入蔥白段炒香。', '再加入醬油、米酒、砂糖煮至兩面入味，醬汁收乾，即可上桌。', '', '', '', '', '', '', '', '', '食材容易取得，簡單製作的家常料理', 'c69f681687ed7a38177b1495fc79fe7c.jpg', 'loki', 56, 63, '2022-06-01', 508),
(20, '魚香茄子', 10, 2, '300', '台灣料理', '新手輕鬆入門', '茄子  兩條', '豬絞肉  約100克', '米酒  適量', '蒜末  適量', '大辣椒碎  半支', '醬油  一大匙', '糖  一茶匙', '水  約半碗', '九層塔  適量', '', '茄子切等長、辣椒蒜頭切末備用', '開中大火加油熱鍋，倒入豬絞肉翻炒，大致熟透後加入適量米酒去腥', '加入蒜末炒香、辣椒碎(怕辣的話可以最後再加)與茄子拌炒均勻', '茄子都吃到油後，加入醬油炒出醬香，再加入一小匙糖', '拌炒均勻後加入約半碗水煨煮', '收汁收的差不多的時候加入九層塔拌炒', '下飯的魚香茄子就完成', '', '', '', '好吃的茄子料理，食材容易取得', '30269561b4750bc5bcb5bbbf2a05e12c.jpg', 'loki', 80, 60, '2022-06-01', 508),
(21, '虱目魚肚粥', 20, 1, '500', '台灣料理', '新手輕鬆入門', '虱目魚肚  2塊', '白飯  1.5碗', '蛤蜊  200克', '蒜末、紅蔥頭 、薑絲各10克', '芹菜末、蒜酥  適量', '高湯或水  1000毫升', '鹽  適量', '胡椒粉  1匙', '米酒  1匙', '', '虱目魚肚洗淨，擦乾水分，少許油兩面各煎30秒撈出備用。', '放入蒜末、紅蔥頭、薑絲炒香，加入高湯或水，放入米飯，煮至喜愛的口感。', '放入蛤蜊煮開，加米酒、胡椒粉增添鮮味，試味道後，鹽巴調味。', '再放入魚肚煮3分鐘即可，食用前，撒點芹菜、蒜酥增添風味即可上桌。', '', '', '', '', '', '', '所謂台南人的早餐～虱目魚肚粥', '6a1fe9731f8707ff07a0943d8aed637b.jpg', 'curry', 88, 74, '2022-06-01', 530),
(22, '紅酒馬鈴薯燉肉', 120, 3, '500', '日式料理', '餐廳廚師料理', '豬岬心  300g', '馬鈴薯  2顆', '薑  3片', '紅酒  60-100g', '日式風味醬油  40g', '冰糖  30g', '紅蘿蔔  1根', '洋蔥  1/4', '', '', '1.豬岬心切塊', '豬肉熱水汆燙 把薑三片一起丟進去去腥', '汆燙完 進燉鍋 稍微煎一下', '加水到淹過食材', '邊滾邊加入食材，先投入紅酒 日式風味醬油、冰糖，再投入馬鈴薯 紅蘿蔔 洋蔥，燉到收汁即可', '', '', '', '', '', '風味獨特的西式料理，加白靈菇、鴻喜菇也不錯', 'eb8462298c2bbeffaac86db7833517d0.jpg', 'thor1111333', 33, 38, '2022-06-01', 505),
(23, '左宗棠雞', 25, 4, '500', '中式料理', '餐廳廚師料理', '1.去骨雞腿排  500g', '大辣椒  3條', '食用油 (耐高溫)  120ml', '醬油、太白粉  1.5大匙', '雞蛋  1顆', '太白粉  1.5大匙', '油  1茶匙', '蒜頭  3瓣', '蕃茄醬、細砂糖、白醋、料理米酒、水各1大匙', '白胡椒粉  少許', '去骨雞腿先劃刀 (加速雞肉熟成及入味速度)再切成適口大小，辣椒切段(不嗜辣者可去籽)；蒜頭切末；蔥切絲後泡水擺盤用。', '雞肉與醃料拌勻醃15分鐘（下鍋前再依序抓太白粉和油）。加入油可讓雞肉下鍋油炸時，肉較不易黏在一團。', '將蒜末與調好之醬汁拌勻備用。', '鍋內倒入120ml的油，將步驟1的雞肉以中火半煎炸的方式煎至表面呈金黃色後先起鍋備用。(二面各約2分鐘左右) 若使用傳統油炸方式，雞肉表面會更加香酥 (油炸可用160度炸至表面金黃)', '鍋內留下一大匙的油，小火爆香辣椒，放入步驟4的雞肉', '', '', '', '', '', '歸類於中國菜系中的湘菜，卻不被湖南人認同。多見於美國與加拿大的中餐館。', '1ed4a6dbd27be33a03c874fe5d51b6cd.jpg', 'cccccc', 50, 72, '2022-06-01', 503),
(24, '日式蔥燒雞', 15, 2, '600', '台灣料理', '新手輕鬆入門', '雞腿肉  2塊', '蔥  1大把', '鹽  1/3小匙', '黑胡椒  1/3小匙', '米酒  1 大匙', '太白粉  2大匙', '生蒜泥醬  1小匙', '砂糖  1大匙', '味霖  2大匙', '醬油  2大匙', '將肉切成入口大小，以鹽、黑胡椒、米酒醃 10 分鐘，下鍋前再放入太白粉裏勻', '將所有醬汁先放入小碗中拌勻', '將醃好的肉下鍋煎至金黃！雞皮朝下開始煎，中火一面1分鐘', '倒入醬汁，蓋上鍋蓋，悶煮約30秒', '開蓋後後放入蔥稍微拌炒一下', '收汁後就算完成，如果要做成燴飯就不要煮太久～', '', '', '', '', '滿滿的蔥香加上鹹甜的醬汁，非常下飯的一道料理！也可以直接做成燴飯', '0d9a2f7c41b04b9e4b35d5bb69979ed1.jpg', 'farmer', 32, 29, '2022-06-01', 536),
(25, '步步高升排骨', 20, 3, '400', '台灣料理', '新手輕鬆入門', '排骨  一斤', '米酒  一大匙', '砂糖  二大匙', '白醋  三大匙', '醬油  四大匙', '水  五大匙', '', '', '', '', '1.首先川燙排骨至肉變白，將水倒掉。', '依序加入所有調味。蓋鍋蓋轉中火，偶爾攪拌顏色才會均勻。 水滾後轉中小火，慢慢燜乾。', '醬汁快乾時轉大火，增添排骨的顏色。', '', '', '', '', '', '', '', '簡單的調味，就能有好吃的排骨。', '802882fb633fbdbac90d6830a59ff6e2.jpg', 'curry', 23, 40, '2022-06-01', 530),
(26, '三杯雞', 20, 4, '600', '台灣料理', '新手輕鬆入門', '雞肉  適量', '醬油  一大匙', '米酒  一大匙', '太白粉  一大匙', '麻油  30g', '醬油  5大匙', '米酒  5大匙', '水  4大匙', '', '', '熱鍋後加入油先把A下去煎熟,取出盤', '把瀝起來的雞油+薑片炒乾後再加入蒜頭+冰糖小火炒(記得持攪拌後+放入步驟一雞肉炒', '接著把步驟B材料放入小火收汁後加入辣椒,放入砂鍋內再放入九層塔蓋蓋子,在到一點點米酒在蓋子周圍即可', '', '', '', '', '', '', '', '簡單容易料理的家常菜，常見於各家庭餐桌', '3f030b6a61d4dea41b126b71d0653bb3.jpg', 'bob', 25, 33, '2022-06-01', 525),
(27, '墨西哥雞肉捲餅', 10, 1, '600', '美式料理', '新手輕鬆入門', '墨西哥餅皮  2張', '起士片  1片', '生菜  適量', '雞肉串  適量', '荷包蛋  2顆', '', '', '', '', '', '1.雞肉串直接用氣炸鍋加熱。', '用平底鍋加熱墨西哥餅皮、放上半片起士片。', '接著將生菜以及荷包蛋擺上、最後放上烤好的雞肉串並包起來即可。', '', '', '', '', '', '', '', '很適合搭配啤酒的墨西哥料理', 'c40d596c1b82739b1da0a38ade00f23c.jpg', 'cccccc', 55, 67, '2022-06-01', 503),
(28, '蒜香蔥油雞', 30, 2, '500', '台灣料理', '新手輕鬆入門', '雞腿肉丁  400克', '蒜片  20克', '蔥花  200克', '香油  2大匙', '醬油  1大匙', '米酒  1大匙', '糖  1匙', '胡椒粉  1匙', '鹽巴  2小匙', '', '雞腿肉用醬油、米酒、糖、胡椒粉、鹽，醃漬10分鐘', '放入蒸鍋或電鍋蒸熟', '用鍋子將香油加熱，再放蒜片炒香，再放入大把蔥花快速拌炒出香氣即可', '將蔥油淋上雞肉，美味上桌', '', '', '', '', '', '', '蔥是提高免疫力，抗病毒很好的食材，享受美食的同時，順便增強免疫力', '1dfc348ade6572df05a1dcc33ecd9e71.jpg', 'farmer', 74, 55, '2022-06-01', 536),
(29, '豆腐鮮蝦大阪燒', 20, 1, '700', '日式料理', '新手輕鬆入門', '嫩豆腐  150g', '雞蛋  1顆', '柴魚片  2撮', '鹽  1茶匙', '烹大師  1小匙', '高麗菜  200g', '白蝦  8-10隻', '橄欖油  1大匙', '低脂美乃滋、大阪燒醬、海苔粉、柴魚片  依喜好', '', '嫩豆腐用廚房紙巾吸乾水份後 用打蛋器搗碎', '加入雞蛋、鹽、烹大師和捏碎的柴魚片 攪拌均勻', '將高麗菜切成1*1公分的小塊', '把高麗菜和已去殼、去腸泥、切小塊的蝦子 一起放入剛才的豆腐糊裡 攪拌均勻將可以開始煎，也可加透抽、章魚、小珠貝、蟹肉', '開中小火、在鍋裡倒入一匙橄欖油預熱', '將大阪燒糊分成四等份，放入平底鍋中 稍微整形一下。接著蓋上鍋蓋計時4分鐘 翻面再煎2分鐘即可', '盛盤後 淋上低脂美乃滋和大阪燒醬 灑上海苔粉 最後放上柴魚片就完成了。', '', '', '', '原本大阪燒的主體是以低筋麵粉+高湯來製作，這次以雞蛋+嫩豆腐來取代，不只降低熱量、升醣值，也提升了蛋白質含量！口感一樣鬆軟好吃！適合正在減脂、不敢吃高GI澱粉的人', 'ae106a35333b963601030a32f1de31c5.jpg', 'curry', 44, 30, '2022-06-01', 530),
(30, '迷迭香蒜蘑菇餃', 10, 2, '500', '歐式料理', '餐廳廚師料理', '蘑菇、洋蔥各200克', '橄欖油  1大匙', '生蒜泥  1匙', '白酒  100ml', '高湯  350ml', '帕瑪森起司  30g', '義大利香料粉(可省略)、新鮮或乾燥迷迭香、玫瑰鹽、黑胡椒  適量', '水餃  24顆(8顆/份)', '', '', '將迷迭香加入雞高湯中，將湯煮沸，味道相融後過濾掉。', '鍋內放橄欖油、無鹽奶油、月桂葉，拌炒洋蔥至透明軟化狀。', '加入蘑菇拌炒。', '加生蒜泥拌炒，很快會飄出香味。', '再將高湯、清酒加入，加黑胡椒、鹽調味後熄火、移除月桂葉並拌入帕瑪森起司、一大匙無鹽奶油（份量外）。', '淋上已經煮熟的水餃，完成。', '', '', '', '', '只要花10分鐘就可以搞定的營養健康美食', '508ba85ad2e55a0d02fc8db292029879.jpg', 'cccccc', 42, 37, '2022-06-01', 503),
(31, '香菇高麗菜飯', 15, 1, '400', '台灣料理', '新手輕鬆入門', '香菇(泡水1.5杯)  4朵', '肉絲  1-2片', '米  2.5杯', '高麗菜、蒜、白胡椒  適量', '辣椒  1根', '櫻花蝦  5匙', '鹽、太白粉各1匙', '醬油  2匙', '', '', '熱油4匙，加蒜、辣椒、櫻花蝦，炒香', '加高麗菜、香菇絲、香菇水、鹽2匙、醬油2匙，加蓋3分鐘，炒半軟', '加肉絲，拌炒變色，關火備用', '生米、水1杯，加炒料，開始炊飯', '', '', '', '', '', '', '簡易的家常料理，容易上手', '55a83f978b3f8e9c7b13528dbb863108.jpg', 'farmer', 40, 58, '2022-06-01', 536),
(32, '蒜香鹹蛋黃烤南瓜', 20, 3, '300', '美式料理', '新手輕鬆入門', '南瓜  600克', '鹹蛋黃  2顆', '橄欖油  1匙', '蒜末  10克', '胡椒粉  少許', '蔥花  少許', '', '', '', '', '南瓜去籽切塊，鹹蛋黃切碎', '南瓜放所有調味料，蒜末、鹹蛋黃，拌勻', '放入氣炸鍋，180度烤15分鐘，再撒點蔥花即可', '', '', '', '', '', '', '', '鮮甜可口的南瓜，裹上鹹香，口感沙沙的鹹蛋黃，營養飽腹，超級美味', '57817de4a830a813609ba21e0aa0613b.jpg', 'loki', 73, 66, '2022-06-01', 508),
(33, '紅燒吳郭魚', 10, 4, '500', '台灣料理', '新手輕鬆入門', '吳郭魚  1條', '蔥白、蔥綠、蒜頭、鹽  適量', '薑  4-5片', '米酒  2湯匙', '食用油  少許', '水  1米杯', '醬油  2.5湯匙', '', '', '', '蔥薑蒜先切好備用，蔥綠另外放，最後才下，蔥綠可以切段，也可以切絲，最後裝飾較美觀，醬汁先調好備用，米酒備用，最後起鍋前再加', '魚洗乾淨（內臟要清乾淨才不會有土味喔），接著擦乾多餘水份，在魚身上斜劃3-4刀，幫助入味，之後也好觀察魚肉有沒有熟，再來兩面均勻抹上鹽巴，稍微放置一下', '用不沾鍋，不用太多油熱鍋也不會沾黏魚皮，油熱後下魚煎至兩面金黃，中間有上蓋幫助快熟，一面中火煎約3-4分鐘，翻面的時候鏟子靠背鰭那面翻，魚較有支撐比較不會散掉。', '兩面金黃後，把魚移到邊邊騰出空間來，油集中到下面爆', '', '', '', '', '', '', '很家常的魚料理，考驗對食材的掌握度', 'b395572ac1fbc63429928c07e4c1415e.jpg', 'thor1111333', 49, 45, '2022-06-01', 505),
(34, '簡易版牛肉羅宋湯', 90, 3, '500', '日式料理', '米其林名廚作品', '牛肋條  3條', '義式番茄糊  1/2罐', '馬鈴薯（小顆）  2顆', '紅蘿蔔  1/3條', '洋蔥  適量', '西洋芹  1根', '高麗菜  1/4顆', '即食雞湯  1罐', '', '', '牛肋條切小塊，鍋子不加油燒熱，直接煎牛肋條塊，可以先加入一些海鹽、黑胡椒調味。', '用煸出的牛油一起拌炒紅蘿蔔跟洋蔥', '即食雞高湯加熱，將炒過的牛肉、蔬菜倒入鍋中，加入義式番茄糊', '中小火先燉煮40分鐘', '燉煮40分鐘後，水份會少一點（但不致於會燒到鍋子乾掉），加入馬鈴薯（切中小丁）再煮15分鐘', '40分鐘+15分鐘，可以試吃一下牛肉的軟爛程度和味道，即可上桌', '', '', '', '', '擁有豐富茄紅素的湯品料理', 'ef2cae0b21276b63b6be9a6b3a23e509.jpg', 'curry', 34, 57, '2022-06-01', 530),
(35, '香辣干貝醬佐杏鮑菇', 20, 3, '200', '台灣料理', '餐廳廚師料理', '豬絞肉  約300克', '杏鮑菇  2根', '蒜頭  2瓣', '干貝海鮮醬-小辣  2大匙', '水  3/1碗', '糖  適量', '白胡椒粉  1小匙', '米酒  2大匙', '', '', '先將豬絞肉撒一些白胡椒粉&加上約2湯匙的米酒捏捏放置備料約15分鐘（前置作業）', '蒜頭切末', '熱鍋熱油後，蒜末爆香金黃表面，再下豬絞肉拌炒約3分', '加入2湯匙干貝醬及杏鮑菇後加入約1/3碗水及砂糖調味，翻炒5～6分鐘熟後 即可起鍋', '', '', '', '', '', '', '又香又辣的白飯殺手料理', '7dbcfd8937745e5dbc8a191394920561.jpg', 'loki', 60, 68, '2022-06-01', 508),
(36, '肉捲飯糰', 60, 2, '500', '日式料理', '餐廳廚師料理', '白芝麻粒  適量', '豬梅花肉片  2盒', '鹽  適量', '醬油、味霖、米酒  2匙', '細砂糖  1匙', '壽司米  2米杯', '水  2.4米杯', '油  少許', '香鬆  適量', '', '煮飯（比例壽司米1：水1.2）', '待電鍋跳起微悶後用飯匙鬆飯，靜置微涼後加入香鬆攪拌均勻備用', '取一碗調製醬料， 豬梅花肉片灑上適量的鹽醃製15分鐘， 戴上手套將飯捏成圓形狀（可製作成9顆）', '取一保鮮膜，將肉片平鋪後放上飯糰捲起，再鋪上一片肉片另一邊開口處再捲起（每個飯糰使用2片肉片包）', '捲好的飯糰上均勻撒上適量太白粉，平底鍋加上適量油小火即可放入飯糰將每面煎至焦香', '加入半米杯水蓋上鍋蓋悶5分鐘至肉片熟透，加入照燒醬汁讓飯糰每面都沾裹到醬汁到收汁', '盛盤飯糰上撒上適', '', '', '', '裹上照燒醬汁的肉捲飯糰', 'bee12560c33037987b6e0c767ef83f5f.jpg', 'loki', 44, 49, '2022-06-01', 508),
(37, '泰式檸檬魚', 20, 4, '500', '南洋料理', '餐廳廚師料理', '鱸魚  半隻', '檸檬  一顆', '老薑  5篇', '蒜頭  8顆', '辣椒  1條', '洋蔥  半顆', '米酒  3大湯匙', '糖  一大湯匙', '魚露  3大湯匙', '', '洋蔥、蒜頭、辣椒切丁，檸檬切3片備用，其他擠汁', '鱸魚放入盤中，加米酒、薑片、蔥段放入電鍋蒸', '放入三片檸檬、蔥段再悶2分鐘', '洋蔥、蒜頭、辣椒打碎，並加入魚露', '調整一下擺盤，淋上醬料即完成', '', '', '', '', '', '炎炎夏日開胃的一道好料理', 'dd0d41a6e1b248b174171ad1738129c3.jpg', 'farmer', 65, 48, '2022-06-01', 536),
(38, '味噌湯', 10, 5, '300', '日式料理', '新手輕鬆入門', '味噌1小包  140公克', '洋蔥  半顆', '嫩豆腐  1盒', '水  1000cc', '奶粉  20公克', '砂糖  10公克', '柴魚片  少許(可不加)', '', '', '', '洋蔥半顆切絲', '嫩豆腐一盒切塊狀(大小依自己喜好)', '開大火，將1000cc的水先預熱，水煮熱之後，撈一些水起來先將味噌跟奶粉攪散', '水開始小滾(冒泡泡)之後，就可以下洋蔥絲，等水再次小滾，就下豆腐', '靜置1分鐘，再將攪好的味噌跟奶粉下鍋', '味噌下之後，蓋上鍋蓋直到再次小滾', '味噌澱粉含量高，如果大滾會整個冒出來，所以小滾就可以先將鍋蓋打開，開蓋之後轉小火，並將砂糖及柴魚下鍋，輕輕地拌勻', '等到湯滾了，就可以起鍋', '', '', '煮起來不會死鹹又甘甜的湯', '0e9b7457b20d44981c93b8f190e80150.jpg', 'curry', 97, 62, '2022-06-01', 530),
(39, '鮮蚵嫩豆腐', 10, 3, '400', '台灣料理', '新手輕鬆入門', '鮮蚵  半斤', '豆腐  一盒', '豆瓣醬  兩匙', '醬油、香油、米酒各一匙', '洋蔥  1/5', '蒜頭  4瓣', '辣椒  一根', '蔥  少許', '香菜  兩片', '', '熱鍋放油，辣椒/洋蔥/蔥花爆香', '倒入切好的嫩豆腐', '加入米酒/醬油/豆瓣醬，拿鏟子稍微推一下小心弄破豆腐', '加入鮮蚵', '等到收汁加點香油就可以起鍋', '加入香菜點綴', '', '', '', '', '搭配嫩豆腐根本是白飯殺手，煮起來又很簡單上手', '07e11f51f9d409804bafa4a34e937bac.jpg', 'bob', 43, 35, '2022-06-01', 525),
(40, '沙嗲烤雞肉串', 45, 3, '600', '南洋料理', '餐廳廚師料理', '雞肉  600克', '沙嗲醬、醬油、糖、蒜末、豆瓣醬（可省略）  1小匙', '香油  1大匙', '白胡椒粉  少許', '奶油  25克', '沙嗲醬  1大匙', '花生醬  2小匙', '糖  1大匙', '水  120毫升', '椰漿  120毫升', '將雞肉切小塊，然後用醃料醃雞肉最少一個小時', '將竹籤浸在熱水5分鐘，這可防止在烤時竹籤變黑。然將雞肉串起', '將雞肉串放在鋪有鋁箔紙的烤盤上，放入已預熱180度烤箱，烤約15 -18分鐘，烤至一半時間時，將雞肉翻面再烤（可在雞肉上塗少許油）', '沙嗲沾醬做法：將奶油放在鍋內，煮至溶化，然後下蒜末', '再下所有沾醬材料拌勻（除了椰漿），煮至醬汁濃稠後，再加椰漿煮沸即可完成', '', '', '', '', '', '充滿東南亞風味的沙嗲烤雞串', 'ffecb64e499a7cce7222fcb03ea9d208.jpg', 'bob', 67, 55, '2022-06-01', 525),
(41, '櫛瓜骰子牛', 15, 3, '400', '台灣料理', '新手輕鬆入門', '櫛瓜一條', '骰子牛一包', '蒜頭3-4粒', '鹽適量', '黑胡椒適量', '自製豬油或橄欖油適量', '', '', '', '', '準備一條櫛瓜，和一包骰子牛', '櫛瓜切片', '兩面煎焦黃，撒點鹽和黑胡椒調味，起鍋備用', '原鍋子煎蒜頭和骰子牛', '最後把櫛瓜加進來翻炒後起鍋', '', '', '', '', '', '減脂也要美味，美味也要減脂', '4cc7566848d70c9538fb917a071d184a.jpg', 'curry', 53, 49, '2022-06-01', 530),
(42, '一二三', 10, 2, '100', '南洋料理', '餐廳廚師料理', 'aaa', 'ccc', 'ggg', 'mmm', '', '', '', '', '', '', '111', '', '', '', '', '', '', '', '', '', 'qwrty', '', 'curry', 0, 0, '2022-08-15', 530),
(43, 'fgyjyfcgb', 0, 0, '', '', '', '123', 'ddd', 'xxx', 'uuu', 'ppp', '', '', '', '', '', 'ooo', 'www', 'ccc', 'xxx', '', '', '', '', '', '', '', '', 'curry', 0, 0, '2022-08-15', 530),
(44, 'kjldfg', 0, 0, '', '', '', '456', 'zzz', 'sss', 'nnn', 'ooo', '', '', '', '', '', 'yyy', 'jjj', 'fff', 'fff', '', '', '', '', '', '', '', '', 'curry', 0, 0, '2022-08-15', 530),
(45, 'wreyyiuy', 0, 0, '', '', '', '777', 'aaa', 'www', 'qqq', 'rrr', '', '', '', '', '', 'kkk', 'hhh', 'vvv', 'ccc', '', '', '', '', '', '', '', '', 'curry', 0, 0, '2022-08-15', 530),
(46, 'a vgvykgkji', 0, 0, '', '', '', '9', 'qqq', 'yyy', 'eee', 'lll', '', '', '', '', '', 'jjj', 'aaa', 'eee', 'lll', '', '', '', '', '', '', '', '', 'bob', 0, 0, '2022-08-15', 525),
(47, 'mvlsg', 0, 0, '', '', '', 'aaa', 'sss', 'ddd', 'fff', 'ggg', 'vvv', '', '', '', '', 'ggg', 'nnn', 'sss', '', '', '', '', '', '', '', '', '', 'bob', 0, 0, '2022-08-15', 525),
(48, 'asdfgh', 5, 3, '100', '韓式料理', '新手輕鬆入門', 'qqqq', 'wwww', 'eeee', 'rrrr', '', '', '', '', '', '', 'tttt', 'rrr', 'mmm', '', '', '', '', '', '', '', 'qwerty', '', 'bob', 0, 0, '2022-08-15', 525),
(49, '123213', 5, 3, '100', '韓式料理', '米其林名廚作品', 'qqqq', 'wwww', 'eeee', 'rrrr', '', '', '', '', '', '', 'tttt', 'yyyy', 'uuuu', 'iiii', 'oooo', 'pppp', '', '', '', '', 'pppppp', '', 'bob', 0, 0, '2022-08-15', 525);

-- --------------------------------------------------------

--
-- Table structure for table `recipe_collectionlist`
--

CREATE TABLE `recipe_collectionlist` (
  `sid` int(11) NOT NULL,
  `recipes_sid` int(11) NOT NULL,
  `customer_id` int(11) NOT NULL
) ENGINE=InnoDB DEFAULT CHARSET=utf8mb4;

--
-- Dumping data for table `recipe_collectionlist`
--

INSERT INTO `recipe_collectionlist` (`sid`, `recipes_sid`, `customer_id`) VALUES
(1, 3, 525),
(2, 1, 525),
(3, 20, 530),
(4, 8, 525),
(5, 9, 525),
(6, 10, 525),
(7, 11, 525),
(8, 4, 525),
(9, 5, 525),
(10, 6, 525),
(11, 7, 525),
(12, 13, 525),
(13, 14, 525),
(14, 12, 525),
(15, 15, 525),
(16, 16, 525),
(17, 17, 525),
(18, 18, 525),
(19, 19, 525),
(20, 20, 525),
(21, 21, 525),
(22, 22, 525),
(23, 23, 525),
(24, 24, 525),
(25, 25, 525),
(26, 26, 525),
(27, 27, 525),
(28, 28, 525),
(29, 29, 525),
(30, 30, 525),
(31, 31, 525),
(32, 32, 525),
(33, 33, 525),
(34, 34, 525),
(35, 35, 525),
(36, 36, 525),
(37, 37, 525),
(38, 38, 525),
(39, 39, 525),
(40, 40, 525),
(41, 1, 505),
(42, 2, 505),
(43, 3, 505),
(44, 4, 505),
(45, 5, 505),
(46, 10, 505),
(47, 11, 505),
(48, 19, 505),
(49, 20, 505),
(50, 24, 505),
(51, 29, 505),
(52, 33, 505),
(53, 37, 505),
(54, 40, 505),
(55, 7, 536),
(56, 8, 536),
(57, 17, 536),
(58, 18, 536),
(59, 22, 536),
(60, 27, 536),
(61, 30, 536),
(62, 33, 536),
(63, 34, 536),
(64, 36, 536),
(65, 39, 536),
(66, 1, 508),
(67, 6, 508),
(68, 4, 508),
(69, 11, 508),
(70, 13, 508),
(71, 19, 508),
(72, 22, 508),
(73, 20, 508),
(74, 26, 508),
(75, 30, 508),
(76, 31, 508),
(77, 34, 508),
(78, 40, 508),
(79, 3, 503),
(80, 4, 503),
(81, 8, 503),
(82, 10, 503),
(83, 13, 503),
(84, 18, 503),
(85, 22, 503),
(86, 26, 503),
(87, 30, 503),
(88, 35, 503),
(89, 38, 503),
(90, 6, 535),
(91, 7, 535),
(92, 13, 535),
(93, 14, 535),
(94, 29, 535),
(95, 33, 535),
(96, 36, 535),
(97, 39, 535),
(98, 18, 534),
(99, 19, 534),
(100, 3, 534),
(101, 9, 534),
(102, 15, 534),
(103, 23, 534),
(104, 28, 534),
(105, 32, 534),
(106, 33, 534),
(107, 37, 534),
(108, 40, 534),
(109, 2, 533),
(110, 11, 533),
(111, 19, 533),
(112, 27, 533),
(113, 33, 533),
(114, 38, 533),
(115, 3, 532),
(116, 6, 532),
(117, 7, 532),
(118, 10, 532),
(119, 13, 532),
(120, 17, 532),
(121, 21, 532),
(122, 26, 532),
(123, 30, 532),
(124, 34, 532),
(125, 35, 532),
(126, 40, 532),
(127, 1, 531),
(128, 4, 531),
(129, 10, 531),
(130, 24, 531),
(131, 29, 531),
(132, 38, 531),
(133, 5, 529),
(134, 10, 529),
(135, 27, 529),
(136, 28, 529),
(137, 34, 529),
(138, 25, 528),
(139, 33, 528),
(140, 37, 528),
(141, 1, 527),
(142, 2, 527),
(143, 3, 527),
(144, 4, 527),
(145, 9, 527),
(146, 14, 527),
(147, 16, 527),
(148, 24, 527),
(149, 26, 527),
(150, 27, 527),
(151, 29, 527),
(152, 33, 527),
(153, 38, 527),
(154, 6, 526),
(155, 9, 526),
(156, 10, 526),
(157, 15, 526),
(158, 20, 526),
(159, 25, 526),
(160, 30, 526),
(161, 3, 524),
(162, 5, 524),
(163, 7, 524),
(164, 9, 524),
(165, 11, 524),
(166, 13, 524),
(167, 15, 524),
(168, 17, 524),
(169, 19, 524),
(170, 21, 524),
(171, 23, 524),
(172, 25, 524),
(173, 27, 524),
(174, 29, 524),
(175, 31, 524),
(176, 33, 524),
(177, 35, 524),
(178, 37, 524),
(179, 39, 524),
(180, 41, 524),
(181, 2, 523),
(182, 6, 523),
(183, 10, 523),
(184, 14, 523),
(185, 16, 523),
(186, 20, 523),
(187, 24, 523),
(188, 28, 523),
(189, 32, 523),
(190, 36, 523),
(191, 40, 523),
(192, 3, 522),
(193, 6, 522),
(194, 9, 522),
(195, 12, 522),
(196, 15, 522),
(197, 18, 522),
(198, 21, 522),
(199, 24, 522),
(200, 27, 522),
(201, 30, 522),
(202, 33, 522),
(203, 36, 522),
(204, 39, 522),
(205, 5, 521),
(206, 10, 521),
(207, 15, 521),
(208, 20, 521),
(209, 25, 521),
(210, 30, 521),
(211, 35, 521),
(212, 40, 521),
(213, 1, 520),
(214, 6, 520),
(215, 12, 520),
(216, 18, 520),
(217, 24, 520),
(218, 30, 520),
(219, 36, 520),
(220, 1, 519),
(221, 7, 519),
(222, 14, 519),
(223, 21, 519),
(224, 28, 519),
(225, 35, 519),
(226, 41, 519),
(227, 2, 518),
(228, 8, 518),
(229, 16, 518),
(230, 24, 518),
(231, 32, 518),
(232, 40, 518),
(233, 1, 517),
(234, 2, 517),
(235, 3, 517),
(236, 4, 517),
(237, 5, 517),
(238, 6, 517),
(239, 7, 517),
(240, 8, 517),
(241, 9, 517),
(242, 10, 517),
(243, 11, 517),
(244, 12, 517),
(245, 13, 517),
(246, 14, 517),
(247, 15, 517),
(248, 16, 517),
(249, 17, 517),
(250, 18, 517),
(251, 19, 517),
(252, 20, 517),
(253, 21, 517),
(254, 22, 517),
(255, 23, 517),
(256, 24, 517),
(257, 25, 517),
(258, 26, 517),
(259, 27, 517),
(260, 28, 517),
(261, 29, 517),
(262, 30, 517),
(263, 31, 517),
(264, 32, 525),
(265, 33, 517),
(266, 34, 517),
(267, 35, 517),
(268, 36, 517),
(269, 37, 517),
(270, 38, 517),
(271, 39, 517),
(272, 40, 517),
(273, 41, 517),
(274, 3, 516),
(275, 5, 516),
(276, 8, 516),
(277, 11, 516),
(278, 15, 516),
(279, 19, 516),
(280, 20, 516),
(281, 22, 516),
(282, 23, 516),
(283, 26, 516),
(284, 29, 516),
(285, 32, 516),
(286, 34, 516),
(287, 38, 516),
(288, 40, 516),
(289, 1, 515),
(290, 3, 515),
(291, 6, 515),
(292, 10, 515),
(293, 11, 515),
(294, 17, 515),
(295, 20, 515),
(296, 24, 515),
(297, 28, 515),
(298, 30, 515),
(299, 32, 515),
(300, 36, 515),
(301, 39, 515),
(302, 40, 515),
(303, 1, 514),
(304, 2, 514),
(305, 3, 514),
(306, 5, 514),
(307, 7, 514),
(308, 11, 514),
(309, 13, 514),
(310, 17, 514),
(311, 19, 514),
(312, 23, 514),
(313, 29, 514),
(314, 31, 514),
(315, 37, 514),
(316, 41, 514),
(317, 1, 513),
(318, 2, 513),
(319, 3, 513),
(320, 4, 513),
(321, 5, 513),
(322, 6, 513),
(323, 10, 513),
(324, 12, 513),
(325, 19, 513),
(326, 22, 513),
(327, 26, 513),
(328, 28, 513),
(329, 33, 513),
(330, 37, 513),
(331, 38, 513),
(332, 39, 513),
(333, 40, 513),
(334, 41, 513),
(335, 1, 512),
(336, 2, 512),
(337, 3, 512),
(338, 5, 512),
(339, 8, 512),
(340, 13, 512),
(341, 21, 512),
(342, 34, 512),
(343, 40, 512),
(344, 1, 511),
(345, 2, 511),
(346, 3, 511),
(347, 5, 511),
(348, 8, 511),
(349, 13, 511),
(350, 21, 511),
(351, 33, 511),
(352, 34, 511),
(353, 1, 510),
(354, 2, 510),
(355, 4, 510),
(356, 6, 510),
(357, 10, 510),
(358, 16, 510),
(359, 26, 510),
(360, 36, 510),
(361, 41, 510),
(362, 1, 509),
(363, 3, 509),
(364, 4, 509),
(365, 5, 509),
(366, 9, 509),
(367, 14, 509),
(368, 23, 509),
(369, 37, 509),
(370, 39, 509),
(371, 1, 508),
(372, 2, 508),
(373, 3, 508),
(374, 5, 508),
(375, 8, 508),
(376, 10, 508),
(377, 18, 508),
(378, 28, 508),
(379, 41, 508),
(380, 1, 507),
(381, 2, 507),
(382, 3, 507),
(383, 5, 507),
(384, 8, 507),
(385, 13, 507),
(386, 21, 507),
(387, 34, 507),
(388, 1, 506),
(389, 2, 506),
(390, 3, 506),
(391, 4, 506),
(392, 7, 506),
(393, 11, 506),
(394, 18, 525),
(395, 29, 506),
(396, 35, 506),
(397, 1, 504),
(398, 2, 504),
(399, 3, 504),
(400, 4, 504),
(401, 7, 504),
(402, 11, 504),
(403, 18, 504),
(404, 29, 504),
(405, 39, 504),
(406, 1, 502),
(407, 2, 502),
(408, 3, 502),
(409, 4, 502),
(410, 7, 502),
(411, 11, 502),
(412, 18, 502),
(413, 29, 502),
(414, 40, 502),
(415, 4, 501),
(416, 7, 501),
(417, 11, 501),
(418, 18, 501),
(419, 25, 501),
(420, 29, 501),
(421, 3, 500),
(422, 7, 500),
(423, 9, 500),
(424, 13, 500),
(425, 15, 500),
(426, 21, 500),
(427, 25, 500),
(428, 31, 500),
(429, 33, 500),
(430, 37, 500),
(431, 3, 499),
(432, 7, 499),
(433, 9, 499),
(434, 13, 499),
(435, 15, 499),
(436, 16, 499),
(437, 17, 499),
(438, 21, 499),
(439, 25, 499),
(440, 29, 499),
(441, 31, 499),
(442, 33, 499),
(443, 37, 499),
(444, 38, 499),
(445, 3, 498),
(446, 7, 498),
(447, 9, 498),
(448, 13, 498),
(449, 15, 498),
(450, 21, 498),
(451, 25, 498),
(452, 26, 498),
(453, 31, 498),
(454, 32, 498),
(455, 33, 498),
(456, 35, 498),
(457, 37, 498),
(458, 38, 498),
(459, 39, 498),
(460, 40, 498),
(461, 41, 498),
(462, 2, 497),
(463, 3, 497),
(464, 7, 497),
(465, 9, 497),
(466, 13, 497),
(467, 15, 497),
(468, 21, 497),
(469, 25, 497),
(470, 31, 497);

-- --------------------------------------------------------

--
-- Table structure for table `recipe_like`
--

CREATE TABLE `recipe_like` (
  `sid` int(11) NOT NULL,
  `recipes_sid` int(11) NOT NULL,
  `customer_id` int(11) NOT NULL
) ENGINE=InnoDB DEFAULT CHARSET=utf8mb4;

--
-- Dumping data for table `recipe_like`
--

INSERT INTO `recipe_like` (`sid`, `recipes_sid`, `customer_id`) VALUES
(1, 3, 525),
(2, 1, 525),
(3, 20, 530),
(4, 8, 525),
(5, 9, 525),
(6, 10, 525),
(7, 11, 525),
(8, 4, 525),
(9, 5, 525),
(10, 6, 525),
(11, 7, 525),
(12, 13, 525),
(13, 14, 525),
(14, 12, 525),
(15, 15, 525),
(16, 16, 525),
(17, 17, 525),
(18, 18, 525),
(19, 19, 525),
(20, 20, 525),
(21, 21, 525),
(22, 22, 525),
(23, 23, 525),
(24, 24, 525),
(25, 25, 525),
(26, 26, 525),
(27, 27, 525),
(28, 28, 525),
(29, 29, 525),
(30, 30, 525),
(31, 31, 525),
(32, 32, 525),
(33, 33, 525),
(34, 34, 525),
(35, 35, 525),
(36, 36, 525),
(37, 37, 525),
(38, 38, 525),
(39, 39, 525),
(40, 40, 525),
(41, 1, 505),
(42, 2, 505),
(43, 3, 505),
(44, 4, 505),
(45, 5, 505),
(46, 10, 505),
(47, 11, 505),
(48, 19, 505),
(49, 20, 505),
(50, 24, 505),
(51, 29, 505),
(52, 33, 505),
(53, 37, 505),
(54, 40, 505),
(55, 7, 536),
(56, 8, 536),
(57, 17, 536),
(58, 18, 536),
(59, 22, 536),
(60, 27, 536),
(61, 30, 536),
(62, 33, 536),
(63, 34, 536),
(64, 36, 536),
(65, 39, 536),
(66, 1, 508),
(67, 6, 508),
(68, 4, 508),
(69, 11, 508),
(70, 13, 508),
(71, 19, 508),
(72, 22, 508),
(73, 20, 508),
(74, 26, 508),
(75, 30, 508),
(76, 31, 508),
(77, 34, 508),
(78, 40, 508),
(79, 3, 503),
(80, 4, 503),
(81, 8, 503),
(82, 10, 503),
(83, 13, 503),
(84, 18, 503),
(85, 22, 503),
(86, 26, 503),
(87, 30, 503),
(88, 35, 503),
(89, 38, 503),
(90, 6, 535),
(91, 7, 535),
(92, 13, 535),
(93, 14, 535),
(94, 29, 535),
(95, 33, 535),
(96, 36, 535),
(97, 39, 535),
(98, 18, 534),
(99, 19, 534),
(100, 3, 534),
(101, 9, 534),
(102, 15, 534),
(103, 23, 534),
(104, 28, 534),
(105, 32, 534),
(106, 33, 534),
(107, 37, 534),
(108, 40, 534),
(109, 2, 533),
(110, 11, 533),
(111, 19, 533),
(112, 27, 533),
(113, 33, 533),
(114, 38, 533),
(115, 3, 532),
(116, 6, 532),
(117, 7, 532),
(118, 10, 532),
(119, 13, 532),
(120, 17, 532),
(121, 21, 532),
(122, 26, 532),
(123, 30, 532),
(124, 34, 532),
(125, 35, 532),
(126, 40, 532),
(127, 1, 531),
(128, 4, 531),
(129, 10, 531),
(130, 24, 531),
(131, 29, 531),
(132, 38, 531),
(133, 5, 529),
(134, 10, 529),
(135, 27, 529),
(136, 28, 529),
(137, 34, 529),
(138, 25, 528),
(139, 33, 528),
(140, 37, 528),
(141, 1, 527),
(142, 2, 527),
(143, 3, 527),
(144, 4, 527),
(145, 9, 527),
(146, 14, 527),
(147, 16, 527),
(148, 24, 527),
(149, 26, 527),
(150, 27, 527),
(151, 29, 527),
(152, 33, 527),
(153, 38, 527),
(154, 6, 526),
(155, 9, 526),
(156, 10, 526),
(157, 15, 526),
(158, 20, 526),
(159, 25, 526),
(160, 30, 526),
(161, 3, 524),
(162, 5, 524),
(163, 7, 524),
(164, 9, 524),
(165, 11, 524),
(166, 13, 524),
(167, 15, 524),
(168, 17, 524),
(169, 19, 524),
(170, 21, 524),
(171, 23, 524),
(172, 25, 524),
(173, 27, 524),
(174, 29, 524),
(175, 31, 524),
(176, 33, 524),
(177, 35, 524),
(178, 37, 524),
(179, 39, 524),
(180, 41, 524),
(181, 2, 523),
(182, 6, 523),
(183, 10, 523),
(184, 14, 523),
(185, 16, 523),
(186, 20, 523),
(187, 24, 523),
(188, 28, 523),
(189, 32, 523),
(190, 36, 523),
(191, 40, 523),
(192, 3, 522),
(193, 6, 522),
(194, 9, 522),
(195, 12, 522),
(196, 15, 522),
(197, 18, 522),
(198, 21, 522),
(199, 24, 522),
(200, 27, 522),
(201, 30, 522),
(202, 33, 522),
(203, 36, 522),
(204, 39, 522),
(205, 5, 521),
(206, 10, 521),
(207, 15, 521),
(208, 20, 521),
(209, 25, 521),
(210, 30, 521),
(211, 35, 521),
(212, 40, 521),
(213, 1, 520),
(214, 6, 520),
(215, 12, 520),
(216, 18, 520),
(217, 24, 520),
(218, 30, 520),
(219, 36, 520),
(220, 1, 519),
(221, 7, 519),
(222, 14, 519),
(223, 21, 519),
(224, 28, 519),
(225, 35, 519),
(226, 41, 519),
(227, 2, 518),
(228, 8, 518),
(229, 16, 518),
(230, 24, 518),
(231, 32, 518),
(232, 40, 518),
(233, 1, 517),
(234, 2, 517),
(235, 3, 517),
(236, 4, 517),
(237, 5, 517),
(238, 6, 517),
(239, 7, 517),
(240, 8, 517),
(241, 9, 517),
(242, 10, 517),
(243, 11, 517),
(244, 12, 517),
(245, 13, 517),
(246, 14, 517),
(247, 15, 517),
(248, 16, 517),
(249, 17, 517),
(250, 18, 517),
(251, 19, 517),
(252, 20, 517),
(253, 21, 517),
(254, 22, 517),
(255, 23, 517),
(256, 24, 517),
(257, 25, 517),
(258, 26, 517),
(259, 27, 517),
(260, 28, 517),
(261, 29, 517),
(262, 30, 517),
(263, 31, 517),
(264, 32, 525),
(265, 33, 517),
(266, 34, 517),
(267, 35, 517),
(268, 36, 517),
(269, 37, 517),
(270, 38, 517),
(271, 39, 517),
(272, 40, 517),
(273, 41, 517),
(274, 3, 516),
(275, 5, 516),
(276, 8, 516),
(277, 11, 516),
(278, 15, 516),
(279, 19, 516),
(280, 20, 516),
(281, 22, 516),
(282, 23, 516),
(283, 26, 516),
(284, 29, 516),
(285, 32, 516),
(286, 34, 516),
(287, 38, 516),
(288, 40, 516),
(289, 1, 515),
(290, 3, 515),
(291, 6, 515),
(292, 10, 515),
(293, 11, 515),
(294, 17, 515),
(295, 20, 515),
(296, 24, 515),
(297, 28, 515),
(298, 30, 515),
(299, 32, 515),
(300, 36, 515),
(301, 39, 515),
(302, 40, 515),
(303, 1, 514),
(304, 2, 514),
(305, 3, 514),
(306, 5, 514),
(307, 7, 514),
(308, 11, 514),
(309, 13, 514),
(310, 17, 514),
(311, 19, 514),
(312, 23, 514),
(313, 29, 514),
(314, 31, 514),
(315, 37, 514),
(316, 41, 514),
(317, 1, 513),
(318, 2, 513),
(319, 3, 513),
(320, 4, 513),
(321, 5, 513),
(322, 6, 513),
(323, 10, 513),
(324, 12, 513),
(325, 19, 513),
(326, 22, 513),
(327, 26, 513),
(328, 28, 513),
(329, 33, 513),
(330, 37, 513),
(331, 38, 513),
(332, 39, 513),
(333, 40, 513),
(334, 41, 513),
(335, 1, 512),
(336, 2, 512),
(337, 3, 512),
(338, 5, 512),
(339, 8, 512),
(340, 13, 512),
(341, 21, 512),
(342, 34, 512),
(343, 40, 512),
(344, 1, 511),
(345, 2, 511),
(346, 3, 511),
(347, 5, 511),
(348, 8, 511),
(349, 13, 511),
(350, 21, 511),
(351, 33, 511),
(352, 34, 511),
(353, 1, 510),
(354, 2, 510),
(355, 4, 510),
(356, 6, 510),
(357, 10, 510),
(358, 16, 510),
(359, 26, 510),
(360, 36, 510),
(361, 41, 510),
(362, 1, 509),
(363, 3, 509),
(364, 4, 509),
(365, 5, 509),
(366, 9, 509),
(367, 14, 509),
(368, 23, 509),
(369, 37, 509),
(370, 39, 509),
(371, 1, 508),
(372, 2, 508),
(373, 3, 508),
(374, 5, 508),
(375, 8, 508),
(376, 10, 508),
(377, 18, 508),
(378, 28, 508),
(379, 41, 508),
(380, 1, 507),
(381, 2, 507),
(382, 3, 507),
(383, 5, 507),
(384, 8, 507),
(385, 13, 507),
(386, 21, 507),
(387, 34, 507),
(388, 1, 506),
(389, 2, 506),
(390, 3, 506),
(391, 4, 506),
(392, 7, 506),
(393, 11, 506),
(394, 18, 525),
(395, 29, 506),
(396, 35, 506),
(397, 1, 504),
(398, 2, 504),
(399, 3, 504),
(400, 4, 504),
(401, 7, 504),
(402, 11, 504),
(403, 18, 504),
(404, 29, 504),
(405, 39, 504),
(406, 1, 502),
(407, 2, 502),
(408, 3, 502),
(409, 4, 502),
(410, 7, 502),
(411, 11, 502),
(412, 18, 502),
(413, 29, 502),
(414, 40, 502),
(415, 4, 501),
(416, 7, 501),
(417, 11, 501),
(418, 18, 501),
(419, 25, 501),
(420, 29, 501),
(421, 3, 500),
(422, 7, 500),
(423, 9, 500),
(424, 13, 500),
(425, 15, 500),
(426, 21, 500),
(427, 25, 500),
(428, 31, 500),
(429, 33, 500),
(430, 37, 500),
(431, 3, 499),
(432, 7, 499),
(433, 9, 499),
(434, 13, 499),
(435, 15, 499),
(436, 16, 499),
(437, 17, 499),
(438, 21, 499),
(439, 25, 499),
(440, 29, 499),
(441, 31, 499),
(442, 33, 499),
(443, 37, 499),
(444, 38, 499),
(445, 3, 498),
(446, 7, 498),
(447, 9, 498),
(448, 13, 498),
(449, 15, 498),
(450, 21, 498),
(451, 25, 498),
(452, 26, 498),
(453, 31, 498),
(454, 32, 498),
(455, 33, 498),
(456, 35, 498),
(457, 37, 498),
(458, 38, 498),
(459, 39, 498),
(460, 40, 498),
(461, 41, 498),
(462, 2, 497),
(463, 3, 497),
(464, 7, 497),
(465, 9, 497),
(466, 13, 497),
(467, 15, 497),
(468, 21, 497),
(469, 25, 497),
(470, 31, 497);

-- --------------------------------------------------------

--
-- Table structure for table `sightseeing_activity_order`
--

CREATE TABLE `sightseeing_activity_order` (
  `order_no` int(255) NOT NULL,
  `customer_id` int(255) NOT NULL,
  `shop_id` int(255) NOT NULL,
  `activity_id` int(11) NOT NULL,
  `order_status` varchar(255) NOT NULL,
  `product_amount_total` int(11) NOT NULL,
  `created_time` datetime NOT NULL,
  `activity_date` date NOT NULL,
  `customer_remark` varchar(255) NOT NULL,
  `pay_channel` varchar(255) NOT NULL
) ENGINE=InnoDB DEFAULT CHARSET=utf8mb4;

-- --------------------------------------------------------

--
-- Table structure for table `sightseeing_order_details`
--

CREATE TABLE `sightseeing_order_details` (
  `sid` int(50) NOT NULL,
  `order_no` int(50) NOT NULL,
  `customer_email` varchar(255) NOT NULL,
  `customer_address` varchar(255) NOT NULL,
  `activity_id` int(11) NOT NULL,
  `activity_name` varchar(255) NOT NULL,
  `activity_price` int(11) NOT NULL,
  `activity_member_count` int(11) NOT NULL,
  `discount_amount` int(11) NOT NULL,
  `subtotal` int(11) NOT NULL,
  `customer_remark(ex:vege)` varchar(255) NOT NULL,
  `pay_channel_id` int(11) NOT NULL
) ENGINE=InnoDB DEFAULT CHARSET=utf8mb4;

-- --------------------------------------------------------

--
-- Table structure for table `statement_of_account`
--

CREATE TABLE `statement_of_account` (
  `sid` int(50) NOT NULL,
  `shop_id` int(11) NOT NULL,
  `order_no` int(11) NOT NULL,
  `order_total_price` int(11) NOT NULL,
  `activity_order_no` int(11) NOT NULL,
  `activity_total_price` int(11) NOT NULL,
  `total_amount` int(11) NOT NULL
) ENGINE=InnoDB DEFAULT CHARSET=utf8mb4;

-- --------------------------------------------------------

--
-- Table structure for table `supervisor_list`
--

CREATE TABLE `supervisor_list` (
  `supervisor_id` int(11) NOT NULL,
  `name` varchar(255) NOT NULL,
  `email` varchar(255) NOT NULL,
  `password` varchar(255) NOT NULL,
  `creat_at` datetime NOT NULL DEFAULT current_timestamp()
) ENGINE=InnoDB DEFAULT CHARSET=utf8mb4;

--
-- Dumping data for table `supervisor_list`
--

INSERT INTO `supervisor_list` (`supervisor_id`, `name`, `email`, `password`, `creat_at`) VALUES
(1, 'bob', 'bob@test.com', '1234', '2022-06-01 14:53:17'),
(2, 'bopin', 'bopin@farmer26.com', '$2y$10$Wqyg66dB05tvCrRUWIAvX.5OA4t/wqxH7MwCnG.kPNsFkfq0hBrwS', '2022-06-01 14:53:17'),
(3, 'bob', 'bobchen@farmer26.com', '$2y$10$Epu2H3WYsWX3B2afNZzuhuvYpKrTTiVxjAoivRSboz7AaMlN22zWS', '2022-06-01 03:13:23'),
(5, 'farmer', 'farmer26@farmer26.com', 'd9ba32f9b0dbd1561607ccab6f998ef6dffe4f6b', '2022-06-07 14:52:12');

--
-- Indexes for dumped tables
--

--
-- Indexes for table `comment`
--
ALTER TABLE `comment`
  ADD PRIMARY KEY (`comment_sid`);

--
-- Indexes for table `comment_isliked`
--
ALTER TABLE `comment_isliked`
  ADD PRIMARY KEY (`sid`);

--
-- Indexes for table `company`
--
ALTER TABLE `company`
  ADD PRIMARY KEY (`company_id`);

--
-- Indexes for table `company_activitydata`
--
ALTER TABLE `company_activitydata`
  ADD PRIMARY KEY (`sid`);

--
-- Indexes for table `contact_us`
--
ALTER TABLE `contact_us`
  ADD PRIMARY KEY (`sid`);

--
-- Indexes for table `coupon_01`
--
ALTER TABLE `coupon_01`
  ADD PRIMARY KEY (`sid`);

--
-- Indexes for table `customer_data`
--
ALTER TABLE `customer_data`
  ADD PRIMARY KEY (`customer_id`);

--
-- Indexes for table `customized_lunch`
--
ALTER TABLE `customized_lunch`
  ADD PRIMARY KEY (`sid`);

--
-- Indexes for table `firm`
--
ALTER TABLE `firm`
  ADD PRIMARY KEY (`firm_id`);

--
-- Indexes for table `firm_type`
--
ALTER TABLE `firm_type`
  ADD PRIMARY KEY (`firm_type_id`);

--
-- Indexes for table `foodlist`
--
ALTER TABLE `foodlist`
  ADD PRIMARY KEY (`id`);

--
-- Indexes for table `orderlist`
--
ALTER TABLE `orderlist`
  ADD PRIMARY KEY (`order_no`);

--
-- Indexes for table `order_details`
--
ALTER TABLE `order_details`
  ADD PRIMARY KEY (`sid`);

--
-- Indexes for table `order_details_tobuy`
--
ALTER TABLE `order_details_tobuy`
  ADD PRIMARY KEY (`sid`);

--
-- Indexes for table `product`
--
ALTER TABLE `product`
  ADD PRIMARY KEY (`sid`),
  ADD KEY `product_name` (`product_name`),
  ADD KEY `product_type` (`product_type`),
  ADD KEY `product_price` (`product_price`),
  ADD KEY `product_inventory` (`product_inventory`),
  ADD KEY `product_hashtag` (`product_hashtag`);

--
-- Indexes for table `product_collect`
--
ALTER TABLE `product_collect`
  ADD PRIMARY KEY (`member_id`,`product_id`),
  ADD KEY `member_id` (`member_id`),
  ADD KEY `saved` (`saved`);

--
-- Indexes for table `product_management`
--
ALTER TABLE `product_management`
  ADD PRIMARY KEY (`sid`);

--
-- Indexes for table `product_type`
--
ALTER TABLE `product_type`
  ADD PRIMARY KEY (`product_type_sid`);

--
-- Indexes for table `recipe`
--
ALTER TABLE `recipe`
  ADD PRIMARY KEY (`recipes_sid`);

--
-- Indexes for table `recipe_collectionlist`
--
ALTER TABLE `recipe_collectionlist`
  ADD PRIMARY KEY (`sid`);

--
-- Indexes for table `recipe_like`
--
ALTER TABLE `recipe_like`
  ADD PRIMARY KEY (`sid`);

--
-- Indexes for table `sightseeing_activity_order`
--
ALTER TABLE `sightseeing_activity_order`
  ADD PRIMARY KEY (`order_no`);

--
-- Indexes for table `sightseeing_order_details`
--
ALTER TABLE `sightseeing_order_details`
  ADD PRIMARY KEY (`sid`);

--
-- Indexes for table `statement_of_account`
--
ALTER TABLE `statement_of_account`
  ADD PRIMARY KEY (`sid`);

--
-- Indexes for table `supervisor_list`
--
ALTER TABLE `supervisor_list`
  ADD PRIMARY KEY (`supervisor_id`);

--
-- AUTO_INCREMENT for dumped tables
--

--
-- AUTO_INCREMENT for table `comment`
--
ALTER TABLE `comment`
  MODIFY `comment_sid` int(11) NOT NULL AUTO_INCREMENT, AUTO_INCREMENT=74;

--
-- AUTO_INCREMENT for table `comment_isliked`
--
ALTER TABLE `comment_isliked`
  MODIFY `sid` int(50) NOT NULL AUTO_INCREMENT, AUTO_INCREMENT=611;

--
-- AUTO_INCREMENT for table `company`
--
ALTER TABLE `company`
  MODIFY `company_id` int(11) NOT NULL AUTO_INCREMENT, AUTO_INCREMENT=38;

--
-- AUTO_INCREMENT for table `company_activitydata`
--
ALTER TABLE `company_activitydata`
  MODIFY `sid` int(11) NOT NULL AUTO_INCREMENT, AUTO_INCREMENT=9;

--
-- AUTO_INCREMENT for table `contact_us`
--
ALTER TABLE `contact_us`
  MODIFY `sid` int(11) NOT NULL AUTO_INCREMENT, AUTO_INCREMENT=155;

--
-- AUTO_INCREMENT for table `coupon_01`
--
ALTER TABLE `coupon_01`
  MODIFY `sid` int(50) NOT NULL AUTO_INCREMENT, AUTO_INCREMENT=75;

--
-- AUTO_INCREMENT for table `customer_data`
--
ALTER TABLE `customer_data`
  MODIFY `customer_id` int(11) NOT NULL AUTO_INCREMENT, AUTO_INCREMENT=537;

--
-- AUTO_INCREMENT for table `customized_lunch`
--
ALTER TABLE `customized_lunch`
  MODIFY `sid` int(11) NOT NULL AUTO_INCREMENT;

--
-- AUTO_INCREMENT for table `firm`
--
ALTER TABLE `firm`
  MODIFY `firm_id` int(11) NOT NULL AUTO_INCREMENT, AUTO_INCREMENT=35;

--
-- AUTO_INCREMENT for table `firm_type`
--
ALTER TABLE `firm_type`
  MODIFY `firm_type_id` int(11) NOT NULL AUTO_INCREMENT, AUTO_INCREMENT=5;

--
-- AUTO_INCREMENT for table `foodlist`
--
ALTER TABLE `foodlist`
  MODIFY `id` int(11) NOT NULL AUTO_INCREMENT, AUTO_INCREMENT=28;

--
-- AUTO_INCREMENT for table `order_details`
--
ALTER TABLE `order_details`
  MODIFY `sid` int(11) NOT NULL AUTO_INCREMENT, AUTO_INCREMENT=642;

--
-- AUTO_INCREMENT for table `order_details_tobuy`
--
ALTER TABLE `order_details_tobuy`
  MODIFY `sid` int(11) NOT NULL AUTO_INCREMENT, AUTO_INCREMENT=585;

--
-- AUTO_INCREMENT for table `product`
--
ALTER TABLE `product`
  MODIFY `sid` int(11) NOT NULL AUTO_INCREMENT, AUTO_INCREMENT=92;

--
-- AUTO_INCREMENT for table `product_management`
--
ALTER TABLE `product_management`
  MODIFY `sid` int(50) NOT NULL AUTO_INCREMENT;

--
-- AUTO_INCREMENT for table `product_type`
--
ALTER TABLE `product_type`
  MODIFY `product_type_sid` int(11) NOT NULL AUTO_INCREMENT, AUTO_INCREMENT=7;

--
-- AUTO_INCREMENT for table `recipe`
--
ALTER TABLE `recipe`
  MODIFY `recipes_sid` int(11) NOT NULL AUTO_INCREMENT, AUTO_INCREMENT=50;

--
-- AUTO_INCREMENT for table `recipe_collectionlist`
--
ALTER TABLE `recipe_collectionlist`
  MODIFY `sid` int(11) NOT NULL AUTO_INCREMENT, AUTO_INCREMENT=471;

--
-- AUTO_INCREMENT for table `recipe_like`
--
ALTER TABLE `recipe_like`
  MODIFY `sid` int(11) NOT NULL AUTO_INCREMENT, AUTO_INCREMENT=471;

--
-- AUTO_INCREMENT for table `sightseeing_activity_order`
--
ALTER TABLE `sightseeing_activity_order`
  MODIFY `order_no` int(255) NOT NULL AUTO_INCREMENT;

--
-- AUTO_INCREMENT for table `sightseeing_order_details`
--
ALTER TABLE `sightseeing_order_details`
  MODIFY `sid` int(50) NOT NULL AUTO_INCREMENT;

--
-- AUTO_INCREMENT for table `statement_of_account`
--
ALTER TABLE `statement_of_account`
  MODIFY `sid` int(50) NOT NULL AUTO_INCREMENT;

--
-- AUTO_INCREMENT for table `supervisor_list`
--
ALTER TABLE `supervisor_list`
  MODIFY `supervisor_id` int(11) NOT NULL AUTO_INCREMENT, AUTO_INCREMENT=6;
COMMIT;

/*!40101 SET CHARACTER_SET_CLIENT=@OLD_CHARACTER_SET_CLIENT */;
/*!40101 SET CHARACTER_SET_RESULTS=@OLD_CHARACTER_SET_RESULTS */;
/*!40101 SET COLLATION_CONNECTION=@OLD_COLLATION_CONNECTION */;
