-- phpMyAdmin SQL Dump
-- version 5.1.3
-- https://www.phpmyadmin.net/
--
-- Host: 127.0.0.1
-- Generation Time: Jul 29, 2022 at 11:15 AM
-- Server version: 10.4.24-MariaDB
-- PHP Version: 7.4.29

SET SQL_MODE = "NO_AUTO_VALUE_ON_ZERO";
START TRANSACTION;
SET time_zone = "+00:00";


/*!40101 SET @OLD_CHARACTER_SET_CLIENT=@@CHARACTER_SET_CLIENT */;
/*!40101 SET @OLD_CHARACTER_SET_RESULTS=@@CHARACTER_SET_RESULTS */;
/*!40101 SET @OLD_COLLATION_CONNECTION=@@COLLATION_CONNECTION */;
/*!40101 SET NAMES utf8mb4 */;

--
-- Database: `farmer26`
--

-- --------------------------------------------------------

--
-- Table structure for table `changeproduct_01`
--

CREATE TABLE `changeproduct_01` (
  `product_sid` int(11) NOT NULL,
  `product_name` varchar(255) NOT NULL,
  `product_point` int(11) NOT NULL,
  `change_img` varchar(255) NOT NULL
) ENGINE=InnoDB DEFAULT CHARSET=utf8mb4;

--
-- Dumping data for table `changeproduct_01`
--

INSERT INTO `changeproduct_01` (`product_sid`, `product_name`, `product_point`, `change_img`) VALUES
(1, '蘋果', 50, 'F-apple.jpg'),
(2, '香蕉', 100, 'F-banana.jpg'),
(3, '牛肉', 200, 'beef013.jpeg'),
(4, '鮮蝦', 150, 's_shrimp_4.jpg'),
(5, '楊桃', 80, 'F-carambola.jpg'),
(6, '鮭魚', 250, 's_salmon_4.jpg');

-- --------------------------------------------------------

--
-- Table structure for table `change_01`
--

CREATE TABLE `change_01` (
  `change_sid` int(11) NOT NULL,
  `change_nameid` int(11) NOT NULL,
  `change_name` varchar(255) NOT NULL,
  `change_product` varchar(255) NOT NULL,
  `change_point` int(255) NOT NULL,
  `change_quantity` int(255) NOT NULL,
  `change_time` date DEFAULT NULL
) ENGINE=InnoDB DEFAULT CHARSET=utf8mb4;

--
-- Dumping data for table `change_01`
--

INSERT INTO `change_01` (`change_sid`, `change_nameid`, `change_name`, `change_product`, `change_point`, `change_quantity`, `change_time`) VALUES
(1, 0, '吳雅玲', '牛肉', 25, 62, '2021-05-13'),
(2, 0, '王怡君', '鮮蝦', 300, 7, '2022-10-11'),
(3, 0, '吳怡君', '牛肉', 100, 58, '2022-11-18'),
(4, 0, '王雅玲', '蘋果', 25, 93, '2022-12-04'),
(5, 0, '林小華', '鮮蝦', 25, 40, '2021-11-14'),
(6, 0, '李怡君', '香蕉', 50, 54, '2021-09-01'),
(7, 0, '李大頭', '鮮蝦', 500, 49, '2022-06-01'),
(8, 0, '李怡君', '牛肉', 50, 48, '2022-12-22'),
(9, 0, '王大頭', '蘋果', 25, 82, '2021-10-16'),
(10, 0, '林小華', '鮮蝦', 100, 69, '2021-03-03'),
(11, 0, '林小華', '香蕉', 500, 49, '2022-08-15'),
(12, 0, '王小華', '鮮蝦', 100, 55, '2022-02-15'),
(13, 0, '吳雅玲', '牛肉', 200, 93, '2022-03-26'),
(14, 0, '林大頭', '番茄', 100, 95, '2022-02-18'),
(15, 0, '王小華', '蘋果', 200, 22, '2021-10-26'),
(16, 0, '林小明', '牛肉', 300, 59, '2021-02-05'),
(17, 0, '陳怡君', '牛肉', 500, 89, '2022-04-19'),
(18, 0, '吳小明', '蘋果', 25, 93, '2022-05-08'),
(19, 0, '李怡君', '菠菜', 500, 98, '2022-04-12'),
(20, 0, '林小華', '菠菜', 50, 49, '2021-05-04'),
(21, 0, '李雅玲', '番茄', 500, 43, '2022-09-04'),
(22, 0, '王小華', '番茄', 200, 27, '2021-03-15'),
(23, 0, '陳大頭', '牛肉', 200, 91, '2022-02-27'),
(24, 0, '林怡君', '番茄', 500, 67, '2022-09-28'),
(25, 0, '林怡君', '牛肉', 200, 80, '2022-12-07'),
(26, 0, '林小明', '牛肉', 500, 24, '2022-08-19'),
(27, 0, '陳小明', '牛肉', 100, 2, '2021-01-17'),
(28, 0, '王怡君', '香蕉', 25, 4, '2021-09-28'),
(29, 0, '林怡君', '菠菜', 100, 73, '2021-12-11'),
(30, 0, '林雅玲', '鮮蝦', 100, 98, '2021-12-05'),
(31, 0, '王小明', '菠菜', 50, 8, '2021-05-27'),
(32, 0, '李小明', '番茄', 100, 70, '2021-03-29'),
(33, 0, '陳雅玲', '蘋果', 500, 17, '2022-06-16'),
(34, 0, '陳怡君', '蘋果', 500, 5, '2022-08-13'),
(35, 0, '李小華', '菠菜', 200, 14, '2021-12-21'),
(36, 0, '林怡君', '蘋果', 50, 43, '2021-12-20'),
(37, 0, '陳雅玲', '鮮蝦', 100, 20, '2022-10-21'),
(38, 0, '李雅玲', '牛肉', 50, 37, '2021-08-27'),
(39, 0, '林雅玲', '番茄', 200, 8, '2022-05-15'),
(40, 0, '陳雅玲', '鮮蝦', 200, 20, '2022-06-30'),
(41, 0, '李怡君', '牛肉', 100, 79, '2021-11-03'),
(42, 0, '王雅玲', '鮮蝦', 300, 77, '2021-10-13'),
(43, 0, '吳小明', '牛肉', 200, 10, '2022-08-04'),
(44, 0, '吳怡君', '香蕉', 100, 10, '2021-05-19'),
(45, 0, '吳小明', '牛肉', 300, 14, '2022-01-07'),
(46, 0, '李大頭', '蘋果', 100, 13, '2021-02-08'),
(47, 0, '吳小明', '番茄', 300, 89, '2022-11-18'),
(48, 0, '王小華', '香蕉', 500, 10, '2022-11-27'),
(49, 0, '李怡君', '香蕉', 100, 59, '2021-02-03'),
(50, 0, '陳大頭', '蘋果', 50, 95, '2021-06-03'),
(51, 0, '李怡君', '牛肉', 100, 7, '2022-08-11'),
(52, 0, '林小明', '蘋果', 500, 81, '2022-11-08'),
(53, 0, '吳小明', '鮮蝦', 50, 89, '2021-04-04'),
(54, 0, '林怡君', '香蕉', 100, 60, '2021-08-17'),
(55, 0, '吳怡君', '蘋果', 200, 30, '2022-06-19'),
(56, 0, '李小華', '番茄', 50, 63, '2021-11-12'),
(57, 0, '吳怡君', '鮮蝦', 100, 55, '2021-10-11'),
(58, 0, '陳雅玲', '菠菜', 500, 21, '2021-09-03'),
(59, 0, '陳怡君', '蘋果', 100, 28, '2021-06-09'),
(60, 0, '林雅玲', '番茄', 25, 22, '2021-12-13'),
(61, 0, '林小明', '番茄', 300, 9, '2021-04-27'),
(62, 0, '李怡君', '香蕉', 500, 20, '2021-05-01'),
(63, 0, '林小華', '香蕉', 100, 59, '2022-09-12'),
(64, 0, '李小明', '蘋果', 25, 39, '2021-07-28'),
(65, 0, '李小華', '牛肉', 500, 16, '2021-02-20'),
(66, 0, '林雅玲', '蘋果', 100, 94, '2021-07-06'),
(67, 0, '陳小明', '香蕉', 300, 28, '2022-04-11'),
(68, 0, '吳雅玲', '香蕉', 50, 2, '2022-08-22'),
(69, 0, '吳怡君', '牛肉', 50, 10, '2021-09-30'),
(70, 0, '林小明', '菠菜', 100, 56, '2022-03-31'),
(71, 0, '王大頭', '香蕉', 500, 85, '2022-03-25'),
(72, 0, '林小華', '菠菜', 50, 54, '2022-11-10'),
(73, 0, '王小明', '菠菜', 200, 37, '2021-01-08'),
(74, 0, '吳小華', '鮮蝦', 300, 6, '2022-08-23'),
(75, 0, '林雅玲', '菠菜', 200, 57, '2021-05-07'),
(76, 0, '李小明', '牛肉', 25, 80, '2021-07-27'),
(77, 0, '林小華', '菠菜', 500, 68, '2022-08-17'),
(78, 0, '王大頭', '菠菜', 200, 48, '2021-05-12'),
(79, 0, '王雅玲', '菠菜', 200, 54, '2022-06-09'),
(80, 0, '王小華', '蘋果', 500, 14, '2021-10-01'),
(81, 0, '陳大頭', '番茄', 300, 57, '2022-01-28'),
(82, 0, '李怡君', '蘋果', 200, 10, '2022-06-14'),
(83, 0, '吳大頭', '蘋果', 100, 92, '2021-11-23'),
(84, 0, '李大頭', '番茄', 25, 61, '2022-07-29'),
(85, 0, '林小明', '菠菜', 500, 70, '2022-03-20'),
(86, 0, '陳小華', '菠菜', 25, 40, '2021-03-06'),
(87, 0, '李大頭', '蘋果', 100, 64, '2022-08-29'),
(88, 0, '吳大頭', '菠菜', 500, 28, '2021-12-03'),
(89, 0, '林怡君', '牛肉', 100, 98, '2022-08-06'),
(90, 0, '吳小明', '番茄', 100, 26, '2022-01-22'),
(91, 0, '李小華', '牛肉', 50, 28, '2022-06-27'),
(92, 0, '陳小明', '牛肉', 50, 20, '2021-12-16'),
(93, 0, '陳小華', '香蕉', 25, 38, '2022-07-31'),
(94, 0, '吳雅玲', '牛肉', 50, 18, '2022-09-13'),
(95, 0, '王小明', '番茄', 25, 87, '2021-03-04'),
(96, 0, '李怡君', '蘋果', 300, 2, '2021-05-10'),
(97, 0, '王小明', '蘋果', 200, 40, '2021-12-22'),
(98, 0, '李小華', '番茄', 200, 22, '2021-04-27'),
(99, 0, '陳大頭', '鮮蝦', 300, 1, '2021-08-25'),
(100, 0, '吳小華', '鮮蝦', 200, 37, '2022-03-03'),
(107, 0, 'dww', '蘋果', 23, 23, '0000-00-00'),
(108, 0, 'aaa', '', 0, 0, '0000-00-00'),
(109, 0, 'ddd', '', 0, 0, '0000-00-00'),
(110, 0, 'aaaa', '', 0, 0, '0000-00-00'),
(111, 0, 'aaaa', '', 0, 0, '0000-00-00'),
(113, 0, 'aa', '蘋果', 0, 0, '0000-00-00'),
(114, 0, 'aaaa', '蘋果', 1374, 1, '0000-00-00'),
(115, 0, 'aaa', '牛肉', 0, 0, '2022-06-02'),
(116, 0, '123', '香蕉', 12, 10, '2022-06-07'),
(117, 0, '111', '4', 111, 11, '2022-06-07'),
(118, 0, '111', '4', 111, 11, '2022-06-07'),
(119, 0, '11', '3', 11, 1, '2022-06-01'),
(121, 0, '213', '2', 50, 1, '2022-05-30'),
(122, 0, 'dww', '1', 50, 5, '2022-05-31'),
(123, 0, '213', '2', 50, 0, '2022-06-10'),
(124, 0, '123', '牛肉', 150, 1, '2022-06-01'),
(125, 0, '11111', '蘋果', 50, 11, '0000-00-00'),
(127, 0, '111', '香蕉', 50, 1, '2022-06-01'),
(128, 0, '1111', '牛肉', 200, 111, '0000-00-00'),
(129, 0, '大同歌', '香蕉', 100, 11, '2022-05-31'),
(130, 0, '王大同', '牛肉', 200, 1, '2022-06-01'),
(131, 0, 'Peter', '鮮蝦', 150, 1, '2022-06-06'),
(132, 0, 'Tom', '鮮蝦', 150, 1, '2022-05-30'),
(133, 0, 'dww', '香蕉', 100, 1, '2022-05-31'),
(134, 0, 'aaaa', '楊桃', 80, 1, '2022-05-30'),
(135, 0, 'dd', '香蕉', 100, 1, '0000-00-00'),
(136, 0, 'dd', '香蕉', 100, 1, '2022-05-30'),
(137, 0, 'aa', '香蕉', 100, 1, '0000-00-00'),
(138, 0, 'eada', '鮭魚', 250, 2, '2022-05-31'),
(139, 0, 'aaa11', '蘋果', 50, 1, '2022-06-01'),
(140, 0, 'aaa', '鮭魚', 250, 1, '0000-00-00'),
(141, 0, 'aaa', '鮭魚', 250, 1, '0000-00-00'),
(142, 0, 'aaaa', '香蕉', 100, 1, '0000-00-00'),
(143, 0, 'aaaa', '香蕉', 100, 2, '0000-00-00'),
(144, 0, 'dww', '鮭魚', 0, 1, '0000-00-00'),
(145, 0, 'dww', '鮭魚', 0, 2, '0000-00-00'),
(146, 0, 'dww', '鮭魚', 0, 3, '0000-00-00'),
(147, 0, 'dfdd', '鮭魚', 0, 2, '2022-06-09'),
(148, 0, 'aaa', '鮭魚', 0, 0, '2022-06-09'),
(149, 0, 'dww', '香蕉', 0, 1, '0000-00-00'),
(150, 0, 'dww', '牛肉', 0, 2, '0000-00-00'),
(151, 0, 'dww', '牛肉', 0, 1, '0000-00-00'),
(152, 0, 'aaaa', '鮭魚', 0, 1, '0000-00-00'),
(153, 0, 'aaaa', '楊桃', 0, 1, '0000-00-00'),
(154, 0, 'aaa', '香蕉', 0, 1, '0000-00-00'),
(155, 0, 'abcd', '香蕉', 0, 2, '0000-00-00'),
(156, 0, 'aaa', '香蕉', 0, 2, '0000-00-00'),
(157, 0, 'aaa', '香蕉', 0, 2, '0000-00-00'),
(158, 0, 'aaa', '香蕉', 0, 2, '0000-00-00'),
(159, 0, 'dww', '香蕉', 0, 1, '2022-06-06'),
(166, 0, 'dww', '香蕉', 100, 11, '0000-00-00'),
(167, 0, 'aaa', '蘋果', 50, 1, '0000-00-00'),
(175, 0, '林小明', '牛肉', 200, 1, '0000-00-00'),
(176, 0, '陳小花', '牛肉', 200, 1, '2022-06-01'),
(177, 0, '王大同', '蘋果', 50, 1, '0000-00-00'),
(179, 1, '王大同', '香蕉', 100, 1, '0000-00-00'),
(181, 504, 'farmer', '香蕉', 100, 2, '2022-06-09'),
(182, 504, 'farmer', '香蕉', 100, 1, '2022-06-09'),
(183, 504, 'farmer', '香蕉', 0, 1, '2022-06-09'),
(184, 504, 'farmer', '牛肉', 200, 1, '2022-06-09'),
(185, 504, 'farmer', '蘋果', 50, 1, '2022-06-09'),
(186, 504, 'farmer', '香蕉', 100, 1, '2022-06-09'),
(187, 504, 'farmer', '香蕉', 100, 1, '2022-06-09'),
(188, 504, 'farmer', '香蕉', 100, 1, '2022-06-09'),
(189, 504, 'farmer', '香蕉', 100, 1, '2022-06-09'),
(190, 504, 'farmer', '香蕉', 100, 1, '2022-06-09'),
(191, 504, 'farmer', '蘋果', 50, 20, '2022-06-09'),
(192, 504, 'farmer', '蘋果', 50, 50, '2022-06-09'),
(201, 8, '陳小花', '香蕉', 100, 1, '2022-06-02'),
(202, 0, '', '鮭魚', 250, 1, '0000-00-00'),
(203, 0, 'farmer', '蘋果', 50, 1, '2022-06-10'),
(204, 504, 'farmer', '鮭魚', 250, 1, '2022-06-10'),
(205, 1, '王大同', '牛肉', 200, 1, '2022-06-10'),
(206, 1, '王大同', '鮮蝦', 150, 1, '2022-06-10'),
(207, 504, 'farmer', '牛肉', 200, 2, '2022-06-10'),
(208, 504, 'farmer', '鮮蝦', 150, 50, '2022-06-10'),
(209, 504, 'farmer', '牛肉', 200, 400, '2022-06-10'),
(210, 505, 'farmer', '香蕉', 100, 50, '2022-06-10'),
(211, 505, 'farmer', '牛肉', 200, 1, '2022-06-13');

-- --------------------------------------------------------

--
-- Table structure for table `change_product`
--

CREATE TABLE `change_product` (
  `change_sid` int(11) NOT NULL,
  `login_id` varchar(255) NOT NULL,
  `change_point` int(11) NOT NULL,
  `change_supplier` varchar(255) NOT NULL,
  `change_name` varchar(255) NOT NULL,
  `change_detail` varchar(255) NOT NULL,
  `change_type` varchar(255) NOT NULL,
  `change_img` varchar(255) NOT NULL,
  `exp_expire` datetime NOT NULL,
  `change_stock` int(255) NOT NULL
) ENGINE=InnoDB DEFAULT CHARSET=utf8mb4;

--
-- Dumping data for table `change_product`
--

INSERT INTO `change_product` (`change_sid`, `login_id`, `change_point`, `change_supplier`, `change_name`, `change_detail`, `change_type`, `change_img`, `exp_expire`, `change_stock`) VALUES
(11523, '', 20, '好好吃有限公司', '蘋果', '超級甜', '水果', 'friut15146.jpg', '2022-05-30 08:56:20', 13),
(11525, '', 35, '香香有限公司', '高麗菜', '超級脆', '蔬菜', 'vegtable1313.jpg', '2022-05-30 09:31:34', 15),
(11526, '', 35, '好好吃有限公司', '香蕉', '超級甜', '水果', 'friut.jpg', '2022-05-30 08:56:20', 13),
(11527, '', 280, '肥汁汁有限公司', '牛肉', '超好吃', '肉類', '\r\nmeat146513.jpg', '2022-05-30 09:25:31', 10),
(11528, '', 250, '肥汁汁有限公司', '羊肉', '超好吃', '肉類', '\r\nmeat146513.jpg', '2022-05-30 09:25:31', 10),
(11529, '', 85, '生猛海鮮有限公司', '鮮蝦', '超鮮甜', '海鮮', 'seafood54613.jpg', '2022-05-30 09:43:22', 35),
(11530, '', 50, '生猛海鮮有限公司\r\n', '章魚', '超鮮甜', '海鮮', 'seafood13.jpg', '2022-05-30 10:07:39', 5),
(11531, '', 50, '肥汁汁有限公司', '雞肉', '超好吃', '肉類', 'meat.jpg', '2022-05-30 10:11:21', 5);

-- --------------------------------------------------------

--
-- Table structure for table `contact_us`
--

CREATE TABLE `contact_us` (
  `sid` int(11) NOT NULL,
  `member_name` varchar(255) NOT NULL,
  `member_id` varchar(255) NOT NULL,
  `nickname` varchar(255) NOT NULL,
  `picture` varchar(255) NOT NULL,
  `comment` varchar(255) NOT NULL,
  `created_at` datetime NOT NULL
) ENGINE=InnoDB DEFAULT CHARSET=utf8mb4;

--
-- Dumping data for table `contact_us`
--

INSERT INTO `contact_us` (`sid`, `member_name`, `member_id`, `nickname`, `picture`, `comment`, `created_at`) VALUES
(1, '李小綠', '242', '來亂的', 'avatar07.jpg', '鮭魚太讚了啦吃了一定是大拇指的啦', '2022-06-10 15:13:19'),
(2, '朱小華', '364', '心已怠', 'avatar00.jpg', '伊比利豬太讚了啦一定會再來買～', '2022-06-10 15:13:19'),
(3, '朱小黃', '374', '火爆小農', 'avatar04.jpg', '鮭魚很新鮮吃了一定是大拇指的啦', '2022-06-10 15:13:19'),
(4, '吳小明', '380', '榴槤愛好者', 'avatar01.jpg', '伊比利豬好吃！吃了都要升天ㄌ', '2022-06-10 15:13:19'),
(5, '高小藍', '316', '田中基八郎', 'avatar02.jpg', '榴槤很新鮮一定會再來買～', '2022-06-10 15:13:19'),
(6, '陳小華', '461', '火爆小農', 'avatar03.jpg', '這家的西瓜品質很棒！吃了一定是大拇指的啦', '2022-06-10 15:13:19'),
(7, '王小明', '472', '盧小小', 'avatar04.jpg', '草莓很新鮮吃了都要升天ㄌ', '2022-06-10 15:13:19'),
(8, '王小白', '597', '友善烏骨雞', 'avatar07.jpg', '伊比利豬好吃！推薦大家來這邊挑選。', '2022-06-10 15:13:19'),
(9, '王小藍', '393', '瓊稻穗宮源', 'avatar09.jpg', '生蠔好吃！吃了一定是大拇指的啦', '2022-06-10 15:13:19'),
(10, '陳小黃', '495', '三重劉德華', 'avatar01.jpg', '鮭魚太讚了啦推薦大家來這邊挑選。', '2022-06-10 15:13:19'),
(11, '陳小華', '123', '肥汁汁', 'avatar08.jpg', '這個網站賣的商品都很新鮮吃了都要升天ㄌ', '2022-06-10 15:13:19'),
(12, '何小白', '552', '榴槤800也太貴', 'avatar08.jpg', '高麗菜很新鮮吃了都要升天ㄌ', '2022-06-10 15:13:19'),
(13, '朱小白', '216', '榴槤愛好者', 'avatar03.jpg', '榴槤很甜很好吃！一定會再來買～', '2022-06-10 15:13:19'),
(14, '謝小白', '109', '火爆小農', 'avatar03.jpg', '這個網站賣的商品都太讚了啦吃了都要升天ㄌ', '2022-06-10 15:13:19'),
(15, '王小藍', '483', '榴槤800也太貴', 'avatar06.jpg', '生蠔太讚了啦一定會再來買～', '2022-06-10 15:13:19'),
(16, '吳小明', '436', '瓊稻穗宮源', 'avatar05.jpg', '鮭魚很甜很好吃！吃了都要升天ㄌ', '2022-06-10 15:13:19'),
(17, '王小黃', '364', '三重劉德華', 'avatar07.jpg', '伊比利豬很新鮮推薦大家來這邊挑選。', '2022-06-10 15:13:19'),
(18, '謝小白', '494', '田中基八郎', 'avatar00.jpg', '榴槤好吃！吃了一定是大拇指的啦', '2022-06-10 15:13:19'),
(19, '朱小黃', '330', '西瓜榴槤雞', 'avatar04.jpg', '生蠔好吃！推薦大家來這邊挑選。', '2022-06-10 15:13:19'),
(20, '王小綠', '372', '來亂的', 'avatar07.jpg', '生蠔很新鮮一定會再來買～', '2022-06-10 15:13:19'),
(21, '李小明', '130', '榴槤800也太貴', 'avatar05.jpg', '鮭魚很新鮮一定會再來買～', '2022-06-10 15:13:19'),
(22, '高小華', '162', '五十嵐 真貴', 'avatar02.jpg', '和牛太讚了啦推薦大家來這邊挑選。', '2022-06-10 15:13:19'),
(23, '陳小華', '208', '心已怠', 'avatar05.jpg', '和牛很新鮮一定會再來買～', '2022-06-10 15:13:19'),
(24, '高小明', '249', '西瓜榴槤雞', 'avatar06.jpg', '這家的西瓜品質很棒！推薦大家來這邊挑選。', '2022-06-10 15:13:19'),
(25, '吳小藍', '529', '盧小小', 'avatar00.jpg', '這家的西瓜太讚了啦吃了都要升天ㄌ', '2022-06-10 15:13:19'),
(26, '吳小華', '536', '心已怠', 'avatar06.jpg', '這個網站賣的商品都很甜很好吃！一定會再來買～', '2022-06-10 15:13:19'),
(27, '謝小華', '151', '榴槤800也太貴', 'avatar00.jpg', '這個網站賣的商品都品質很棒！吃了一定是大拇指的啦', '2022-06-10 15:13:19'),
(28, '李小黃', '360', '榴槤800也太貴', 'avatar05.jpg', '鮭魚太讚了啦推薦大家來這邊挑選。', '2022-06-10 15:13:19'),
(29, '朱小藍', '544', '瓊稻穗宮源', 'avatar00.jpg', '和牛很甜很好吃！吃了一定是大拇指的啦', '2022-06-10 15:13:19'),
(30, '朱小紅', '248', '五十嵐 真貴', 'avatar06.jpg', '鮭魚很甜很好吃！吃了都要升天ㄌ', '2022-06-10 15:13:19'),
(31, '吳小明', '107', '肥汁汁', 'avatar05.jpg', '這家的西瓜好吃！推薦大家來這邊挑選。', '2022-06-10 15:13:19'),
(32, '何小白', '495', '榴槤愛好者', 'avatar07.jpg', '這個網站賣的商品都好吃！吃了都要升天ㄌ', '2022-06-10 15:13:19'),
(33, '何小藍', '238', '田中基八郎', 'avatar00.jpg', '和牛很新鮮一定會再來買～', '2022-06-10 15:13:19'),
(34, '吳小華', '520', '心已怠', 'avatar06.jpg', '高麗菜很新鮮吃了都要升天ㄌ', '2022-06-10 15:13:19'),
(35, '王小紅', '495', '肥汁汁', 'avatar01.jpg', '伊比利豬好吃！吃了一定是大拇指的啦', '2022-06-10 15:13:19'),
(36, '陳小明', '232', '榴槤800也太貴', 'avatar01.jpg', '伊比利豬好吃！一定會再來買～', '2022-06-10 15:13:19'),
(37, '謝小明', '501', '心已怠', 'avatar03.jpg', '這家的西瓜好吃！推薦大家來這邊挑選。', '2022-06-10 15:13:20'),
(38, '謝小華', '513', '五十嵐 真貴', 'avatar05.jpg', '這家的西瓜很甜很好吃！吃了都要升天ㄌ', '2022-06-10 15:13:20'),
(39, '王小黃', '175', '火爆小農', 'avatar06.jpg', '鮭魚很新鮮推薦大家來這邊挑選。', '2022-06-10 15:13:20'),
(40, '何小明', '159', '三重劉德華', 'avatar00.jpg', '生蠔很新鮮吃了都要升天ㄌ', '2022-06-10 15:13:20'),
(41, '林小綠', '137', '火爆小農', 'avatar07.jpg', '草莓很新鮮吃了都要升天ㄌ', '2022-06-10 15:13:20'),
(42, '陳小紅', '243', '瓊稻穗宮源', 'avatar08.jpg', '這家的西瓜好吃！吃了一定是大拇指的啦', '2022-06-10 15:13:20'),
(43, '朱小黃', '585', '盧小小', 'avatar02.jpg', '這家的西瓜品質很棒！吃了一定是大拇指的啦', '2022-06-10 15:13:20'),
(44, '高小紅', '555', '西瓜榴槤雞', 'avatar06.jpg', '榴槤太讚了啦推薦大家來這邊挑選。', '2022-06-10 15:13:20'),
(45, '高小明', '584', '五十嵐 真貴', 'avatar02.jpg', '這個網站賣的商品都好吃！吃了一定是大拇指的啦', '2022-06-10 15:13:20'),
(46, '高小白', '310', '西瓜榴槤雞', 'avatar09.jpg', '鮭魚好吃！推薦大家來這邊挑選。', '2022-06-10 15:13:20'),
(47, '謝小藍', '555', '火爆小農', 'avatar04.jpg', '草莓很甜很好吃！一定會再來買～', '2022-06-10 15:13:20'),
(48, '王小綠', '354', '甲味鮮', 'avatar05.jpg', '榴槤很新鮮推薦大家來這邊挑選。', '2022-06-10 15:13:20'),
(49, '高小華', '228', '田中基八郎', 'avatar08.jpg', '榴槤品質很棒！吃了一定是大拇指的啦', '2022-06-10 15:13:20'),
(50, '王小明', '542', '三重劉德華', 'avatar01.jpg', '榴槤品質很棒！一定會再來買～', '2022-06-10 15:13:20'),
(51, '王小藍', '289', '田中基八郎', 'avatar02.jpg', '伊比利豬品質很棒！推薦大家來這邊挑選。', '2022-06-10 15:13:20'),
(52, '王小華', '149', '西瓜榴槤雞', 'avatar00.jpg', '草莓太讚了啦推薦大家來這邊挑選。', '2022-06-10 15:13:20'),
(53, '何小藍', '419', '榴槤800也太貴', 'avatar07.jpg', '草莓很甜很好吃！吃了都要升天ㄌ', '2022-06-10 15:13:20'),
(54, '王小白', '334', '榴槤800也太貴', 'avatar06.jpg', '伊比利豬品質很棒！吃了一定是大拇指的啦', '2022-06-10 15:13:20'),
(55, '高小藍', '365', '來亂的', 'avatar07.jpg', '伊比利豬很甜很好吃！推薦大家來這邊挑選。', '2022-06-10 15:13:20'),
(56, '林小藍', '272', '心已怠', 'avatar03.jpg', '生蠔很新鮮推薦大家來這邊挑選。', '2022-06-10 15:13:20'),
(57, '李小華', '471', '來亂的', 'avatar03.jpg', '高麗菜品質很棒！一定會再來買～', '2022-06-10 15:13:20'),
(58, '朱小黃', '117', '卍厭世a人類卍', 'avatar08.jpg', '高麗菜好吃！吃了都要升天ㄌ', '2022-06-10 15:13:20'),
(59, '陳小明', '306', '三重劉德華', 'avatar05.jpg', '伊比利豬品質很棒！吃了都要升天ㄌ', '2022-06-10 15:13:20'),
(60, '李小華', '181', '心已怠', 'avatar02.jpg', '生蠔品質很棒！吃了都要升天ㄌ', '2022-06-10 15:13:20'),
(61, '高小紅', '514', '甲味鮮', 'avatar08.jpg', '和牛品質很棒！一定會再來買～', '2022-06-10 15:13:20'),
(62, '林小黃', '224', '來亂的', 'avatar04.jpg', '高麗菜很甜很好吃！推薦大家來這邊挑選。', '2022-06-10 15:13:20'),
(63, '何小明', '152', '榴槤800也太貴', 'avatar03.jpg', '這個網站賣的商品都很甜很好吃！推薦大家來這邊挑選。', '2022-06-10 15:13:20'),
(64, '謝小白', '248', '三重劉德華', 'avatar02.jpg', '榴槤好吃！一定會再來買～', '2022-06-10 15:13:20'),
(65, '林小藍', '364', '榴槤800也太貴', 'avatar07.jpg', '這個網站賣的商品都很新鮮吃了都要升天ㄌ', '2022-06-10 15:13:20'),
(66, '李小綠', '454', '榴槤800也太貴', 'avatar02.jpg', '草莓很甜很好吃！一定會再來買～', '2022-06-10 15:13:20'),
(67, '吳小白', '473', '三重劉德華', 'avatar07.jpg', '鮭魚很新鮮推薦大家來這邊挑選。', '2022-06-10 15:13:20'),
(68, '高小華', '371', '榴槤愛好者', 'avatar02.jpg', '這家的西瓜很甜很好吃！一定會再來買～', '2022-06-10 15:13:20'),
(69, '陳小白', '390', '瓊稻穗宮源', 'avatar06.jpg', '生蠔品質很棒！一定會再來買～', '2022-06-10 15:13:20'),
(70, '高小黃', '542', '肥汁汁', 'avatar01.jpg', '伊比利豬很甜很好吃！一定會再來買～', '2022-06-10 15:13:20'),
(71, '吳小綠', '205', '心已怠', 'avatar08.jpg', '和牛太讚了啦推薦大家來這邊挑選。', '2022-06-10 15:13:20'),
(72, '李小綠', '408', '榴槤愛好者', 'avatar06.jpg', '榴槤好吃！吃了都要升天ㄌ', '2022-06-10 15:13:20'),
(73, '何小藍', '404', '五十嵐 真貴', 'avatar08.jpg', '草莓太讚了啦吃了一定是大拇指的啦', '2022-06-10 15:13:20'),
(74, '高小黃', '269', '火爆小農', 'avatar01.jpg', '伊比利豬很甜很好吃！吃了一定是大拇指的啦', '2022-06-10 15:13:20'),
(75, '王小黃', '563', '榴槤愛好者', 'avatar07.jpg', '伊比利豬品質很棒！推薦大家來這邊挑選。', '2022-06-10 15:13:20'),
(76, '李小綠', '292', '西瓜榴槤雞', 'avatar04.jpg', '鮭魚很新鮮吃了一定是大拇指的啦', '2022-06-10 15:13:20'),
(77, '王小明', '246', '友善烏骨雞', 'avatar00.jpg', '伊比利豬很甜很好吃！吃了都要升天ㄌ', '2022-06-10 15:13:20'),
(78, '王小白', '102', '來亂的', 'avatar06.jpg', '和牛太讚了啦吃了一定是大拇指的啦', '2022-06-10 15:13:20'),
(79, '陳小白', '378', '心已怠', 'avatar08.jpg', '這個網站賣的商品都好吃！吃了都要升天ㄌ', '2022-06-10 15:13:20'),
(80, '王小華', '240', '榴槤800也太貴', 'avatar09.jpg', '伊比利豬很新鮮一定會再來買～', '2022-06-10 15:13:20'),
(81, '林小華', '568', '盧小小', 'avatar07.jpg', '生蠔好吃！一定會再來買～', '2022-06-10 15:13:20'),
(82, '王小綠', '144', '瓊稻穗宮源', 'avatar03.jpg', '生蠔很甜很好吃！一定會再來買～', '2022-06-10 15:13:20'),
(83, '吳小華', '106', '肥汁汁', 'avatar02.jpg', '高麗菜很甜很好吃！一定會再來買～', '2022-06-10 15:13:20'),
(84, '何小白', '288', '火爆小農', 'avatar03.jpg', '伊比利豬很甜很好吃！吃了都要升天ㄌ', '2022-06-10 15:13:20'),
(85, '李小藍', '313', '火爆小農', 'avatar02.jpg', '鮭魚很甜很好吃！吃了都要升天ㄌ', '2022-06-10 15:13:20'),
(86, '何小藍', '101', '榴槤800也太貴', 'avatar09.jpg', '這家的西瓜好吃！推薦大家來這邊挑選。', '2022-06-10 15:13:20'),
(87, '何小藍', '530', '肥汁汁', 'avatar08.jpg', '伊比利豬很新鮮吃了都要升天ㄌ', '2022-06-10 15:13:20'),
(88, '何小明', '560', '友善烏骨雞', 'avatar04.jpg', '生蠔品質很棒！吃了一定是大拇指的啦', '2022-06-10 15:13:20'),
(89, '陳小綠', '278', '五十嵐 真貴', 'avatar07.jpg', '這家的西瓜好吃！吃了一定是大拇指的啦', '2022-06-10 15:13:20'),
(90, '王小紅', '520', '西瓜榴槤雞', 'avatar08.jpg', '伊比利豬好吃！一定會再來買～', '2022-06-10 15:13:20'),
(91, '王小紅', '600', '卍厭世a人類卍', 'avatar05.jpg', '鮭魚好吃！一定會再來買～', '2022-06-10 15:13:20'),
(92, '陳小白', '508', '五十嵐 真貴', 'avatar03.jpg', '生蠔品質很棒！吃了都要升天ㄌ', '2022-06-10 15:13:20'),
(93, '何小華', '355', '盧小小', 'avatar04.jpg', '鮭魚很新鮮吃了都要升天ㄌ', '2022-06-10 15:13:20'),
(94, '李小華', '107', '盧小小', 'avatar02.jpg', '這個網站賣的商品都太讚了啦吃了都要升天ㄌ', '2022-06-10 15:13:20'),
(95, '高小華', '124', '榴槤愛好者', 'avatar04.jpg', '榴槤品質很棒！吃了都要升天ㄌ', '2022-06-10 15:13:20'),
(96, '李小綠', '488', '來亂的', 'avatar02.jpg', '草莓太讚了啦推薦大家來這邊挑選。', '2022-06-10 15:13:20'),
(97, '王小綠', '142', '火爆小農', 'avatar04.jpg', '和牛品質很棒！吃了一定是大拇指的啦', '2022-06-10 15:13:20'),
(98, '謝小黃', '441', '肥汁汁', 'avatar03.jpg', '鮭魚品質很棒！推薦大家來這邊挑選。', '2022-06-10 15:13:20'),
(99, '王小綠', '515', '肥汁汁', 'avatar02.jpg', '生蠔好吃！吃了都要升天ㄌ', '2022-06-10 15:13:20'),
(100, '朱小綠', '457', '五十嵐 真貴', 'avatar09.jpg', '草莓很新鮮一定會再來買～', '2022-06-10 15:13:20'),
(101, '高小藍', '290', '來亂的', 'avatar01.jpg', '榴槤品質很棒！推薦大家來這邊挑選。', '2022-06-10 15:13:55'),
(102, '何小明', '113', '五十嵐 真貴', 'avatar07.jpg', '草莓太讚了啦推薦大家來這邊挑選。', '2022-06-10 15:13:55'),
(103, '高小明', '265', '西瓜榴槤雞', 'avatar03.jpg', '生蠔太讚了啦推薦大家來這邊挑選。', '2022-06-10 15:13:55'),
(104, '謝小綠', '200', '甲味鮮', 'avatar09.jpg', '和牛很新鮮一定會再來買～', '2022-06-10 15:13:55'),
(105, '陳小紅', '566', '肥汁汁', 'avatar03.jpg', '和牛很新鮮一定會再來買～', '2022-06-10 15:13:55'),
(106, '謝小明', '213', '肥汁汁', 'avatar02.jpg', '草莓很甜很好吃！一定會再來買～', '2022-06-10 15:13:55'),
(107, '王小明', '237', '卍厭世a人類卍', 'avatar04.jpg', '和牛很甜很好吃！吃了都要升天ㄌ', '2022-06-10 15:13:55'),
(108, '何小紅', '451', '友善烏骨雞', 'avatar01.jpg', '榴槤很甜很好吃！推薦大家來這邊挑選。', '2022-06-10 15:13:55'),
(109, '陳小白', '351', '火爆小農', 'avatar00.jpg', '伊比利豬太讚了啦推薦大家來這邊挑選。', '2022-06-10 15:13:55'),
(110, '謝小紅', '178', '卍厭世a人類卍', 'avatar09.jpg', '生蠔很新鮮吃了一定是大拇指的啦', '2022-06-10 15:13:55'),
(111, '謝小綠', '426', '田中基八郎', 'avatar01.jpg', '和牛太讚了啦吃了都要升天ㄌ', '2022-06-10 15:13:55'),
(112, '陳小白', '315', '盧小小', 'avatar06.jpg', '伊比利豬很甜很好吃！推薦大家來這邊挑選。', '2022-06-10 15:13:55'),
(113, '王小明', '282', '火爆小農', 'avatar08.jpg', '鮭魚好吃！一定會再來買～', '2022-06-10 15:13:55'),
(114, '林小紅', '207', '田中基八郎', 'avatar01.jpg', '生蠔很新鮮推薦大家來這邊挑選。', '2022-06-10 15:13:55'),
(115, '謝小紅', '210', '來亂的', 'avatar08.jpg', '鮭魚品質很棒！吃了都要升天ㄌ', '2022-06-10 15:13:55'),
(116, '朱小紅', '526', '三重劉德華', 'avatar06.jpg', '榴槤品質很棒！推薦大家來這邊挑選。', '2022-06-10 15:13:55'),
(117, '吳小紅', '571', '三重劉德華', 'avatar06.jpg', '榴槤品質很棒！吃了都要升天ㄌ', '2022-06-10 15:13:55'),
(118, '王小華', '361', '卍厭世a人類卍', 'avatar00.jpg', '榴槤太讚了啦吃了都要升天ㄌ', '2022-06-10 15:13:55'),
(119, '朱小白', '227', '甲味鮮', 'avatar04.jpg', '這家的西瓜好吃！吃了一定是大拇指的啦', '2022-06-10 15:13:55'),
(120, '林小黃', '381', '來亂的', 'avatar09.jpg', '和牛很新鮮推薦大家來這邊挑選。', '2022-06-10 15:13:55'),
(121, '何小明', '344', '友善烏骨雞', 'avatar08.jpg', '和牛太讚了啦推薦大家來這邊挑選。', '2022-06-10 15:13:55'),
(122, '陳小華', '333', '友善烏骨雞', 'avatar08.jpg', '生蠔品質很棒！一定會再來買～', '2022-06-10 15:13:55'),
(123, '陳小藍', '415', '甲味鮮', 'avatar03.jpg', '榴槤很甜很好吃！吃了一定是大拇指的啦', '2022-06-10 15:13:55'),
(124, '王小白', '530', '榴槤800也太貴', 'avatar03.jpg', '鮭魚品質很棒！推薦大家來這邊挑選。', '2022-06-10 15:13:55'),
(125, '王小藍', '285', '瓊稻穗宮源', 'avatar09.jpg', '榴槤太讚了啦推薦大家來這邊挑選。', '2022-06-10 15:13:55'),
(126, '吳小綠', '520', '甲味鮮', 'avatar09.jpg', '鮭魚太讚了啦一定會再來買～', '2022-06-10 15:13:55'),
(127, '王小明', '211', '西瓜榴槤雞', 'avatar04.jpg', '草莓很新鮮推薦大家來這邊挑選。', '2022-06-10 15:13:55'),
(128, '陳小黃', '446', '三重劉德華', 'avatar05.jpg', '這個網站賣的商品都很甜很好吃！推薦大家來這邊挑選。', '2022-06-10 15:13:55'),
(129, '林小綠', '144', '來亂的', 'avatar08.jpg', '榴槤很甜很好吃！推薦大家來這邊挑選。', '2022-06-10 15:13:55'),
(130, '王小綠', '586', '三重劉德華', 'avatar05.jpg', '榴槤很新鮮推薦大家來這邊挑選。', '2022-06-10 15:13:55'),
(131, '吳小紅', '251', '盧小小', 'avatar09.jpg', '鮭魚很甜很好吃！推薦大家來這邊挑選。', '2022-06-10 15:13:55'),
(132, '林小紅', '476', '盧小小', 'avatar02.jpg', '伊比利豬好吃！吃了一定是大拇指的啦', '2022-06-10 15:13:55'),
(133, '王小藍', '549', '火爆小農', 'avatar02.jpg', '和牛很甜很好吃！吃了都要升天ㄌ', '2022-06-10 15:13:55'),
(134, '李小藍', '162', '甲味鮮', 'avatar02.jpg', '和牛很甜很好吃！推薦大家來這邊挑選。', '2022-06-10 15:13:55'),
(135, '林小黃', '565', '五十嵐 真貴', 'avatar05.jpg', '榴槤品質很棒！推薦大家來這邊挑選。', '2022-06-10 15:13:55'),
(136, '謝小紅', '182', '甲味鮮', 'avatar09.jpg', '榴槤很新鮮吃了都要升天ㄌ', '2022-06-10 15:13:55'),
(137, '王小藍', '171', '榴槤愛好者', 'avatar09.jpg', '伊比利豬很新鮮一定會再來買～', '2022-06-10 15:13:55'),
(138, '何小紅', '462', '三重劉德華', 'avatar04.jpg', '草莓很新鮮一定會再來買～', '2022-06-10 15:13:55'),
(139, '王小綠', '130', '榴槤800也太貴', 'avatar01.jpg', '和牛很甜很好吃！一定會再來買～', '2022-06-10 15:13:55'),
(140, '朱小白', '478', '甲味鮮', 'avatar02.jpg', '草莓好吃！吃了一定是大拇指的啦', '2022-06-10 15:13:55'),
(141, '朱小華', '453', '肥汁汁', 'avatar05.jpg', '伊比利豬品質很棒！推薦大家來這邊挑選。', '2022-06-10 15:13:55'),
(142, '謝小華', '318', '甲味鮮', 'avatar00.jpg', '榴槤好吃！推薦大家來這邊挑選。', '2022-06-10 15:13:55'),
(143, '陳小明', '531', '甲味鮮', 'avatar02.jpg', '伊比利豬品質很棒！一定會再來買～', '2022-06-10 15:13:55'),
(144, '謝小紅', '385', '五十嵐 真貴', 'avatar09.jpg', '這個網站賣的商品都很新鮮推薦大家來這邊挑選。', '2022-06-10 15:13:55'),
(145, '吳小白', '378', '友善烏骨雞', 'avatar01.jpg', '和牛太讚了啦一定會再來買～', '2022-06-10 15:13:55'),
(146, '何小華', '315', '田中基八郎', 'avatar02.jpg', '鮭魚豪ㄘ', '2022-06-10 15:13:55'),
(148, '陳小紅', '282', '卍厭世a人類卍', 'avatar05.jpg', '生蠔很新鮮吃了一定是大拇指的啦', '2022-06-10 15:13:55'),
(149, '朱小紅', '522', '火爆小農', '97369304003c0284f74841bc9fd56a48.jpg', '伊比利豬很甜很好吃！吃了都要升天ㄌ！！！！！', '2022-06-10 15:13:55'),
(150, '謝小白', '386', '友善烏骨雞', 'avatar04.jpg', '和牛很新鮮吃了一定是大拇指的啦', '2022-06-10 15:13:55'),
(151, 'farmer', '504', '哈哈哈', '65df5a4ee6cf89596d6f9c505f2d586c.jpg', '好想吃罐罐', '2022-06-10 15:26:05'),
(152, 'farmer', '504', '哈哈', '93e5dab1c9db345a56210df667c502a1.jpg', '好想吃魚', '2022-06-10 15:32:07'),
(154, 'farmer', '505', '鮭魚愛好者', '71f2b378bfb3ed43cb300292ecee7bcb.jpg', '好想吃鮭魚', '2022-06-13 10:36:20');

-- --------------------------------------------------------

--
-- Table structure for table `customer_data`
--

CREATE TABLE `customer_data` (
  `customer_id` int(11) NOT NULL,
  `name` varchar(255) NOT NULL,
  `mobile` varchar(255) NOT NULL,
  `email` varchar(255) NOT NULL,
  `birthday` date NOT NULL,
  `account` varchar(255) NOT NULL,
  `password` varchar(255) NOT NULL,
  `creat_at` datetime NOT NULL,
  `address` varchar(255) DEFAULT NULL,
  `point` int(50) DEFAULT NULL
) ENGINE=InnoDB DEFAULT CHARSET=utf8mb4;

--
-- Dumping data for table `customer_data`
--

INSERT INTO `customer_data` (`customer_id`, `name`, `mobile`, `email`, `birthday`, `account`, `password`, `creat_at`, `address`, `point`) VALUES
(1, '朱小紅', '0936731701', 'rogers19990729@yahoo.com', '1999-07-29', 'rogers80363', '$2y$10$HVF/UPJ9xCSWRVbffUA3E.920OmwAkTq7FUIEtCFeIaH1r0Sx2dZm', '2019-03-24 00:00:00', NULL, NULL),
(2, '謝小綠', '0936762837', 'stark19970903@hotmail.com', '1997-09-03', 'stark29054', '$2y$10$nkSBLLn/UUgfTkuT.411GO6J4ECikBvKzrJASK6vDSykddlitUBBO', '2019-03-08 00:00:00', NULL, NULL),
(3, '陳小藍', '0936199223', 'wonda19950512@yahoo.com', '1995-05-12', 'wonda28264', '$2y$10$DwkuWkmKRFOlJIY.P2ZE8ufFd7vKJZdEWSfjuHH4JpHMjlixCunzy', '2019-07-10 00:00:00', NULL, NULL),
(4, '林小綠', '0936241737', 'stark19921019@yahoo.com', '1992-10-19', 'stark43472', '$2y$10$mNm.NsY2CwXvHbwmsAEqZOUJf6xf0kgIXltXagp43UcQvRYgUFv7i', '2020-11-05 00:00:00', NULL, NULL),
(5, '李小白', '0936749650', 'wonda19830414@gmail.com', '1983-04-14', 'wonda58112', '$2y$10$jk5VzxpvLCV2JveE9kAuf.nuJeQYHXIaDSBUuNX4zA1b/DtHQDHU6', '2022-05-26 00:00:00', NULL, NULL),
(6, '邱小白', '0936965405', 'wonda19860820@gmail.com', '1986-08-20', 'wonda58408', '$2y$10$WOb7/9JTlWGYt.V/3v9ce.OF/zJY2p58SOr1iYd9ohGke.F06D1va', '2015-08-07 00:00:00', NULL, NULL),
(7, '高小白', '0936956774', 'strange20001024@yahoo.com', '2000-10-24', 'strange82269', '$2y$10$XwPbg5X4XMTIOvE6C9HRx./i4tgEFiNKXDPeUQWmmwCpCqShet8Gy', '2019-03-22 00:00:00', NULL, NULL),
(8, '李小藍', '0936433197', 'jane19970108@gmail.com', '1997-01-08', 'jane75656', '$2y$10$Vi8CmloyIthT/YrNRjtYgOb/LDqC98Rn6biyulYfWgGGymh8cu/0a', '2016-07-07 00:00:00', NULL, NULL),
(9, '陳小白', '0936779309', 'thor19951228@hinet.com', '1995-12-28', 'thor69758', '$2y$10$NQbgDOyCfbWWaRJOL60QgO5b.qi.uUN.baR1HFmDdr2SM/4sc5QEa', '2022-05-13 00:00:00', NULL, NULL),
(10, '朱小綠', '0936493104', 'rogers19820509@gmail.com', '1982-05-09', 'rogers41206', '$2y$10$QvNjrD1QPq95/F6grw8tzOv3U76AR1p23iYplqrwYp1gwGhlEMzTa', '2015-04-08 00:00:00', NULL, NULL),
(11, '王小綠', '0936999184', 'rogers19821022@yahoo.com', '1982-10-22', 'rogers65174', '$2y$10$fM2WhvL/cY6Xw31ETHEz4.K73C9/iWRlCXJJm3sjot2R5K8U7U.wG', '2016-09-05 00:00:00', NULL, NULL),
(12, '高小紅', '0936305031', 'thor19961208@yahoo.com', '1996-12-08', 'thor53988', '$2y$10$IckvVdz9/aiTH7KI2JC8keDVLP8mbvwPxIGJTMP4u3QCKV1eh7RUe', '2016-03-05 00:00:00', NULL, NULL),
(13, '朱小黑', '0936385717', 'thor19930427@gmail.com', '1993-04-27', 'thor32440', '$2y$10$bLSuRNC/VrJ60x4Od/UeSOGxDKeBWFKHbxI2LR8hUkB2hpPQP73.6', '2018-08-11 00:00:00', NULL, NULL),
(14, '李小藍', '0936540059', 'thor19820219@gmail.com', '1982-02-19', 'thor88163', '$2y$10$cyfSj6isup4zPO9RggJC6.gf/GwPuMnuTHR4HWg/4Nzi5GrVC5ece', '2020-07-04 00:00:00', NULL, NULL),
(15, '謝小藍', '0936371241', 'jane19860324@hinet.com', '1986-03-24', 'jane73773', '$2y$10$T2d5pwp.ogRYxZtJGmb4WeVcwHMpqtf8FhzoQH7TllyqNxE/urtye', '2015-06-12 00:00:00', NULL, NULL),
(16, '邱小白', '0936340316', 'strange19941220@hinet.com', '1994-12-20', 'strange28368', '$2y$10$kL8blZxtT7KY3kbxz74Z9eOqQcmgAfKUibH89UsQ7flqf93UGKpIy', '2017-02-19 00:00:00', NULL, NULL),
(17, '王小白', '0936369066', 'loki19820108@hinet.com', '1982-01-08', 'loki92008', '$2y$10$tRXrGRFce.WJuuJeau7SQejn6WE21Jpp1wrY8SjcW0yu.YhpxuaF6', '2019-06-01 00:00:00', NULL, NULL),
(18, '李小藍', '0936264052', 'stark20040129@gmail.com', '2004-01-29', 'stark58076', '$2y$10$o3zgj4BwcdGh1PKLJhaH8O6STLjrVBCnmVxjxG1MbhK7qkwIh4l8u', '2019-07-31 00:00:00', NULL, NULL),
(19, '黃小紅', '0936771092', 'rogers19820316@yahoo.com', '1982-03-16', 'rogers30711', '$2y$10$fmI40K0ROkkvqw5g/0D/WedzE50b0q.sgsvrkxZHpfxmwCtU04CjK', '2017-05-03 00:00:00', NULL, NULL),
(20, '李小紅', '0936328303', 'denvers19920829@hotmail.com', '1992-08-29', 'denvers76282', '$2y$10$pGoXV7mT30QBPifPLVLrmebo/4SILahxNc5PN42ViPEx3PEAUjbKC', '2020-08-28 00:00:00', NULL, NULL),
(21, '黃小紅', '0936192453', 'jane19990410@gmail.com', '1999-04-10', 'jane78267', '$2y$10$IRYf6.wYkJl3OHLRIpRzPuLpssYw8KT72c373gOLcCfVB1IOeCwoC', '2020-08-27 00:00:00', NULL, NULL),
(22, '王小白', '0936395646', 'strange19880226@yahoo.com', '1988-02-26', 'strange57718', '$2y$10$RNHtufD3glGBKvH3NGxAXOiwU6xQa9t5zRImDKc/D85yOjcEE3ahK', '2017-06-15 00:00:00', NULL, NULL),
(23, '邱小藍', '0936906723', 'jane19931022@gmail.com', '1993-10-22', 'jane11580', '$2y$10$f1k4C6uuLL0drt4JMVW7ceWlwYLRbpnoavMG5MH6HHmuFx0yGpvyO', '2019-05-16 00:00:00', NULL, NULL),
(24, '李小黑', '0936432846', 'thor20040403@hinet.com', '2004-04-03', 'thor88054', '$2y$10$emNrYCI62WfWlGB7DTstjOmr84aU3ZzeCNaf/NGqIp3VFm48yg2RO', '2017-08-11 00:00:00', NULL, NULL),
(25, '朱小黑', '0936933228', 'rogers20020405@gmail.com', '2002-04-05', 'rogers14043', '$2y$10$HD9OC6pt4aUt52qNo0LXlOlLnPk20tBXQmBsRuq2Vu0/sQz3OPu.K', '2021-08-28 00:00:00', NULL, NULL),
(26, '黃小黑', '0936208796', 'loki20020903@yahoo.com', '2002-09-03', 'loki69085', '$2y$10$oFPRFQQqUPbQsbNE95pf5eTz1/LfGSoFIGX2VuC2PTOMqegaW7.w.', '2019-07-29 00:00:00', NULL, NULL),
(27, '邱小白', '0936999054', 'jane19890715@hotmail.com', '1989-07-15', 'jane50506', '$2y$10$NwEdR1urmsJWMNtpaooTuu/QOnM2box5M2h6YfJgn2vDzrObmVvaW', '2020-12-05 00:00:00', NULL, NULL),
(28, '邱小藍', '0936368764', 'jane19991028@yahoo.com', '1999-10-28', 'jane74422', '$2y$10$SgytvgtKRCFXYKKjbVMDxuFW2uK3U/zwrD05c.DgR5/AFmRh959oW', '2017-07-25 00:00:00', NULL, NULL),
(29, '朱小黑', '0936528795', 'wonda19941220@gmail.com', '1994-12-20', 'wonda90219', '$2y$10$GOx/lmh3SemcJSMA8d1IPuWsvviaq/EOJ/38.J4gBBjRxtW66W1TK', '2021-11-01 00:00:00', NULL, NULL),
(30, '王小藍', '0936407226', 'strange19950114@hotmail.com', '1995-01-14', 'strange52197', '$2y$10$.6I8eB03T0aLl5444bUcPePnnAs4GNwdUitgcvd2V6Q.N74MMCGqa', '2020-11-19 00:00:00', NULL, NULL),
(31, '高小紅', '0936559985', 'wonda19820805@hotmail.com', '1982-08-05', 'wonda94965', '$2y$10$FCPbyFpo6d7gJljsF01PF.rHy414t6u4ecVrSUiSuHM5uuOTA.2ka', '2019-05-15 00:00:00', NULL, NULL),
(32, '王小紅', '0936288713', 'loki19890522@hinet.com', '1989-05-22', 'loki72500', '$2y$10$2wJTvIghcQhHRl4k7jlk1eSjqXzGLLZf/qGEKkP7QILM6voo8wbbC', '2021-08-23 00:00:00', NULL, NULL),
(33, '王小藍', '0936328427', 'loki19870609@hinet.com', '1987-06-09', 'loki15222', '$2y$10$slt9ynvsHlyCtI0SbJdmTe8GskHpKIZrmqI/0HyoDALCWTIiAwVFW', '2015-06-09 00:00:00', NULL, NULL),
(34, '謝小綠', '0936322945', 'loki19801114@gmail.com', '1980-11-14', 'loki73246', '$2y$10$cUugNq5MumDOP3qCClWO1O/2zQ8GdgFiXnQW7W70T8z1mOnDCcNmG', '2019-06-14 00:00:00', NULL, NULL),
(35, '陳小黑', '0936468402', 'strange19830928@yahoo.com', '1983-09-28', 'strange66564', '$2y$10$M.9m6/J99Gzi/PThYbT/YO.MV1pVJVcrRQpeBYzz3k3e0Ty1Mzaj2', '2016-01-15 00:00:00', NULL, NULL),
(36, '王小黑', '0936729675', 'strange19900721@gmail.com', '1990-07-21', 'strange48691', '$2y$10$zHihq5Uy3CsBBIwy5Z3U7uVHyXZuDFow5Mc660B1DBDKHF6KEyCmO', '2022-04-05 00:00:00', NULL, NULL),
(37, '王小黑', '0936360889', 'stark19910211@gmail.com', '1991-02-11', 'stark32484', '$2y$10$/jiaDzyvtjasoSFJJ1/cxufh0uWStCs5LlJ0SgSboUhoxbrXM00A.', '2019-02-14 00:00:00', NULL, NULL),
(38, '王小黑', '0936611857', 'stark19800525@yahoo.com', '1980-05-25', 'stark77208', '$2y$10$/fQsE7p8XtgL1rTlN7Cst.Nx7WTSw8PBGYKEpKdP8QS.Z89ZUZYD2', '2016-09-04 00:00:00', NULL, NULL),
(39, '高小紅', '0936406877', 'strange19930331@yahoo.com', '1993-03-31', 'strange19657', '$2y$10$5OpP.QQCP4vbzvCi5yL4neRZqbBPIRQh8t1hnB6pJSB1RymbRLs3C', '2017-12-07 00:00:00', NULL, NULL),
(40, '邱小紅', '0936723999', 'rogers20050908@yahoo.com', '2005-09-08', 'rogers39197', '$2y$10$QAF/kokAzjy2/lOzUWMSH.AgjpRjMO9AspqjYD820TukN4zvqSoSC', '2021-11-16 00:00:00', NULL, NULL),
(41, '李小黑', '0936771945', 'jane19920414@yahoo.com', '1992-04-14', 'jane40010', '$2y$10$qo.XyeOjPytxTo7JhB/ULeblG0haBzXnlvcdC/ayDh5ZorBh7TQQi', '2019-12-12 00:00:00', NULL, NULL),
(42, '朱小白', '0936111087', 'thor19890817@gmail.com', '1989-08-17', 'thor28854', '$2y$10$uWRiKqoglyvkiB5Oop6gPO2Q05b0VMahV4xqwquhiJ35kgMk7BDqe', '2017-09-09 00:00:00', NULL, NULL),
(43, '李小藍', '0936719043', 'stark19940406@yahoo.com', '1994-04-06', 'stark75989', '$2y$10$LeEahwN10sFFmpnNBDTYluP4BCPBnZPWRJt8k9TAjPhBtnXq.ckGK', '2021-04-16 00:00:00', NULL, NULL),
(44, '高小綠', '0936825115', 'rogers19881016@hotmail.com', '1988-10-16', 'rogers66451', '$2y$10$dYkWRnxrvuoqUVc06yRS/OYsIsx7pZd2jP5R/RJYRDccFMnqZw35y', '2018-04-01 00:00:00', NULL, NULL),
(45, '林小藍', '0936499340', 'stark19841003@hinet.com', '1984-10-03', 'stark63904', '$2y$10$1UXBuF3uVMLUjd80Ws6AIeEKuhOLbQRQdwviCH0AuTvIgCioDxSWi', '2021-10-12 00:00:00', NULL, NULL),
(46, '高小藍', '0936625966', 'denvers19830205@yahoo.com', '1983-02-05', 'denvers22389', '$2y$10$nQsKHh0zDuMsQ8KTLvEfdO.A40Clz4DbQxiyuTNEre3b.pUSP46PW', '2019-05-31 00:00:00', NULL, NULL),
(47, '高小紅', '0936628801', 'loki19850619@hinet.com', '1985-06-19', 'loki75215', '$2y$10$jZfaQPW4JtNSAO.bG/WSku5d49FMiqUxRGHRw1NLnco8AAKiS7snW', '2021-06-04 00:00:00', NULL, NULL),
(48, '王小綠', '0936692758', 'strange20040820@hinet.com', '2004-08-20', 'strange65718', '$2y$10$U0BHSdkrS.mSbJugn6dCje19yEcjTAG363Eah3PVwRPvzIud/nTke', '2016-02-17 00:00:00', NULL, NULL),
(49, '高小綠', '0936653107', 'rogers19850124@gmail.com', '1985-01-24', 'rogers97790', '$2y$10$XWkW10knIQHyb7zxylvcPu.x5mkOT/jy36fJlfDg9tXzzuRmpWZ72', '2020-12-13 00:00:00', NULL, NULL),
(50, '高小藍', '0936462534', 'denvers19920624@hinet.com', '1992-06-24', 'denvers12487', '$2y$10$5o48jaGf8ioKj910drt01OqwA1zpyifIyqX5Hr3zxJJ7IEh2/g8ai', '2022-02-05 00:00:00', NULL, NULL),
(51, '謝小紅', '0936832616', 'denvers19950314@yahoo.com', '1995-03-14', 'denvers81106', '$2y$10$CnJxfjS1haco8Lq6GnrkEugS69elCECfjucf2Yvd/FYNGlM0QkdNG', '2019-12-25 00:00:00', NULL, NULL),
(52, '邱小黑', '0936942598', 'thor20011228@hotmail.com', '2001-12-28', 'thor10386', '$2y$10$XlYi0j/qs0QdqPDuYZVc1.bgJSCqAdBgD03JZ.GuQrilpkDg4aeGu', '2019-03-20 00:00:00', NULL, NULL),
(53, '朱小紅', '0936795627', 'wonda19890618@gmail.com', '1989-06-18', 'wonda49482', '$2y$10$4zEt6BQUiBcmcVMQGELmDeJ5gFbAGZrNKGRnwtoX9rM9BHKNMnLAS', '2019-03-17 00:00:00', NULL, NULL),
(54, '黃小黑', '0936201399', 'rogers19951208@hotmail.com', '1995-12-08', 'rogers47100', '$2y$10$o7jwgyNID806pkGUEaFsHudUhbFTP3AIgJ7El45wclpimq0HTy19e', '2019-01-31 00:00:00', NULL, NULL),
(55, '高小紅', '0936665184', 'rogers20031113@gmail.com', '2003-11-13', 'rogers14166', '$2y$10$N6upmPMR8/fRnbJCs/TddOTp.33b8qlVuUEXRocGXCM5XdtgbSzQK', '2018-07-10 00:00:00', NULL, NULL),
(56, '謝小黑', '0936197993', 'jane19970618@yahoo.com', '1997-06-18', 'jane54782', '$2y$10$ZT3Ctl4CS0H.IhCzKQhlvOo2L.hvrocAZfbivZBF4MhUix5AZy17m', '2019-02-20 00:00:00', NULL, NULL),
(57, '黃小藍', '0936629946', 'rogers19860128@hinet.com', '1986-01-28', 'rogers29419', '$2y$10$tmS5GyIttrffLzV1lYyYKOAaP1TSSDAsHNzDUbUy1WmFA9cg5hLMi', '2015-01-20 00:00:00', NULL, NULL),
(58, '朱小綠', '0936212577', 'wonda19840130@hotmail.com', '1984-01-30', 'wonda55873', '$2y$10$mDr/F/nbzX.CODPzzqMw2ukbJgHDRK/yLOgak371ZCWL7a8mJ2Sre', '2015-09-29 00:00:00', NULL, NULL),
(59, '林小白', '0936357146', 'denvers19840307@gmail.com', '1984-03-07', 'denvers99350', '$2y$10$o2VXdYgStP3ftiSWI/U6xudwLpblfXhYq/AVoCuHfqhjZqcvc5QH2', '2017-11-13 00:00:00', NULL, NULL),
(60, '黃小白', '0936980037', 'thor19901201@hotmail.com', '1990-12-01', 'thor35533', '$2y$10$mzlh3ohly9cHfzrWdNGxZ.Qh6oOwWjFwj4cUV63NHp4SlmgiVgB6O', '2015-07-16 00:00:00', NULL, NULL),
(61, '邱小綠', '0936717086', 'stark19801127@yahoo.com', '1980-11-27', 'stark35750', '$2y$10$Wh0pwmifJevfR8JBu.4jOeNH3LnDoHknfspwTzrt1Oa3HyD4ldosy', '2017-11-28 00:00:00', NULL, NULL),
(62, '朱小藍', '0936333707', 'stark19831022@hotmail.com', '1983-10-22', 'stark23934', '$2y$10$wZCI/akw1wl4zanv72M8ge9RxmAETfR3GfbAQwHSh0xneou7.NeFi', '2021-04-29 00:00:00', NULL, NULL),
(63, '李小黑', '0936498851', 'jane19820410@gmail.com', '1982-04-10', 'jane74481', '$2y$10$gTESFpPAfqC.bgK8oZIq9eRWdBenOXKdsfh5qjXsa7Vz614EZQF6O', '2015-10-11 00:00:00', NULL, NULL),
(64, '李小綠', '0936298267', 'denvers20030202@gmail.com', '2003-02-02', 'denvers67767', '$2y$10$R8Ax33uwStg0pZXjztqRxOfknaxKm/tYoF60NwJeSwXuDuff5R3jG', '2021-03-28 00:00:00', NULL, NULL),
(65, '邱小藍', '0936289108', 'denvers19920415@gmail.com', '1992-04-15', 'denvers39997', '$2y$10$jdh13Re/Ps24VyEWJ3IEQ.VE1oqRHf223ACer/tzHQMTslSPYMl0i', '2021-12-18 00:00:00', NULL, NULL),
(66, '陳小綠', '0936426181', 'stark19971016@hotmail.com', '1997-10-16', 'stark26759', '$2y$10$2WLV45dyYX1tunfh5A2pseq0v1Gmqc35gDWHq6a5n4DlrMWei8vM.', '2015-01-05 00:00:00', NULL, NULL),
(67, '陳小黑', '0936997698', 'thor19971122@hinet.com', '1997-11-22', 'thor51088', '$2y$10$dEi7oYaETXKgoJF83lYJdu6MAYWftgGaHvU/4X.fVhVSrtzeqFKG6', '2017-04-01 00:00:00', NULL, NULL),
(68, '陳小紅', '0936366563', 'jane19940129@gmail.com', '1994-01-29', 'jane45042', '$2y$10$wfvZOSp55r2vZI8gxHnMkeC9EXpFE7WzgUHoGQ5lL0YOFqPLOC1OC', '2018-01-11 00:00:00', NULL, NULL),
(69, '李小白', '0936374521', 'strange19980424@hotmail.com', '1998-04-24', 'strange61095', '$2y$10$weKXS7aXjY3zqZnLpujsx.TZtpl.pIluA1C5t8FroAFNAfdG.y3kG', '2017-11-19 00:00:00', NULL, NULL),
(70, '朱小黑', '0936506947', 'rogers19850110@hinet.com', '1985-01-10', 'rogers20421', '$2y$10$NnYGvY9baK5GcTcLWG5yi.CL2c/vXNIO/WzyNdU8Z5IyD2OAY1.jC', '2019-05-28 00:00:00', NULL, NULL),
(71, '李小白', '0936419317', 'thor20020610@yahoo.com', '2002-06-10', 'thor33370', '$2y$10$H3NIALYNMP2PX3Vdk8LTo.NxbPAV/YhE2YzcG4je3KexJCx/8eoya', '2019-04-07 00:00:00', NULL, NULL),
(72, '林小紅', '0936872188', 'jane20050727@yahoo.com', '2005-07-27', 'jane50782', '$2y$10$Vlrcz7s63unA8HM86qI4Cu7pf/Us6m02r3VR.lKxDHg4esMFKszMW', '2020-04-12 00:00:00', NULL, NULL),
(73, '朱小白', '0936725767', 'strange19910308@yahoo.com', '1991-03-08', 'strange64341', '$2y$10$WtL5EmslRKbw6HPcNAxiNezP8XwaFv2q6../GN0f660f6VeIRntJy', '2019-11-20 00:00:00', NULL, NULL),
(74, '陳小白', '0936567745', 'strange19980605@yahoo.com', '1998-06-05', 'strange27818', '$2y$10$.6CdqOF6Jg.XGj5kGf9d1.g0xYiDB5pNaQpNuBZZXyQpzc7pexPN2', '2018-06-04 00:00:00', NULL, NULL),
(75, '高小白', '0936335763', 'strange19820805@hotmail.com', '1982-08-05', 'strange16127', '$2y$10$2tPheny/QYwLbNAGDhudaO6hnLiBjqhARksygruRPVj3X2haJDPnK', '2018-12-19 00:00:00', NULL, NULL),
(76, '陳小綠', '0936449623', 'thor20040416@hinet.com', '2004-04-16', 'thor93798', '$2y$10$jNxNUTWzBQ6nI5rtaw1YAOVRNRN5WW1QhfEMLIxKBdjbb8V4xXoVO', '2019-06-05 00:00:00', NULL, NULL),
(77, '朱小白', '0936102216', 'jane19860821@gmail.com', '1986-08-21', 'jane11251', '$2y$10$Hl5Lsx/SyXT/3/PYxn0CMOIem/yw.XGaknRNVh/Qe5ed.I8UUqFeO', '2016-11-13 00:00:00', NULL, NULL),
(78, '謝小黑', '0936374862', 'rogers19881103@hotmail.com', '1988-11-03', 'rogers65886', '$2y$10$AYUWH4XNFnksGo4Ah/ElNOZ3HAPN4JSGJ1.N1/Ps67WDZ.Ks44YiS', '2018-10-04 00:00:00', NULL, NULL),
(79, '朱小綠', '0936379052', 'loki19841027@hinet.com', '1984-10-27', 'loki36245', '$2y$10$F/FmAZLedvsip9GgtC/5MOQoKEw.HUXqIz00dWdcEiAmAuKE6drru', '2015-04-20 00:00:00', NULL, NULL),
(80, '謝小綠', '0936270381', 'thor19800512@hinet.com', '1980-05-12', 'thor53597', '$2y$10$X2EFuzcBy61aNntCgL2mLOY01SieYDt6XYj3u3sWa37tMdQpLV6gq', '2016-02-18 00:00:00', NULL, NULL),
(81, '朱小黑', '0936634217', 'stark19930513@yahoo.com', '1993-05-13', 'stark27535', '$2y$10$Nup8iQKwRENRxJPk/t4ZxuuC5T7b9BgmOq7hiWHx/XRkaNutQmsFG', '2017-02-06 00:00:00', NULL, NULL),
(82, '邱小白', '0936855123', 'loki19820504@hotmail.com', '1982-05-04', 'loki18899', '$2y$10$LziKa61MFdVVI2nYJYAM5Os/FH7Hnnc5z6ozHR2bb6kcDVPlsDY3u', '2020-07-22 00:00:00', NULL, NULL),
(83, '李小黑', '0936589955', 'rogers20021102@gmail.com', '2002-11-02', 'rogers78059', '$2y$10$48GO5dzWWznqBbqT7p..ruwK4mEPdXybUbp/5Wri3pc9TIW1KqK8e', '2019-04-22 00:00:00', NULL, NULL),
(84, '黃小綠', '0936719316', 'rogers19811113@gmail.com', '1981-11-13', 'rogers49986', '$2y$10$Ri9mAW7BZJnrzvpOGS27Ies8VFWENfwDfpivpRDX1OQjpgIYriaCK', '2015-08-29 00:00:00', NULL, NULL),
(85, '謝小藍', '0936419460', 'stark19880714@hinet.com', '1988-07-14', 'stark73814', '$2y$10$RbUd4.sahP6fSOD7NOvRqONgJbTDC8WmDHJr2lyjoswijwNolF1yi', '2017-04-23 00:00:00', NULL, NULL),
(86, '黃小紅', '0936761552', 'rogers19920812@gmail.com', '1992-08-12', 'rogers63495', '$2y$10$nanKB9/TWiA1HwpgHaxzoOPSWhdI36MjeGKGzhq0K414ld5SRrD8y', '2019-01-02 00:00:00', NULL, NULL),
(87, '陳小紅', '0936124176', 'strange19800204@gmail.com', '1980-02-04', 'strange27142', '$2y$10$5AmsCPb.A5/0rKZUaLf8x.JAXmSv1vvZj638AO5Ypu2hBM0WicARC', '2018-02-28 00:00:00', NULL, NULL),
(88, '黃小黑', '0936502991', 'wonda19800410@yahoo.com', '1980-04-10', 'wonda59891', '$2y$10$oXtjg4.Sh55Fv3jBe5wZ6OAwaxL4C3EhLXgZNDphBsFTorZcV04Ku', '2018-07-07 00:00:00', NULL, NULL),
(89, '陳小藍', '0936744116', 'wonda20000724@hinet.com', '2000-07-24', 'wonda92029', '$2y$10$AD8fcZcq2E/7z8/K/fLoDOnEsXdBF6T/bKe6jbTBs6ipyAp9mcHMa', '2017-02-19 00:00:00', NULL, NULL),
(90, '王小藍', '0936653545', 'loki20050323@hinet.com', '2005-03-23', 'loki61552', '$2y$10$CAxA3VhSjUobfQRenV88OOgbyRSdL1jjJ3NcXiCVeqs4bSeMt4zOS', '2021-01-31 00:00:00', NULL, NULL),
(91, '邱小紅', '0936513570', 'jane20051022@yahoo.com', '2005-10-22', 'jane20159', '$2y$10$KZob2W9cfcngAZk2bVSCTeVJgttHGKtBOcOq2fgNmtd/nETBE2unO', '2018-09-10 00:00:00', NULL, NULL),
(92, '王小白', '0936733210', 'rogers20050117@hotmail.com', '2005-01-17', 'rogers92864', '$2y$10$G/StbIN/FXrGkKCdKpdVp.qcFOYJGhfqNao9JC1NMo3yfdlBxS63e', '2018-10-22 00:00:00', NULL, NULL),
(93, '陳小紅', '0936529748', 'loki19861207@hinet.com', '1986-12-07', 'loki56614', '$2y$10$onRU3izPNtP1R7Qr8ck6l.kjh2hJkZfbwVXxC17XD.TILFUDEYuS2', '2022-05-17 00:00:00', NULL, NULL),
(94, '高小綠', '0936107197', 'stark19930502@hinet.com', '1993-05-02', 'stark94936', '$2y$10$4YjXHUdufVvD8/xDQOWIBebN6OuXCiKYjy0w9l/VtZUa8aLD3dJpW', '2017-04-23 00:00:00', NULL, NULL),
(95, '邱小藍', '0936611952', 'stark20001230@yahoo.com', '2000-12-30', 'stark49498', '$2y$10$33wVBjKxxqA0P6XhLqHY5.TP9nroBDv7WBoasRDIL4iO.CtC3t1Pe', '2021-10-12 00:00:00', NULL, NULL),
(96, '王小綠', '0936869492', 'rogers20021216@gmail.com', '2002-12-16', 'rogers28283', '$2y$10$SKTseiaMQYB..bkfbM3T0ug2yiWQBvhBHr10dP76LHqBc2DvcPvi6', '2021-08-07 00:00:00', NULL, NULL),
(97, '朱小藍', '0936125267', 'jane19880907@hotmail.com', '1988-09-07', 'jane23512', '$2y$10$3wLNd4ddkSoWDxuDzMW8n.kse.wftcxVaEfmUlRBqbnW3qvfhUomO', '2015-05-24 00:00:00', NULL, NULL),
(98, '邱小紅', '0936643575', 'thor20020126@hotmail.com', '2002-01-26', 'thor98701', '$2y$10$VMDk.xLw0PLxfj6FxbJKEuj80GBpO4.4ZMfZQUG2Th5F5kEN4BRae', '2019-10-05 00:00:00', NULL, NULL),
(99, '朱小藍', '0936144099', 'stark19800308@yahoo.com', '1980-03-08', 'stark94976', '$2y$10$w8g8yqQCIx1CWPyA1xZ1w.KjgOzjFNB3K9CKAV/asjLg1IIQ4Nyje', '2021-01-10 00:00:00', NULL, NULL),
(100, '邱小綠', '0936314254', 'wonda19910212@hinet.com', '1991-02-12', 'wonda74649', '$2y$10$cmg7dBBWgxGO1cWOaFm2lOBizpOXi6qFRdQF1FXJMQwTa2bbh6FYS', '2020-12-24 00:00:00', NULL, NULL),
(101, '邱小黑', '0936974155', 'denvers20040707@hotmail.com', '2004-07-07', 'denvers17388', '$2y$10$yRw0RD0zQIuLnZsxHnAY6uaw3HPbQ.y4VJYE4.d4LuHqsrQDAEDCS', '2022-02-14 00:00:00', NULL, NULL),
(102, '邱小藍', '0936152128', 'loki20020526@hinet.com', '2002-05-26', 'loki52122', '$2y$10$lHwamswXCjI9eB0EGUIyx.vgblg.4H.CezLgp9X4rEvhC2UrI1R.m', '2015-03-27 00:00:00', NULL, NULL),
(103, '陳小紅', '0936317458', 'jane20011109@hotmail.com', '2001-11-09', 'jane64200', '$2y$10$hz1ikNzeCN7Fcx13ojqT4epsepYLWzkuGUq/mKNgu4DacMwztQL56', '2017-05-13 00:00:00', NULL, NULL),
(104, '謝小藍', '0936235329', 'denvers19940706@yahoo.com', '1994-07-06', 'denvers50089', '$2y$10$GC4sDvCeV.Fb1UlwZ1qHxeExGbjR9zBDb4ewyka0JGfaZPwxXCr8a', '2021-08-29 00:00:00', NULL, NULL),
(105, '王小黑', '0936706889', 'loki19981029@yahoo.com', '1998-10-29', 'loki27944', '$2y$10$/YHhj5SqcA9.IE9zY2mCuO8JtrGvW07dmh/2yNS2/wEmo0Z0XaRU2', '2019-09-18 00:00:00', NULL, NULL),
(106, '邱小紅', '0936932464', 'jane19820518@hotmail.com', '1982-05-18', 'jane26004', '$2y$10$LiO78rBEV8hKJlRx/sSH9.Xk.2RMkXlQwxT0sqR4FtKhAhWAKFTRm', '2017-12-11 00:00:00', NULL, NULL),
(107, '陳小白', '0936409085', 'stark19960108@gmail.com', '1996-01-08', 'stark54679', '$2y$10$En6LJVessN21o.aHsWOgA.IYicvAI0YQb9y8so4yIGprayrFKfXZ6', '2017-08-05 00:00:00', NULL, NULL),
(108, '陳小黑', '0936888055', 'loki19901218@yahoo.com', '1990-12-18', 'loki70050', '$2y$10$Px4IfniycvUeY7gm3w5L7.BjhtP2IXd.MubGVYBz83SFy3Jhp1Y2u', '2020-09-24 00:00:00', NULL, NULL),
(109, '高小黑', '0936758360', 'rogers20020216@gmail.com', '2002-02-16', 'rogers72693', '$2y$10$BgitBLwrJQpY6fQtuptskuNS1w5KULvyj2NlM8qMK4x/bKCtYSUA.', '2020-12-28 00:00:00', NULL, NULL),
(110, '林小紅', '0936532324', 'stark20020914@gmail.com', '2002-09-14', 'stark12212', '$2y$10$I5pH9QZ2uti7tuSCEutlGON.KjPbF.wKXAhYLTsakmxGjJAC1CYBK', '2018-09-24 00:00:00', NULL, NULL),
(111, '謝小白', '0936328889', 'loki19801002@yahoo.com', '1980-10-02', 'loki81611', '$2y$10$U4i6csiBxXlFtBmgJViLhe1PjPn34B9lb.VNBurZtnJxjoSGSr2CK', '2015-07-06 00:00:00', NULL, NULL),
(112, '李小紅', '0936550060', 'stark19940206@yahoo.com', '1994-02-06', 'stark74326', '$2y$10$FEv6JcKYRUhqdlWDzVxkv.g1./X6q9blBIzLlpd6MH.KwLBJFkuEG', '2021-12-22 00:00:00', NULL, NULL),
(113, '黃小綠', '0936341860', 'stark19900810@yahoo.com', '1990-08-10', 'stark26762', '$2y$10$CXs9PeCo587IoFip60lsl.J/8kiYk2WBjc2hf50P7WCVW9O/30za2', '2018-09-01 00:00:00', NULL, NULL),
(114, '陳小黑', '0936121636', 'strange20000827@hotmail.com', '2000-08-27', 'strange59009', '$2y$10$JZSy.WFdKVYEACDqKgmsp.uCDzHWkB9x7QY6D6ecJcl/IDmheFRTW', '2018-06-27 00:00:00', NULL, NULL),
(115, '邱小黑', '0936574687', 'jane19890516@yahoo.com', '1989-05-16', 'jane68874', '$2y$10$uw1rLKGmm7MEnWgZ48l5MOONW4ERVHOHAkiWmMiISPQEmOGm1HbUy', '2017-07-18 00:00:00', NULL, NULL),
(116, '林小紅', '0936708748', 'strange19850718@hotmail.com', '1985-07-18', 'strange11321', '$2y$10$P459UwliJmNF4b0XdmCLGukI16zgKKGL4wyvXr4GIz8A4P97u0zW2', '2021-10-26 00:00:00', NULL, NULL),
(117, '高小黑', '0936336529', 'jane20030323@gmail.com', '2003-03-23', 'jane99699', '$2y$10$iOjBRljQX397rTvm7p0N9OvFSifliUAD/CCrh.RTziQnf2Ox1y6wW', '2015-09-08 00:00:00', NULL, NULL),
(118, '李小紅', '0936249280', 'wonda19970915@hotmail.com', '1997-09-15', 'wonda85122', '$2y$10$x9Rc8H/0ZzJRrtdpcNZU2.uBZskc22uR/QKaCFALX23Web36pK16K', '2021-12-21 00:00:00', NULL, NULL),
(119, '謝小藍', '0936312907', 'thor19980213@hinet.com', '1998-02-13', 'thor29812', '$2y$10$2EDIf1X4O5/ABrupSAqR6O2FmFZFITlJSLT2h/63GglAphJgYtD8K', '2016-07-10 00:00:00', NULL, NULL),
(120, '高小綠', '0936389535', 'stark19810623@hotmail.com', '1981-06-23', 'stark15158', '$2y$10$CXIEzEf90CCEHk7tWMi6suAoTfVsF9.aASra0PPkErdcmsbHKKSpS', '2016-09-22 00:00:00', NULL, NULL),
(121, '謝小綠', '0936380956', 'denvers20010714@hinet.com', '2001-07-14', 'denvers14869', '$2y$10$Djxjmx4Rn4s76zcPur4kCOd3B8QOYfsv/LDj83n8GpCONdFwFKwhq', '2015-04-01 00:00:00', NULL, NULL),
(122, '高小黑', '0936667320', 'stark19860319@hinet.com', '1986-03-19', 'stark87116', '$2y$10$tcin2llggAxfJTabiwnfxuvbNVdLHjJx50TFxmkSPiqIdghe87/jy', '2018-04-06 00:00:00', NULL, NULL),
(123, '謝小紅', '0936553627', 'rogers19840324@hotmail.com', '1984-03-24', 'rogers66704', '$2y$10$i4ilkWcfPl.36Jrv8zHvp.pTR3FjniGxs.UIIFWO9SsVCm6iDTF.C', '2020-06-30 00:00:00', NULL, NULL),
(124, '李小藍', '0936404397', 'wonda19850726@hinet.com', '1985-07-26', 'wonda64059', '$2y$10$XQeoWe08lzuyy2T6BvNzeOfbkGoeX9KWxQtjPrtm.ur7ICHroTB3q', '2015-05-24 00:00:00', NULL, NULL),
(125, '王小綠', '0936682057', 'strange19950321@gmail.com', '1995-03-21', 'strange12348', '$2y$10$xi7e5wNORag6X4tdgcbWheiRI.jOSkJyS5nPER6PqazfmYWttVqzW', '2017-10-29 00:00:00', NULL, NULL),
(126, '高小白', '0936762147', 'stark19931102@gmail.com', '1993-11-02', 'stark93049', '$2y$10$o4TpBIQutBRD1XvJSDktaekndKCVlwdvrqA41SqOextN60zT/fX5i', '2019-04-19 00:00:00', NULL, NULL),
(127, '李小黑', '0936882197', 'jane19850105@hotmail.com', '1985-01-05', 'jane87523', '$2y$10$7AvRYEbqKiL6tYfq1HNrmuartbPsxsvZB9vVD0u0RKE.2UFaMW4cu', '2019-02-21 00:00:00', NULL, NULL),
(128, '謝小紅', '0936391537', 'strange19900524@gmail.com', '1990-05-24', 'strange25824', '$2y$10$re8Gyz9flpK6U3APwfrOBumEIPochusJML6KXRbxVjeXzX8PGy/F2', '2018-12-01 00:00:00', NULL, NULL),
(129, '李小藍', '0936908311', 'jane20021030@hotmail.com', '2002-10-30', 'jane10811', '$2y$10$afIEWZAmj2FzWajP61dLLO7LBVZXtfS6m4lww3RpBoPzi6ZA0iYJm', '2015-10-09 00:00:00', NULL, NULL),
(130, '謝小藍', '0936919665', 'strange19930418@hotmail.com', '1993-04-18', 'strange68863', '$2y$10$qOidRPDqDgd7iMvFRXay8.uFPJY3WdwHwswLiGcQGDuLUnV9XnvR2', '2015-12-12 00:00:00', NULL, NULL),
(131, '高小紅', '0936572583', 'jane19821030@hinet.com', '1982-10-30', 'jane33086', '$2y$10$WLJ3VL9gQ1gSWFOjNFD7c.cJk11rQIBZuNHVCx3TKs1iTBbewhyBq', '2022-04-16 00:00:00', NULL, NULL),
(132, '朱小白', '0936356733', 'loki19961015@hotmail.com', '1996-10-15', 'loki59005', '$2y$10$R5/V/PFsCUNqQzs/ZVjdZORyek3HJWpUW/tYoQvamQHaaEuelBHeO', '2016-07-18 00:00:00', NULL, NULL),
(133, '高小綠', '0936348872', 'thor20010414@hinet.com', '2001-04-14', 'thor26172', '$2y$10$ODrBZ3S//S9m8I3XIZtwn.vd/sWgQFOHcveEmcl90oiopVgVtTVxm', '2016-09-12 00:00:00', NULL, NULL),
(134, '王小紅', '0936663913', 'strange19810810@hinet.com', '1981-08-10', 'strange32938', '$2y$10$jcDCHGIcFVylKUsZP21kf.BFqnQostAJHAKKqOx3qvMgWsb0e/4Wa', '2017-01-30 00:00:00', NULL, NULL),
(135, '高小綠', '0936848910', 'loki19950811@yahoo.com', '1995-08-11', 'loki91963', '$2y$10$i.3inADGS.R4oxv2FFix1usRsougqQwfkOV4IKg.Xrri3WtDMloe2', '2019-01-04 00:00:00', NULL, NULL),
(136, '黃小紅', '0936931332', 'loki19821228@yahoo.com', '1982-12-28', 'loki56164', '$2y$10$PDLPNR/oTM7/jUwld8FIpOEQsZ2urXAHdtdT82FqW/EKwmqG0HfuG', '2015-04-08 00:00:00', NULL, NULL),
(137, '王小藍', '0936568951', 'rogers19930203@yahoo.com', '1993-02-03', 'rogers27386', '$2y$10$KGE3805NZ1.b1N5VSWFCd.zMrBgGKu5wWgL3sQZFBl40xFyKob4PG', '2021-08-27 00:00:00', NULL, NULL),
(138, '陳小白', '0936335491', 'strange20000713@gmail.com', '2000-07-13', 'strange16420', '$2y$10$B9582Cl7h1G5DWc34NTpnetjGf3k9QoI6iZYyxYciVnmN4MgQCC8.', '2016-09-08 00:00:00', NULL, NULL),
(139, '陳小綠', '0936232548', 'jane19890911@hinet.com', '1989-09-11', 'jane91332', '$2y$10$Cas8wrl5xpEIVKbF9gbuLui5T.GpnFVFZTFxDjcx5UpUjm4JePh/O', '2015-07-17 00:00:00', NULL, NULL),
(140, '李小黑', '0936913700', 'thor19960509@hotmail.com', '1996-05-09', 'thor68705', '$2y$10$ouTJ318kIHTg0eBwJ/hGEeEJP6wPyYQKuJbcLMcT7XcvpWi/nxiRq', '2016-03-31 00:00:00', NULL, NULL),
(141, '邱小紅', '0936553468', 'strange19900313@yahoo.com', '1990-03-13', 'strange40655', '$2y$10$6XocfZL7P4xYidMSpqlEWuDN0CyJGlcn/bZm.xw1qbS81nOqa3tCO', '2020-02-07 00:00:00', NULL, NULL),
(142, '黃小綠', '0936381534', 'rogers19871126@hotmail.com', '1987-11-26', 'rogers50670', '$2y$10$yhWOrhUcpht2vKDK1LUuU.GbXU2F9w63fgWyVB0lzZfHc0YCCNSY2', '2021-01-05 00:00:00', NULL, NULL),
(143, '謝小藍', '0936458819', 'loki20030406@hinet.com', '2003-04-06', 'loki63346', '$2y$10$0GRl.f.xzwRQERFO.5uLluzab5XBNFYsD3frIFL0XYVXbXIDF1Wfq', '2017-10-26 00:00:00', NULL, NULL),
(144, '謝小綠', '0936138191', 'loki20010209@hinet.com', '2001-02-09', 'loki15650', '$2y$10$Zg9q4VGHbD0U10Ol2h4WW.tenLWtgnfnQ1dE9Jt..G6.boJsnHEnS', '2015-03-19 00:00:00', NULL, NULL),
(145, '黃小黑', '0936993338', 'stark19870316@hinet.com', '1987-03-16', 'stark29450', '$2y$10$m89HnI3meALfoxTvF1ajvuS3I.f8gKHrI9YL9yw2.16EEU6ozvhsi', '2018-04-10 00:00:00', NULL, NULL),
(146, '陳小白', '0936983491', 'wonda19960124@yahoo.com', '1996-01-24', 'wonda74522', '$2y$10$45RF/DaXpc9SuDzEAGEkaOgdQoCJOjTBdwQx6s9B6lSQEtoQc25rC', '2018-01-18 00:00:00', NULL, NULL),
(147, '王小藍', '0936546951', 'strange19830214@yahoo.com', '1983-02-14', 'strange96291', '$2y$10$IQZfaxRlg3O/KBpiDymEwOFP/0Opmu/DU2PscOOKAk8R.ePJ8Dm2i', '2021-12-20 00:00:00', NULL, NULL),
(148, '邱小藍', '0936198172', 'strange20020225@yahoo.com', '2002-02-25', 'strange35458', '$2y$10$uZnYjHm2BdT8uYJZYek.4.aoSuVqBDTbq4Y4gpvzlBI0swG2y4g3y', '2015-01-26 00:00:00', NULL, NULL),
(149, '高小黑', '0936975344', 'jane19920213@hotmail.com', '1992-02-13', 'jane57103', '$2y$10$E3IQR9RF6A74TAGMR5d39.l0HUzTJtsqRIzT5qR4noTbJvy2CKhaq', '2018-11-14 00:00:00', NULL, NULL),
(150, '林小藍', '0936667206', 'strange19900506@hinet.com', '1990-05-06', 'strange89578', '$2y$10$oiRdVvrWIj5TXwHmZ0OwTe7IaqSjgByJZBDZSJNPPWaVVt.WvTCj.', '2018-01-28 00:00:00', NULL, NULL),
(151, '朱小紅', '0936533930', 'thor19980120@hotmail.com', '1998-01-20', 'thor60900', '$2y$10$8Vpz5IQTO0CIbmPSdtC62.QFKYQpM/omNezxb.5NYvmU05Y0BcohC', '2016-10-31 00:00:00', NULL, NULL),
(152, '高小紅', '0936876999', 'wonda19800619@yahoo.com', '1980-06-19', 'wonda93173', '$2y$10$zkclx.d9bAgvWQnfUdBONuM3J./lnwxBGcmGAJ/7gCfRitRN8h2/e', '2019-12-01 00:00:00', NULL, NULL),
(153, '謝小藍', '0936508135', 'thor20051225@gmail.com', '2005-12-25', 'thor12128', '$2y$10$dgT0CCZywaqqWWzS48RJF.6EZ7yX8IO4NfCieHmhyD/kIyw3WyzvC', '2021-05-30 00:00:00', NULL, NULL),
(154, '林小黑', '0936254168', 'wonda19831204@yahoo.com', '1983-12-04', 'wonda38823', '$2y$10$JoY.Hh74d9I.ztsnfgHvv.p/l3lzv6LsMjrLsTjRm0bnjPM5b4eW.', '2019-07-30 00:00:00', NULL, NULL),
(155, '朱小紅', '0936783440', 'stark19880720@hinet.com', '1988-07-20', 'stark30391', '$2y$10$mBMdl77FsSfifyIj9zm2euFVM5BrwpmPJUl7C4kFixqDwuZvs0OK.', '2020-04-01 00:00:00', NULL, NULL),
(156, '謝小黑', '0936225969', 'wonda19800511@hinet.com', '1980-05-11', 'wonda79831', '$2y$10$S1HpjhAuZvtWDMEI7K9b2uIB6/msxxcsLp/ZGI9pjWLK0rIyhDolS', '2018-06-07 00:00:00', NULL, NULL),
(157, '朱小黑', '0936396977', 'strange19830531@yahoo.com', '1983-05-31', 'strange33692', '$2y$10$R3bsilaBtMPXOOEOCvatKuQrKaLnwHOtxDf0pGV3.1O2Vht9msFPu', '2016-11-10 00:00:00', NULL, NULL),
(158, '謝小紅', '0936186562', 'denvers19800925@hotmail.com', '1980-09-25', 'denvers31474', '$2y$10$0BXfXMDmoGlMc02CeOEbT.zOGISsfLVmhKAbrF8PGIshV/7lPiBqa', '2019-03-03 00:00:00', NULL, NULL),
(159, '王小綠', '0936642391', 'denvers19970205@hinet.com', '1997-02-05', 'denvers44792', '$2y$10$XSuF5unGXI2NaA7skq8gBeJSsvqlOM1X/tES3hxorM0iZYIdSD4ry', '2019-07-11 00:00:00', NULL, NULL),
(160, '陳小紅', '0936846020', 'loki19990202@hinet.com', '1999-02-02', 'loki41125', '$2y$10$y0btGlacJETFcwe1f7EGvuV8uyOHVC/EekVLsaKOadWP5CKzXtRUq', '2021-11-08 00:00:00', NULL, NULL),
(161, '高小綠', '0936171143', 'denvers20000916@yahoo.com', '2000-09-16', 'denvers13715', '$2y$10$43VdWKbBk7gNHZRrD8Pq8eA5H1PQeZB3z/d7E0OdJSwlHYzce..fK', '2019-06-25 00:00:00', NULL, NULL),
(162, '黃小藍', '0936597520', 'rogers19860305@hotmail.com', '1986-03-05', 'rogers26104', '$2y$10$suf5N8diacp74EqVKC..w.B2397PpZskHx01OWyW.cktsKJgHrnHS', '2019-03-16 00:00:00', NULL, NULL),
(163, '黃小紅', '0936664345', 'loki20000228@gmail.com', '2000-02-28', 'loki53628', '$2y$10$rOYMWLrK5chl5faPwz0gFOEJsex1z3yCveehP95Nyc8liPzlCuK8G', '2021-06-21 00:00:00', NULL, NULL),
(164, '黃小藍', '0936651217', 'denvers20000804@hotmail.com', '2000-08-04', 'denvers38400', '$2y$10$amiMbz38nKj3E2UXRP/MiuS/AvBVKGHH5L.R78tfadrIyO/IdCgGi', '2016-11-03 00:00:00', NULL, NULL),
(165, '王小藍', '0936798366', 'jane20031028@hotmail.com', '2003-10-28', 'jane87791', '$2y$10$gQKLWcFn1RMH69Lwj9pbAOCehtNK368xEV..h9K3ziFD3sld/wjQS', '2015-10-23 00:00:00', NULL, NULL),
(166, '李小綠', '0936762141', 'jane20010210@yahoo.com', '2001-02-10', 'jane10384', '$2y$10$awmbpo3SgQ3irRt88rdJQ.9zQVM5mWMdLbHYntesHHmJU0d418kd6', '2017-08-29 00:00:00', NULL, NULL),
(167, '謝小白', '0936912733', 'stark20011127@hotmail.com', '2001-11-27', 'stark49205', '$2y$10$VS.iOW5L0x1H/3osgKHD6.Aqaw.7w/NnBN.5nm3g7EMdjvNjOxU3m', '2019-03-12 00:00:00', NULL, NULL),
(168, '陳小紅', '0936828646', 'strange20000714@gmail.com', '2000-07-14', 'strange77562', '$2y$10$yDxug0VdcytN4s5uKrHCzuE/svrTfusCVP9qzwxfhJad17zK7k4LK', '2016-01-18 00:00:00', NULL, NULL),
(169, '李小白', '0936199246', 'thor19961226@hinet.com', '1996-12-26', 'thor59346', '$2y$10$sQK3gSYYVxxIKtegcg5pWeGWUVSfW5iT.ZEe9XCnhNiH4KsuTe5Nq', '2020-11-29 00:00:00', NULL, NULL),
(170, '高小紅', '0936773697', 'loki19871107@hinet.com', '1987-11-07', 'loki17452', '$2y$10$Iy8/HGA4AkhvJ2JqcYqq1.4hP0OWipJjJXGImHbZnTf5.2TBhixr6', '2016-08-29 00:00:00', NULL, NULL),
(171, '陳小藍', '0936843020', 'jane20031219@hinet.com', '2003-12-19', 'jane87628', '$2y$10$gtlP4i053bCoWa4srOAT6eJa8BKnXS2.QCbL24Z5dy/swR7pqimja', '2016-08-02 00:00:00', NULL, NULL),
(172, '謝小黑', '0936415664', 'strange20050302@hotmail.com', '2005-03-02', 'strange81353', '$2y$10$rNN/ZPiHhUAMckgFe0lkEeROHuHvIwHOqtKzoFtcraEGL1V1AiO86', '2022-01-14 00:00:00', NULL, NULL),
(173, '謝小黑', '0936729858', 'thor19881105@yahoo.com', '1988-11-05', 'thor17927', '$2y$10$hK1Y331F5oezFh.B19HowuovsdRjq9YZn.t61LpW7hBkzf9/26tTi', '2022-03-16 00:00:00', NULL, NULL),
(174, '朱小白', '0936469360', 'rogers19980123@hotmail.com', '1998-01-23', 'rogers40835', '$2y$10$Rx2fnFkjmTuZq5cmjOhzu.t8FFi5NtrHsLwB.Rxh.S9tnHQxRVm5i', '2018-07-17 00:00:00', NULL, NULL),
(175, '黃小黑', '0936872795', 'denvers20010422@yahoo.com', '2001-04-22', 'denvers22155', '$2y$10$/vCKnDKHuaTwZfJmy/TIme4XTSKMHD8yHZAn3/otd.ZM1bEVlyMya', '2021-02-04 00:00:00', NULL, NULL),
(176, '朱小白', '0936843590', 'jane19821205@hotmail.com', '1982-12-05', 'jane54038', '$2y$10$ZkJHLafF9J61eKXC.FfLE.O4g4TITgH3DgBdG92J5wr8WgG/OJRAS', '2017-04-30 00:00:00', NULL, NULL),
(177, '王小綠', '0936978898', 'rogers19880825@gmail.com', '1988-08-25', 'rogers19506', '$2y$10$lF8SuQyREkxlBeWythEtw.QfKuOd1hA96YS22Q2TQxrRgHltw4PN6', '2015-04-27 00:00:00', NULL, NULL),
(178, '邱小藍', '0936338005', 'strange19840109@yahoo.com', '1984-01-09', 'strange31340', '$2y$10$K9M00HfM6Jboo6PrzeFcwOkLjvpoHBcm6sVWu/Ds3VMFnWAkhJYLC', '2016-02-08 00:00:00', NULL, NULL),
(179, '邱小白', '0936694442', 'jane20010125@hotmail.com', '2001-01-25', 'jane44610', '$2y$10$b04C0LMrVkbQVx8QY3foteTZ5hX/JuSlEp2ZZjP8Bn/m2NJCIwnUS', '2020-06-10 00:00:00', NULL, NULL),
(180, '黃小綠', '0936886389', 'strange19951220@hotmail.com', '1995-12-20', 'strange71812', '$2y$10$VOSn2WrxLJ6gC2SYU99hGeaN0icFHO8LivZr0I0f6agi6RD2o29l6', '2021-04-30 00:00:00', NULL, NULL),
(181, '李小綠', '0936648136', 'denvers20021110@yahoo.com', '2002-11-10', 'denvers44470', '$2y$10$JC9BM0hs2ZgtBSDX49ucJeNO6k0JnZR3XvpzOW7edhWDA983asr76', '2017-10-16 00:00:00', NULL, NULL),
(182, '陳小藍', '0936781792', 'wonda20041229@yahoo.com', '2004-12-29', 'wonda73530', '$2y$10$hqKoPnW0Aa8v.axDQ6n72uoXKREyNKGUqOWaCCr4SnM0Oec.7vf0O', '2019-07-04 00:00:00', NULL, NULL),
(183, '李小白', '0936141744', 'loki20010327@hinet.com', '2001-03-27', 'loki35930', '$2y$10$5V.HsG0a6PqZB0CBUefAzOeD86Gp6W4fBRjyhbxrkfarpt84ZJqEu', '2022-05-11 00:00:00', NULL, NULL),
(184, '王小白', '0936159041', 'jane19830405@gmail.com', '1983-04-05', 'jane74341', '$2y$10$rKAMSK4JL7Wbn9ZUOqOe.OON2bDwt0n08OPRRsxldp97d02tddTQa', '2020-01-23 00:00:00', NULL, NULL),
(185, '朱小紅', '0936128364', 'wonda19840829@gmail.com', '1984-08-29', 'wonda44143', '$2y$10$JZY0z8ZfUcKWy3WkvrpKVOjEZJ4lGpEy4zEojW6C8ok8h/afUaMwi', '2018-12-20 00:00:00', NULL, NULL),
(186, '李小黑', '0936279112', 'stark19910328@gmail.com', '1991-03-28', 'stark97927', '$2y$10$k.ys27lVmk1l42wnab7P2uMbN5Y29ruqKswqHFxVUaTqlAiwRs0W2', '2021-10-31 00:00:00', NULL, NULL),
(187, '王小綠', '0936843046', 'thor19960808@yahoo.com', '1996-08-08', 'thor20375', '$2y$10$Fj9q8NZw5Elaikk5ZbJnxOgBidLZ/sqkvj8EV.CoVi1gzqvMVy3Ca', '2020-12-16 00:00:00', NULL, NULL),
(188, '陳小黑', '0936607922', 'stark19890827@yahoo.com', '1989-08-27', 'stark17951', '$2y$10$mYUlOIfHr9dv.gQse6mDCu1sBlSt.JhsnqHK.gwR8bwDPwqPu5uFK', '2021-10-23 00:00:00', NULL, NULL),
(189, '謝小白', '0936698179', 'denvers19850516@hinet.com', '1985-05-16', 'denvers53481', '$2y$10$/RuYrBCxINjFTUC2GQjSJOMPyv7LoUKf6UMYs6pgHGo2z728kgZi.', '2021-10-06 00:00:00', NULL, NULL),
(190, '陳小藍', '0936528344', 'rogers19930612@hotmail.com', '1993-06-12', 'rogers92925', '$2y$10$H3prFkpRfbFYtaSloL5hS.LwizlgcZX86.vsBddVENvPCTj0LE.yO', '2017-09-13 00:00:00', NULL, NULL),
(191, '王小綠', '0936652491', 'thor19841027@hinet.com', '1984-10-27', 'thor36352', '$2y$10$rh1hWmKv89/ADRvthYvPeOnu8X5izZG0088fLSMfZxWFnaf9v6FrC', '2017-10-12 00:00:00', NULL, NULL),
(192, '林小藍', '0936759971', 'strange19901110@hotmail.com', '1990-11-10', 'strange43744', '$2y$10$H2pIIYnZmYmfdeeX4i4S0OlvsphvmuNUZalMNauxT4TgRRW5EHKKu', '2017-11-10 00:00:00', NULL, NULL),
(193, '朱小紅', '0936775264', 'loki19830913@yahoo.com', '1983-09-13', 'loki72680', '$2y$10$4fbse44vSd6TSOHmSkxgSOpGYYurUikVZOXd1vzNwdSKiKQ1U7XSa', '2018-07-04 00:00:00', NULL, NULL),
(194, '邱小紅', '0936475871', 'wonda19871123@hotmail.com', '1987-11-23', 'wonda72678', '$2y$10$yZSTZEIoa2m8b/9ryS/dLeuY14cCwx9JUZPHxabyezQSE6Z6FUxlu', '2017-05-15 00:00:00', NULL, NULL),
(195, '王小紅', '0936320724', 'rogers19900419@hinet.com', '1990-04-19', 'rogers18940', '$2y$10$AKOWtTehhpByH34JGuJJWeFsa/zUslUFNpYpMoEJm/rbCUL1YkhIm', '2022-03-30 00:00:00', NULL, NULL),
(196, '黃小黑', '0936377908', 'loki19971018@hinet.com', '1997-10-18', 'loki69959', '$2y$10$Xuesyc/akmcZGExgUGrn9.F.oookPa6wQTVnY4T40KFdrp6T4GfJC', '2020-05-01 00:00:00', NULL, NULL),
(197, '林小黑', '0936376323', 'jane19970610@hinet.com', '1997-06-10', 'jane67840', '$2y$10$ImlqpqefaBMG.HMYZ2DJheoMzOzh6O3QYrsG7bfMkUDwGOwVLrlje', '2016-03-22 00:00:00', NULL, NULL),
(198, '邱小黑', '0936498856', 'strange19891105@gmail.com', '1989-11-05', 'strange20617', '$2y$10$v4QuBkHKlJTR.8ITbLRGuOgT8DddIQq2S4glYj9C5PszYk.UTTpFG', '2019-11-22 00:00:00', NULL, NULL),
(199, '邱小白', '0936439396', 'thor20020524@hinet.com', '2002-05-24', 'thor84909', '$2y$10$mlwxwV58i6YDmaUsQTCu4uw7.bPHZy6o5u/ohdq6YV1Svf/CawTM6', '2018-08-16 00:00:00', NULL, NULL),
(200, '王小紅', '0936200271', 'rogers20000919@yahoo.com', '2000-09-19', 'rogers53095', '$2y$10$2DsD/j5OcoNJqaUhfWiaiOjNvwc8Sv0rH6dwmG5ey8pXemwcg0T.S', '2016-02-23 00:00:00', NULL, NULL),
(201, '邱小黑', '0936470717', 'denvers19811010@hotmail.com', '1981-10-10', 'denvers19563', '$2y$10$byb.l.eEXLvoxfLapOwJcOHbkPYFjQqW/iqegKipUK3pTsvk2aZV6', '2020-11-07 00:00:00', NULL, NULL),
(202, '高小紅', '0936543883', 'denvers20000110@hinet.com', '2000-01-10', 'denvers55268', '$2y$10$q0KBxJuDSZhOF/OiCZdQDeJqdw9z2WO20XLhwDiBOVvgDCICoG.aG', '2016-10-11 00:00:00', NULL, NULL),
(203, '邱小白', '0936219788', 'thor19990919@hinet.com', '1999-09-19', 'thor11525', '$2y$10$qlVsqOCWR5M2FOnhhoBiYOi6QhPi11ZU0SO3psjayb3OY8F4eMCv6', '2020-05-14 00:00:00', NULL, NULL),
(204, '高小藍', '0936961177', 'stark19811008@gmail.com', '1981-10-08', 'stark67049', '$2y$10$8B9xKQf.VS84eBSBmUJ.neiirf75Qv22/ahGXGbT0oyzx53HpJX5C', '2017-09-02 00:00:00', NULL, NULL),
(205, '邱小藍', '0936370084', 'rogers19800831@hotmail.com', '1980-08-31', 'rogers90131', '$2y$10$KXh74w3BRH02BUlHQAkv6uEBjmkH1epB0iZ8pIwD.n4e6VwGOBB/.', '2021-03-09 00:00:00', NULL, NULL),
(206, '高小藍', '0936186896', 'rogers20050201@yahoo.com', '2005-02-01', 'rogers97376', '$2y$10$bogeMGGiHHhAy5HZR3mvEuo0/YfPY64XDOu0DOmwWNFRQg3aUK1au', '2015-03-20 00:00:00', NULL, NULL),
(207, '邱小藍', '0936462169', 'thor19841101@hinet.com', '1984-11-01', 'thor49258', '$2y$10$axzFrqREqCjpH53ZysF5/esfK/8NOfYIcrBuEW6Ixp.i3WfmfgnR6', '2018-06-04 00:00:00', NULL, NULL),
(208, '王小黑', '0936871488', 'loki19851112@yahoo.com', '1985-11-12', 'loki34306', '$2y$10$Jo1Te/9Gjh/kuGXRLuKNv.gpOKstZWl1lD1gB.kSxZ4llv0w1vz6W', '2017-03-21 00:00:00', NULL, NULL),
(209, '謝小黑', '0936210862', 'rogers19810105@yahoo.com', '1981-01-05', 'rogers32407', '$2y$10$acl4.QJR9UPFrI/JG0StBOwQPVWrYcP4ARWb0Os2M.qIK3xNhcTky', '2017-03-17 00:00:00', NULL, NULL),
(210, '黃小藍', '0936956795', 'loki20011104@gmail.com', '2001-11-04', 'loki27946', '$2y$10$JlvpzobQ1RymqGC4H66oyeScehfTJro36gIgNFWmGSIQ3DhzwMGHq', '2018-12-01 00:00:00', NULL, NULL),
(211, '高小紅', '0936488795', 'strange20000704@hinet.com', '2000-07-04', 'strange78215', '$2y$10$R6U5wpMRDWbLeQrrkwhsgukg/GeUdwr.KAYWO/EwepLJ4XFrnkROO', '2022-01-06 00:00:00', NULL, NULL),
(212, '高小綠', '0936829014', 'jane19820910@yahoo.com', '1982-09-10', 'jane95809', '$2y$10$LWAwctXtlhUUIo4ilIVJcO1X2e.v1fgv6YKXJ2oNsqlp6f/hNZEd6', '2021-01-08 00:00:00', NULL, NULL),
(213, '王小紅', '0936497930', 'jane19850317@hinet.com', '1985-03-17', 'jane98901', '$2y$10$LxD4Buvibs2iNLuEJgqL2.6QXKQenIpZ95RGxdyaDpAoIzkfjsUTO', '2019-12-08 00:00:00', NULL, NULL),
(214, '陳小紅', '0936315622', 'denvers20040616@hinet.com', '2004-06-16', 'denvers17992', '$2y$10$5yvJt6Kfk3KdR4Jto3b0q.vKrURNKMya4eA9ZaN2e8Aj8BLiB2iDW', '2018-09-28 00:00:00', NULL, NULL),
(215, '謝小白', '0936361171', 'stark19891019@hinet.com', '1989-10-19', 'stark36873', '$2y$10$1wadt.Cywa4jGd56qWmjHu5hyS7c8jlW8Rvpp8O8VIV2JLugbkHFS', '2015-10-06 00:00:00', NULL, NULL),
(216, '朱小綠', '0936871476', 'thor20041205@gmail.com', '2004-12-05', 'thor57727', '$2y$10$xEQg/jMCp79MPg14YgkIbO.n5yOrtBvpf67esdEEbIky6J99G/BQu', '2021-02-17 00:00:00', NULL, NULL),
(217, '謝小白', '0936868873', 'stark19960118@yahoo.com', '1996-01-18', 'stark75521', '$2y$10$oshJQFsJWLqM4.pz.rBbou06Od5RhB.aJYUX2hmnXi7/uqryxCJvG', '2017-10-10 00:00:00', NULL, NULL),
(218, '陳小綠', '0936617724', 'rogers19871027@hinet.com', '1987-10-27', 'rogers70525', '$2y$10$3Nu/w7KLbewqyhYIG9CRyOpZP8HFswwTtVeILPgk0r11s.yAN.zbC', '2022-05-06 00:00:00', NULL, NULL),
(219, '陳小藍', '0936719062', 'strange20050613@hotmail.com', '2005-06-13', 'strange75060', '$2y$10$XMthKrnxKTVuH47I8Td1PeULU5DMwA8tp7f6rtFRza/8QozffHpRW', '2015-11-26 00:00:00', NULL, NULL),
(220, '邱小黑', '0936191474', 'stark19870410@hinet.com', '1987-04-10', 'stark76864', '$2y$10$raE6QWVibrQlfJ.sqKsC.uQZMAFDF6ah.u8xPPlZWGNWqW7bueUru', '2016-06-04 00:00:00', NULL, NULL),
(221, '王小藍', '0936781976', 'stark19990218@gmail.com', '1999-02-18', 'stark95443', '$2y$10$s8/DRldgCS8wOsaWU9OpSOdI/wmKfkyekEw7wTJ4DrzO/Qs0DKQI6', '2020-01-24 00:00:00', NULL, NULL),
(222, '李小白', '0936658032', 'rogers19840314@hinet.com', '1984-03-14', 'rogers69292', '$2y$10$NUjEthEGIIiBiRo4rY7VT.sSMi1aVEFcZbrSGwKLO2hJ48jSeuwMi', '2017-05-08 00:00:00', NULL, NULL),
(223, '陳小黑', '0936795481', 'strange19951027@gmail.com', '1995-10-27', 'strange45715', '$2y$10$2Fs6X9OcE93MLT3R7J0bmee2ZBW6jwru2aPIyemEo9rh0dEYQD7O2', '2020-10-04 00:00:00', NULL, NULL),
(224, '朱小綠', '0936958649', 'thor20000128@gmail.com', '2000-01-28', 'thor41946', '$2y$10$lDgQMdbv8HfV7Tz1pY8tkO5wamidicKS4izhBb1pHhmvk4mEf0muG', '2020-10-24 00:00:00', NULL, NULL),
(225, '朱小紅', '0936907902', 'rogers19851218@hinet.com', '1985-12-18', 'rogers63258', '$2y$10$8YRljiiX4VdER7AP2xzP/u8BxeUwYc6d4aiOJzl34lP96D/68wAV6', '2019-04-19 00:00:00', NULL, NULL),
(226, '陳小藍', '0936457977', 'wonda19970108@hotmail.com', '1997-01-08', 'wonda18899', '$2y$10$z9HziO/SoQnePtHCEDwTXuh4.VkK3ePOSXu9mnijLuztSSjSwDl/e', '2020-10-29 00:00:00', NULL, NULL),
(227, '王小紅', '0936610739', 'wonda19811011@gmail.com', '1981-10-11', 'wonda93033', '$2y$10$HEHBPzO35PUxPkwvzrAEo.4UCH1pAkkhdxY9/vJB1kjcU18RrJ6B6', '2015-04-16 00:00:00', NULL, NULL),
(228, '邱小白', '0936498241', 'stark19930804@yahoo.com', '1993-08-04', 'stark67102', '$2y$10$019BhSBfxLDY7WlfpjlPoOK6DqFYDH7jhDrQM2C8/IMlCi25K8ZTa', '2015-05-01 00:00:00', NULL, NULL),
(229, '林小藍', '0936549893', 'strange19830827@hotmail.com', '1983-08-27', 'strange15189', '$2y$10$xMI1ltOLVL4JC/llPugQfuKs29Wpk9lXHOyfsBvQmLW2WKgebB7Em', '2017-08-08 00:00:00', NULL, NULL),
(230, '高小黑', '0936265852', 'strange20030829@hinet.com', '2003-08-29', 'strange37708', '$2y$10$tgxHL.Bjt291q5NgLw9BwOpQ.I0ufCuwoi9cMqkAOLeJ1uQxZ9UAC', '2015-05-09 00:00:00', NULL, NULL),
(231, '黃小白', '0936511417', 'denvers19960624@hinet.com', '1996-06-24', 'denvers99705', '$2y$10$MWwPwkqw0xNUyG8soyuWguaG090hW9jpAxasb4Ib0GZVcOW.9bk8y', '2019-01-25 00:00:00', NULL, NULL),
(232, '朱小綠', '0936588459', 'strange19890901@yahoo.com', '1989-09-01', 'strange62564', '$2y$10$X9Px5XJ.8aU7PGo46s4zMOTIj6vei4yqvMAtXKvwAXra5D9eeH7sq', '2015-08-04 00:00:00', NULL, NULL),
(233, '陳小綠', '0936166811', 'strange19800212@hinet.com', '1980-02-12', 'strange83090', '$2y$10$Igp6q6Vk4jXG7xKNh7t3y.xTv3AoeRGiO2DsB/UX5UY.Rtvth99M.', '2020-08-18 00:00:00', NULL, NULL),
(234, '黃小紅', '0936297360', 'denvers20020723@hotmail.com', '2002-07-23', 'denvers27413', '$2y$10$tET/1p8W3Reen2cxah4FqepK75NJTy78.McFyZDNFHV/a.TRihk5y', '2018-07-30 00:00:00', NULL, NULL),
(235, '朱小黑', '0936466358', 'denvers20031115@yahoo.com', '2003-11-15', 'denvers83842', '$2y$10$DvqgnnpVdSu5srElyEiwJel1eB5niV6C5.RRGEkmCFsNuCtuo.ezm', '2017-05-07 00:00:00', NULL, NULL),
(236, '林小白', '0936153499', 'stark19900204@hinet.com', '1990-02-04', 'stark45080', '$2y$10$uqBfyr4Ol4WUSb1pD1HJxu.UwGULMYQigTUEV.LeOm3xhAqbZZk82', '2019-10-15 00:00:00', NULL, NULL),
(237, '謝小白', '0936166397', 'loki20030827@hinet.com', '2003-08-27', 'loki19265', '$2y$10$j/79ZW7Di3J0y5WbkEBJDu0pvhPia0U6W9CzLmERjFi/1ZeKpZIpu', '2019-12-15 00:00:00', NULL, NULL),
(238, '王小黑', '0936527576', 'strange19890319@gmail.com', '1989-03-19', 'strange82858', '$2y$10$v2YkFkH2N.hf7LBYz1Oz3OpW8EvFW0Km0S4qk9is3ElOGQvYMwqyW', '2020-01-24 00:00:00', NULL, NULL),
(239, '高小綠', '0936377986', 'wonda19920227@hinet.com', '1992-02-27', 'wonda14965', '$2y$10$w0HVeGUt5oq1350EcO2xCuYWQDggTPVblzyGMOoHaBAQHVNRaDNV2', '2015-08-09 00:00:00', NULL, NULL),
(240, '高小綠', '0936551934', 'rogers19800710@hinet.com', '1980-07-10', 'rogers60961', '$2y$10$nul4cUxpYmsCBtZJsFBLsOZ.auDTbTICRSshOPY8feL7oLYPXT8jW', '2018-07-18 00:00:00', NULL, NULL),
(241, '陳小藍', '0936750612', 'rogers19980118@yahoo.com', '1998-01-18', 'rogers88718', '$2y$10$bo9IsAcqOYiPTmWI5ZPXz.X/DJqgvyEmVmcEX0aP3y0A7rOMIpyU.', '2016-08-31 00:00:00', NULL, NULL),
(242, '李小白', '0936363501', 'wonda19911214@yahoo.com', '1991-12-14', 'wonda67688', '$2y$10$DuLI55VNJ1kJ44Q45JRLJOdMh.VObOhW1.ZHvySTz9zZ9DKbmjkAu', '2017-09-18 00:00:00', NULL, NULL),
(243, '邱小紅', '0936160235', 'denvers20010302@hotmail.com', '2001-03-02', 'denvers15013', '$2y$10$vCx1XqhW9q1T196ljECS.epAbWmDw5ROF/tZutZLmf42QJl9i6Yv2', '2021-07-28 00:00:00', NULL, NULL),
(244, '陳小黑', '0936390651', 'denvers19891101@hinet.com', '1989-11-01', 'denvers72872', '$2y$10$vtAxNXMAJ0pA17IeSwUX4O7k9h9NXQfRHtZM8hMSTuP.L98BWwRle', '2015-06-25 00:00:00', NULL, NULL),
(245, '林小綠', '0936199133', 'jane19901218@hinet.com', '1990-12-18', 'jane64652', '$2y$10$AiLEfW7o9rHETbKN7T1QmOBjNyVgLe1Jz5kk1ROmicRrVm3CBYzsi', '2018-08-31 00:00:00', NULL, NULL),
(246, '王小綠', '0936563861', 'jane19861220@hotmail.com', '1986-12-20', 'jane19468', '$2y$10$bw8UPpBvpeV5tDoxoJBmb.FEqkyx5Rar.J2j1OVXVHH5tIWVEKJG6', '2017-09-13 00:00:00', NULL, NULL),
(247, '謝小黑', '0936391591', 'stark19910718@hotmail.com', '1991-07-18', 'stark53873', '$2y$10$UqJYh//.7YP7HzbfXy2BA.Ff9ciQqSVqwjGKBZ4DPUrZDJ.0QVWKC', '2020-07-17 00:00:00', NULL, NULL),
(248, '王小白', '0936233876', 'jane19900907@yahoo.com', '1990-09-07', 'jane74992', '$2y$10$Zq5zYsb.VmoL4poM3F4qs.saRC0367Fly4XkXspfceO0qEE8nA9gS', '2016-07-12 00:00:00', NULL, NULL),
(249, '林小白', '0936108782', 'thor19901016@yahoo.com', '1990-10-16', 'thor23702', '$2y$10$u42U/MUVVHeJ4miOHMOP3effrFTmDijlXp5U9sIdnCBTjTY2qHZEO', '2015-03-11 00:00:00', NULL, NULL),
(250, '王小綠', '0936359709', 'strange20010716@yahoo.com', '2001-07-16', 'strange36177', '$2y$10$j5c58raa8b6POvjeg/ui3uYKsESBBeWJkUqeNV1L5oupXKvjFMQKO', '2015-10-11 00:00:00', NULL, NULL),
(251, '李小白', '0936348785', 'denvers19920911@hotmail.com', '1992-09-11', 'denvers55464', '$2y$10$0SR.1uFVDKBpikNWvwwYpuQUgt8kjNdgHe/XsqtMjw3Iun12Dg74O', '2019-05-17 00:00:00', NULL, NULL),
(252, '朱小紅', '0936854940', 'stark19900112@gmail.com', '1990-01-12', 'stark53585', '$2y$10$CMIzVQjq/dXMVmuxUmnY2OI16R5Z2pVlBSR6w8QV58FPXRapbeF3O', '2019-07-06 00:00:00', NULL, NULL),
(253, '黃小白', '0936329764', 'stark19860612@hotmail.com', '1986-06-12', 'stark84597', '$2y$10$RwaYArgxh6jAWskt9/lRMODOhX/WqxZtwRMPtltdAwsOSX508mL5S', '2017-04-23 00:00:00', NULL, NULL),
(254, '王小藍', '0936395920', 'denvers19830807@hotmail.com', '1983-08-07', 'denvers40760', '$2y$10$V0ylkqK1ctHi6RMVCnBGvO/aRv7b4FhWVmK1qDWJiOvEHAJcwtG2m', '2018-05-20 00:00:00', NULL, NULL),
(255, '謝小藍', '0936415281', 'stark20050122@yahoo.com', '2005-01-22', 'stark50159', '$2y$10$3zmdkn.A8aYL7r8UEWJyl.PgEMp2.0iyWfOAkEVuVGaKiWW5FsGZC', '2015-04-25 00:00:00', NULL, NULL),
(256, '謝小紅', '0936983881', 'wonda19831218@yahoo.com', '1983-12-18', 'wonda47321', '$2y$10$P8aqj2kStps0oxFGtXcVHu7TrC.y/Fmklku4k62GkUpCkv4c.1Y2e', '2021-12-03 00:00:00', NULL, NULL),
(257, '謝小綠', '0936984122', 'wonda19860111@yahoo.com', '1986-01-11', 'wonda93065', '$2y$10$0r79M7NZoBLWB5tZYLRAk.Tj1MxaIhcyNe8YKe8uFDfwi3MyYz.du', '2022-05-19 00:00:00', NULL, NULL),
(258, '李小黑', '0936154910', 'wonda19930113@gmail.com', '1993-01-13', 'wonda50128', '$2y$10$Cp37JYjruURTRxWw8kTnJegfO8DNpYKtPQWYt5qOkMdq56TzMi4sG', '2017-10-01 00:00:00', NULL, NULL),
(259, '黃小綠', '0936693408', 'denvers19860723@hotmail.com', '1986-07-23', 'denvers27219', '$2y$10$AwqBW2ZWWKoou38kGAs2i.knkGPP5xk.xG1bAnxubRMQ/nrG2LArS', '2017-06-04 00:00:00', NULL, NULL),
(260, '謝小白', '0936775623', 'loki19810811@gmail.com', '1981-08-11', 'loki41641', '$2y$10$zoD2X0yCG1M2gFot1TNZJO7MP/eOLhqn9N33A13tcJGbfaIVE6G3C', '2020-11-23 00:00:00', NULL, NULL),
(261, '謝小藍', '0936519610', 'loki19950825@hotmail.com', '1995-08-25', 'loki52135', '$2y$10$YftspsGX5iStAs0YOwiNQOi0D3KmuM4LDGnQxpsjMJvtkVxJFsmX2', '2015-02-14 00:00:00', NULL, NULL),
(262, '林小白', '0936134010', 'strange19970509@hotmail.com', '1997-05-09', 'strange52427', '$2y$10$/EguiorzTEfwDTvqbVkHg.he47AaMooH9SVmmooTQDTiswNAS4FX6', '2021-08-22 00:00:00', NULL, NULL),
(263, '林小藍', '0936676707', 'strange19991130@hinet.com', '1999-11-30', 'strange12729', '$2y$10$cTDpkfnhEHCs.ygWnBZTrOfnDN7swxhcHLZiZzLFfErpB6mJKq5aq', '2020-07-26 00:00:00', NULL, NULL),
(264, '朱小綠', '0936312499', 'strange19960323@yahoo.com', '1996-03-23', 'strange11538', '$2y$10$uM344pqaotkLzopR/PD1yufjpwkOY/mabeOZdvEc8Jb1psTf92rSm', '2021-04-30 00:00:00', NULL, NULL),
(265, '陳小黑', '0936751667', 'wonda19870122@gmail.com', '1987-01-22', 'wonda35421', '$2y$10$u3.D7/392jtAM9SxcYrmBuUv/NK4FEP7Q2gG4LPrZN7MdSyiTZSP.', '2020-08-07 00:00:00', NULL, NULL),
(266, '李小藍', '0936889448', 'rogers19810919@hotmail.com', '1981-09-19', 'rogers53379', '$2y$10$l2YeQ4Au81HEGAJrisnZGO2tXKa4DLP.qKHfk6atFUsI6nTmNtPLu', '2020-09-01 00:00:00', NULL, NULL),
(267, '高小白', '0936561081', 'denvers19840630@hotmail.com', '1984-06-30', 'denvers82530', '$2y$10$0Y7EpWDOZ.yjUNxT13VgSeH51exiK94aRQzx7s6.03EF6YIRhld8W', '2021-11-08 00:00:00', NULL, NULL),
(268, '朱小綠', '0936914659', 'rogers20020804@hinet.com', '2002-08-04', 'rogers35425', '$2y$10$rhRJfKB9YQI6uB1AjqRW4uLJV2kOUAj.79dHvE../HVLkZ8.pgl0e', '2019-11-29 00:00:00', NULL, NULL),
(269, '謝小藍', '0936230383', 'jane20050403@hotmail.com', '2005-04-03', 'jane44774', '$2y$10$ks5SMjFsNheACq52dZsMxOGLda.HYt49q10cjSZLGl6ojSBMDjZXy', '2017-12-08 00:00:00', NULL, NULL),
(270, '謝小黑', '0936566153', 'loki20021025@hotmail.com', '2002-10-25', 'loki12921', '$2y$10$1TCJ9DOiKvHyVo9TGz01/Osui8gm5rSgaNqlym/.IrYwAAQBzFrBm', '2017-07-09 00:00:00', NULL, NULL),
(271, '謝小藍', '0936248796', 'thor20050725@yahoo.com', '2005-07-25', 'thor21527', '$2y$10$87WDrzRN7BgD80z693Uz8uastlhzc69Hz.R6Xg0d9QVFjwbBd3fg2', '2017-09-04 00:00:00', NULL, NULL),
(272, '陳小黑', '0936739173', 'jane19800412@yahoo.com', '1980-04-12', 'jane22578', '$2y$10$GMmplScTwsHRltLOk3hJo.F3B9dj7U8V.q7M8cPD.UPF7gq.aAdRu', '2015-02-28 00:00:00', NULL, NULL),
(273, '李小白', '0936829317', 'thor19860117@hotmail.com', '1986-01-17', 'thor45057', '$2y$10$sPdOCgnUOK5NNzsZIhHHU.s/zAF2RAw7KZV3I3hqnghvatowDmL9W', '2018-04-27 00:00:00', NULL, NULL),
(274, '高小綠', '0936456028', 'wonda19921006@gmail.com', '1992-10-06', 'wonda14635', '$2y$10$uHt1IOCtQpbJVt06YkhBXezt1eZLpXkNDFmJlG2Y51fhlZyHbdxra', '2017-09-02 00:00:00', NULL, NULL),
(275, '陳小藍', '0936196921', 'loki19831214@hotmail.com', '1983-12-14', 'loki35041', '$2y$10$JvbUxRubhSe/x6Y35DTEFuEV/7Kqrx4IPBSSdX2DmJyhJoIbvSp5a', '2021-09-26 00:00:00', NULL, NULL);
INSERT INTO `customer_data` (`customer_id`, `name`, `mobile`, `email`, `birthday`, `account`, `password`, `creat_at`, `address`, `point`) VALUES
(276, '林小紅', '0936304974', 'denvers19980829@gmail.com', '1998-08-29', 'denvers82439', '$2y$10$6xMA3hGTOn6X504VJ8BVJOd5HKCHYARX8HwFBsmDF/EMYQ1GdO3xK', '2022-04-11 00:00:00', NULL, NULL),
(277, '林小綠', '0936761954', 'denvers20040421@gmail.com', '2004-04-21', 'denvers98465', '$2y$10$3P3ICBOQCt4a4Gugtmb9yu/lnBqyPe/uHgVfu/vz8Tgl5mQOPt2je', '2019-01-04 00:00:00', NULL, NULL),
(278, '李小綠', '0936570922', 'thor19830317@hinet.com', '1983-03-17', 'thor71278', '$2y$10$cPgdpkyBLYyEeoOduZUbFO8RXEMFtJ7kxI0A/Pk6HiJ/TZ8.hTNRa', '2020-07-17 00:00:00', NULL, NULL),
(279, '林小紅', '0936399520', 'jane19890102@yahoo.com', '1989-01-02', 'jane15546', '$2y$10$jqU5j48YiZx3lkEBuueOfO.vO.7xUag5m7pfV3.OE3IIrT5lBbV32', '2021-10-17 00:00:00', NULL, NULL),
(280, '高小綠', '0936938502', 'wonda19930131@hotmail.com', '1993-01-31', 'wonda94184', '$2y$10$KzeUPsMzBwRTJiAisETYY.s5FOwY1/pOAvIx5hn1qQ73V7xd8B9yO', '2018-10-22 00:00:00', NULL, NULL),
(281, '林小紅', '0936597819', 'stark19830503@gmail.com', '1983-05-03', 'stark17998', '$2y$10$O7oiNB9/EXDtSbOLDdQHDOdjv6fl.CSJJ7lHMLIK6UiUhq9bo7Zdq', '2020-08-28 00:00:00', NULL, NULL),
(282, '朱小藍', '0936471454', 'loki19840806@yahoo.com', '1984-08-06', 'loki74701', '$2y$10$Eo9IfREkxHs/mWkAn2/CWeo15HTagIfCsIPImAh/1h73D9VhktHze', '2017-06-13 00:00:00', NULL, NULL),
(283, '朱小白', '0936231953', 'rogers19891205@yahoo.com', '1989-12-05', 'rogers87593', '$2y$10$b9WSUWWaH5BUCZiZu0EzhuQAaqsl1FdGo6WIvZcyGUorIKATNdmYO', '2020-06-22 00:00:00', NULL, NULL),
(284, '黃小白', '0936845916', 'loki20040403@hotmail.com', '2004-04-03', 'loki67354', '$2y$10$GPD3xTmOVBAygg.H69DPQutVtPSrlmgvwE7.uXYQxD.VRtP1g3ZVm', '2016-06-13 00:00:00', NULL, NULL),
(285, '高小綠', '0936665302', 'wonda19960111@hotmail.com', '1996-01-11', 'wonda29148', '$2y$10$C5XkzcVuIJ883XgjjG3Lfe1iwJF0MdlDHe9gtHbrSsl0pIXV0mxpy', '2016-05-07 00:00:00', NULL, NULL),
(286, '林小紅', '0936568964', 'jane20030607@hotmail.com', '2003-06-07', 'jane71112', '$2y$10$8Cb0HGs38Ak8m1u46AxlaeRODzaZptEJFLFLvHeL6zmsT5D7LL3KO', '2016-01-03 00:00:00', NULL, NULL),
(287, '王小紅', '0936549891', 'rogers20040618@hotmail.com', '2004-06-18', 'rogers12458', '$2y$10$gAHN30s39IBVr.H/xBrMAOtV3ZeZSlNPE/TnqYpOHRKHJJTGy1hRi', '2019-08-19 00:00:00', NULL, NULL),
(288, '謝小黑', '0936921940', 'rogers19891114@hotmail.com', '1989-11-14', 'rogers56336', '$2y$10$SrxdRA9o/ZMhKRjXnZd18.RhMRsnUizuXvD0yM75Y7gtvej7H8c86', '2015-01-28 00:00:00', NULL, NULL),
(289, '邱小白', '0936273416', 'jane19850408@hotmail.com', '1985-04-08', 'jane24456', '$2y$10$xguSWnUJFGQZb6lU.B2zS.m/19S1da6gj0P2eiSmWAq8avUIlcDN6', '2022-05-29 00:00:00', NULL, NULL),
(290, '黃小黑', '0936885418', 'strange19870802@yahoo.com', '1987-08-02', 'strange57761', '$2y$10$a2GQcTMDufA39JYdy1GBnOO5cHr5i6FycYkiKRnKvPg9i2aX5jKGC', '2018-03-15 00:00:00', NULL, NULL),
(291, '李小藍', '0936905862', 'thor19910427@hinet.com', '1991-04-27', 'thor32957', '$2y$10$z8JVL23CMDspPtCo8Gpd2u5wTxJ.iJ.TdvRcVHwd02RTjZp/Wc.zG', '2020-07-11 00:00:00', NULL, NULL),
(292, '李小黑', '0936637424', 'wonda19820110@hinet.com', '1982-01-10', 'wonda36084', '$2y$10$6iL2GCwkhdy2miiuGPRsI.ldVoWbBMtYsQ7EeHiYQi2kL7sneMiTu', '2015-05-01 00:00:00', NULL, NULL),
(293, '李小白', '0936586739', 'jane19991225@gmail.com', '1999-12-25', 'jane99829', '$2y$10$kSPIz3t5g0WVjJguAa7trOM0L0l9nlXORJsgMZtb2gdCJ7WKKHFdO', '2022-02-22 00:00:00', NULL, NULL),
(294, '王小藍', '0936331519', 'wonda19960529@hotmail.com', '1996-05-29', 'wonda43752', '$2y$10$0gvuwujDOdOmEP2S1Uy0qOdL9BfX4/p7cTFhbHyGA6fDf7YGOrUf.', '2020-03-22 00:00:00', NULL, NULL),
(295, '李小白', '0936513722', 'jane19890705@gmail.com', '1989-07-05', 'jane53043', '$2y$10$ubS7WtJCFir0nlrotujwYOob4PexzIOra5weITUEZ.tpzLeIND/GC', '2020-04-27 00:00:00', NULL, NULL),
(296, '謝小綠', '0936408510', 'jane20050810@gmail.com', '2005-08-10', 'jane15731', '$2y$10$ASs2EIIKYRBtrkmg1S5oo.UcBFFWztpkZZ.saH8yiZtRuyqZNka1S', '2019-05-10 00:00:00', NULL, NULL),
(297, '王小黑', '0936122927', 'jane19811219@yahoo.com', '1981-12-19', 'jane16272', '$2y$10$SW0Ix/RcxcK2sRILbvBOieZdAzJDruQPkF.cdMaKwmTn2l5FxmUb2', '2018-06-02 00:00:00', NULL, NULL),
(298, '謝小紅', '0936336050', 'strange19840324@gmail.com', '1984-03-24', 'strange96414', '$2y$10$wkfObfovvKsD3cG1bCQ2Mukk4GBw0v.y7.8aTheEL/d9T7tRp/3Va', '2021-11-07 00:00:00', NULL, NULL),
(299, '邱小綠', '0936446172', 'thor19960818@hotmail.com', '1996-08-18', 'thor65549', '$2y$10$be10ZdvO0dJBzM.04jGs7OD95RnkDR53ZWiUTc2pgTPTmgr89xf1C', '2016-11-28 00:00:00', NULL, NULL),
(300, '王小綠', '0936534845', 'jane19801210@hinet.com', '1980-12-10', 'jane48312', '$2y$10$.k5/T6/R3/xDFZDMh0LU0uOHfLb5uUbP9XNlT/ZoscF44WEtcVEzS', '2017-01-04 00:00:00', NULL, NULL),
(301, '高小黑', '0936105771', 'thor19820415@hinet.com', '1982-04-15', 'thor63326', '$2y$10$G6Y5mBSTCUPFwlZeJCaynO5PYh5WTY3qr1JqzkpG7I3IymgFy9aUW', '2019-03-06 00:00:00', NULL, NULL),
(302, '李小藍', '0936359993', 'wonda19831025@yahoo.com', '1983-10-25', 'wonda58892', '$2y$10$LPwzUZjZ4jxYtf4wsFfa..ZiACymfJhKw.RWQ64sYg6S4jNceF6lq', '2021-01-01 00:00:00', NULL, NULL),
(303, '黃小藍', '0936401000', 'rogers19811011@gmail.com', '1981-10-11', 'rogers67843', '$2y$10$CrcB/xIvDMLaYQIFteDBweYOP7a/WvyKE.UpBJ5mQZn7RTILAgiSa', '2022-04-05 00:00:00', NULL, NULL),
(304, '李小綠', '0936760119', 'thor20020520@hotmail.com', '2002-05-20', 'thor29909', '$2y$10$U/2j0tj1GFdX3gVpZR6gW.uSTtM4n1dbtjvY6neXRsQT5JfJXhuXm', '2015-12-29 00:00:00', NULL, NULL),
(305, '王小紅', '0936789889', 'rogers20011129@hinet.com', '2001-11-29', 'rogers91105', '$2y$10$1eer7t.Nbq4dF5pO7M8ZVe5cr2WkK/01md7nwLKL.HBYg/xQ5BgDq', '2016-01-03 00:00:00', NULL, NULL),
(306, '林小紅', '0936423559', 'rogers20001114@gmail.com', '2000-11-14', 'rogers51862', '$2y$10$dPXaRZvm9ONvzsNVzUvisOh50wVrAt1mHQQTPcP4ueiFdc4KBkdHG', '2020-09-13 00:00:00', NULL, NULL),
(307, '林小白', '0936622466', 'rogers19830521@hinet.com', '1983-05-21', 'rogers88057', '$2y$10$dZSYzsWO797wYhgNe5ianehGvdQItKxVVf.UMAHsX8OVTa70lGGfu', '2018-02-03 00:00:00', NULL, NULL),
(308, '李小白', '0936230624', 'strange19920711@hinet.com', '1992-07-11', 'strange27052', '$2y$10$WoIdhxTr6kUuWo/zbaT.R.rzkctXIu5/3AuJXVsVbB.xPugApoy1C', '2015-04-11 00:00:00', NULL, NULL),
(309, '陳小紅', '0936242652', 'wonda19830414@hinet.com', '1983-04-14', 'wonda82667', '$2y$10$IRUrfOgbyyTXIQFr6Ep3HOTKxwiGb2AQMrAL9qZICCxEiIFDe2xGK', '2017-01-10 00:00:00', NULL, NULL),
(310, '黃小紅', '0936473801', 'wonda19910510@yahoo.com', '1991-05-10', 'wonda89635', '$2y$10$EaSIGNRVkiwZypgQt.N5I.mxvv/gC8D1tYHZB6P4DUoYbpba5OEXu', '2019-11-05 00:00:00', NULL, NULL),
(311, '李小黑', '0936491604', 'stark19930502@hinet.com', '1993-05-02', 'stark99057', '$2y$10$mZc29yBp9Ki1mbaMVkLi0u8ZgRlfAODge7HFwnmuMMQZOxfEsNoVS', '2022-01-26 00:00:00', NULL, NULL),
(312, '王小藍', '0936123577', 'jane20010128@gmail.com', '2001-01-28', 'jane83354', '$2y$10$M.nVMmWmGqg4L3bwRn6vHuuZN9CEcFta33ri2BQ1JWf84vRsWHMSu', '2016-01-06 00:00:00', NULL, NULL),
(313, '高小藍', '0936227356', 'wonda19940329@hotmail.com', '1994-03-29', 'wonda19401', '$2y$10$VY1Bk1O1CxRq0y9vaBPTaOZycUtVnONhUNbvWfInHGv3VU9vig6pe', '2018-10-22 00:00:00', NULL, NULL),
(314, '林小紅', '0936498791', 'wonda19920829@hotmail.com', '1992-08-29', 'wonda72278', '$2y$10$GanSxvUXBbf.6QpduWmmTOkSrFK511sp76fXLvtP/Jzrlk3z108hu', '2021-03-28 00:00:00', NULL, NULL),
(315, '王小白', '0936931106', 'loki20010313@yahoo.com', '2001-03-13', 'loki47701', '$2y$10$6OgrQ1OwV7Y.VBy84XCvHe4DIba2/2KHHhDZjxBToIVmLsmT4gJBK', '2021-08-15 00:00:00', NULL, NULL),
(316, '王小藍', '0936291626', 'wonda19881215@hinet.com', '1988-12-15', 'wonda31713', '$2y$10$ZXiWrYgx2mJhT6m0GbB2Q.GjeqrYVNyvC3SdORUZE4dcx05jIC7We', '2018-11-08 00:00:00', NULL, NULL),
(317, '邱小綠', '0936917100', 'stark19900315@gmail.com', '1990-03-15', 'stark45954', '$2y$10$4kFl1hzGdRNvl5qfFuV.teH39I66Kis8cWGYGJndCGWEtRFw/lQny', '2021-04-06 00:00:00', NULL, NULL),
(318, '邱小黑', '0936342884', 'stark19970119@yahoo.com', '1997-01-19', 'stark86315', '$2y$10$SE1KqxaahB8xpQ8U/8gAhe7WuElUfPNODenkoDyzghlRucyxv68OG', '2017-08-29 00:00:00', NULL, NULL),
(319, '邱小藍', '0936570007', 'strange19850803@hinet.com', '1985-08-03', 'strange17296', '$2y$10$6YXtC49hITx40p60.tcJluFf/Oh2kcJGx703Wbx16J/1dHrszYFsW', '2016-05-03 00:00:00', NULL, NULL),
(320, '王小黑', '0936182199', 'wonda19970807@hotmail.com', '1997-08-07', 'wonda61689', '$2y$10$36hvFhxJAjY0iJ5nGN9yGuGOhftRmS3YVdN8VmF8pcDOppwzzoxW6', '2021-12-15 00:00:00', NULL, NULL),
(321, '朱小白', '0936855500', 'wonda19891208@yahoo.com', '1989-12-08', 'wonda54956', '$2y$10$WCu/CkCsgtfVtfS2UNAvFuKhLq7aV/TNNvwPmyX33EtG5.Hs6tLVC', '2017-06-06 00:00:00', NULL, NULL),
(322, '朱小綠', '0936667922', 'rogers19810406@hinet.com', '1981-04-06', 'rogers25205', '$2y$10$ISIhyj1dsujunJidk83iwuVOgeTOJhADbxuLlE7eysKKtzuHpD6ES', '2021-09-26 00:00:00', NULL, NULL),
(323, '高小白', '0936255043', 'strange19990212@yahoo.com', '1999-02-12', 'strange90602', '$2y$10$Ijty0auQzpZI9ZtxIE.NUe8u5oS0w5b0uyEA22Gy3.5ZeKyxu.nwi', '2016-08-23 00:00:00', NULL, NULL),
(324, '高小綠', '0936208631', 'stark19971213@hinet.com', '1997-12-13', 'stark26069', '$2y$10$lHX0dOqgH/qQtyuMSxB26OlxmwQ14yH1OzaqQM6UUO97/OXEA/fGq', '2017-10-02 00:00:00', NULL, NULL),
(325, '邱小綠', '0936950054', 'stark19990326@gmail.com', '1999-03-26', 'stark51245', '$2y$10$itlenofmUyqW7gp0nyuvAegQG8dx3XlfsCDtnLNJvVJvTi/bquAoW', '2016-09-13 00:00:00', NULL, NULL),
(326, '陳小白', '0936778645', 'wonda19860220@yahoo.com', '1986-02-20', 'wonda77756', '$2y$10$TTPF4RjCbEGOHeh6wwZlF.whmPmbWjnz/JoQahwYcRvYrFXiTqqJC', '2019-05-27 00:00:00', NULL, NULL),
(327, '李小白', '0936203580', 'denvers19990503@gmail.com', '1999-05-03', 'denvers12140', '$2y$10$BDk/8w7JzIxJdCyVdO.RY.lPcRPZCN3vwLpQ.fuj8jX80bXH6pkDm', '2016-03-18 00:00:00', NULL, NULL),
(328, '王小白', '0936113273', 'wonda19930816@hotmail.com', '1993-08-16', 'wonda51748', '$2y$10$wtdtLXQnZndPd/DSZ9W5PeHZpbiKD0l/Egl7hkS5HgJljnnOa1ciO', '2021-03-10 00:00:00', NULL, NULL),
(329, '王小紅', '0936686998', 'thor19990525@hinet.com', '1999-05-25', 'thor56007', '$2y$10$WHnIOt0N3BLshx.oHX/hsOlkPyhvZ6emSjAcdPVzJyJhNhi7jg7Ia', '2016-10-26 00:00:00', NULL, NULL),
(330, '李小黑', '0936245819', 'strange19900912@yahoo.com', '1990-09-12', 'strange19622', '$2y$10$CMbvWFA4iTu5IVtP3QtzX..8PtBhqktGP5Fq9l8NdAZuOUzgeZlee', '2017-03-13 00:00:00', NULL, NULL),
(331, '林小白', '0936301022', 'wonda19850128@yahoo.com', '1985-01-28', 'wonda16102', '$2y$10$6jGaYfncX5Jw5icMDtzla.Yj0JXlD2yvtaTgnTFXV9gjMSPKLHoCK', '2020-04-24 00:00:00', NULL, NULL),
(332, '黃小紅', '0936724791', 'stark19960531@hinet.com', '1996-05-31', 'stark85955', '$2y$10$2c1vtSQ7ey2Vx6mL92sUlOouFZZEtwmvOYXtYjijd2ToIdiCaRAFi', '2016-10-28 00:00:00', NULL, NULL),
(333, '邱小紅', '0936390953', 'jane19880301@gmail.com', '1988-03-01', 'jane85291', '$2y$10$3BTaiGSAVLriwhTz1Tqdxeo3bDZG5/FxEoHE05700IDbaHY7aQZny', '2018-11-25 00:00:00', NULL, NULL),
(334, '邱小藍', '0936205836', 'thor19800910@gmail.com', '1980-09-10', 'thor79168', '$2y$10$bz0IX/.66Os88XyoGfraz.ubiE6A7QPafIWg5/CZXxaBwAy5LmgYq', '2018-12-12 00:00:00', NULL, NULL),
(335, '王小黑', '0936466420', 'denvers20010522@gmail.com', '2001-05-22', 'denvers70590', '$2y$10$dLbm46Rtff0O/1.xLkAZT.wyaL9IRw7Bz.A9ZMNLcAxQL4mVTRfrO', '2017-06-25 00:00:00', NULL, NULL),
(336, '林小藍', '0936916593', 'loki19880913@hotmail.com', '1988-09-13', 'loki21251', '$2y$10$Bm2d/BPfrSFd6KedmPF6cuVk92Q14AicUShv3KxCIH6.6VSSmR9Qm', '2016-02-11 00:00:00', NULL, NULL),
(337, '黃小紅', '0936940106', 'loki19840525@yahoo.com', '1984-05-25', 'loki25062', '$2y$10$kUe4ei2GpxO6iNPiZEofMOo6v9/N6vr0ItyrCVR3UUeX.dbAmo7vi', '2018-07-27 00:00:00', NULL, NULL),
(338, '林小紅', '0936998320', 'stark19960321@yahoo.com', '1996-03-21', 'stark49376', '$2y$10$BtIC8y5VYsKD3A8RyHqvo.BQGBPA03Tn2Knl/oa6KDJQLR9Scd2Di', '2021-09-02 00:00:00', NULL, NULL),
(339, '王小黑', '0936561724', 'thor20050213@hotmail.com', '2005-02-13', 'thor63207', '$2y$10$dzCuE5sxWsltp0JKz9Nt4Oc94l4NFE2b8MX09Km.vJKUg3kNqv2rq', '2020-10-15 00:00:00', NULL, NULL),
(340, '高小黑', '0936846307', 'stark19920626@hinet.com', '1992-06-26', 'stark72577', '$2y$10$dbwQm5wmQZ.XKdNAvgu7m.rZSfQQjJFuW6yl55ouhbbgi1p8pXwzC', '2019-12-31 00:00:00', NULL, NULL),
(341, '高小綠', '0936594090', 'stark19860719@gmail.com', '1986-07-19', 'stark58474', '$2y$10$xr.K50INPo/qzv28obTWY.SNIY0xRR31dmX38qOAFOrL6X4.pXU1a', '2015-03-14 00:00:00', NULL, NULL),
(342, '陳小藍', '0936111557', 'jane19930414@hotmail.com', '1993-04-14', 'jane82276', '$2y$10$EmRBwh88IBZYU/Yv94gM3OGoS.O6SPm73W3QHM6pG0DFs952iI6Im', '2016-09-08 00:00:00', NULL, NULL),
(343, '高小紅', '0936608981', 'wonda20010918@hinet.com', '2001-09-18', 'wonda40301', '$2y$10$DFlIpPvABKqdCtqiuYtPOe55cGEYCtb.T60Tt1FVAWwQZtdbfY8M2', '2020-09-15 00:00:00', NULL, NULL),
(344, '陳小藍', '0936577354', 'jane19890821@gmail.com', '1989-08-21', 'jane21071', '$2y$10$Hr9R7b2jdiTKtcx1lBY7LuQM03gqxgCLwILi1k6NsHZWDJr7foV9m', '2022-05-21 00:00:00', NULL, NULL),
(345, '朱小黑', '0936714749', 'strange19940610@yahoo.com', '1994-06-10', 'strange92602', '$2y$10$xzCHN9cBGzdGI/iK/zERi.6m2PfjaM2tx43e5RMrbOZtkqQy9rm/K', '2015-01-23 00:00:00', NULL, NULL),
(346, '林小白', '0936908866', 'strange19910220@gmail.com', '1991-02-20', 'strange72660', '$2y$10$4rWEfns1GUMhNw/52ttCAOJGZJmyRBmJxAFVxMW/0.bKC3aFj/xdG', '2019-11-01 00:00:00', NULL, NULL),
(347, '高小紅', '0936906478', 'wonda20030916@gmail.com', '2003-09-16', 'wonda24475', '$2y$10$ScDhlpLuLX8YpCCejZyl5eGVftdDoxLVr6Emxkh1gwlQObhisGGN6', '2021-01-02 00:00:00', NULL, NULL),
(348, '邱小綠', '0936647374', 'stark19961011@yahoo.com', '1996-10-11', 'stark34942', '$2y$10$5ypaDJIiG2/wkGVf45lwheStlp2r4RFHVOigM2tACajoyeEZmxhOO', '2015-05-08 00:00:00', NULL, NULL),
(349, '黃小白', '0936689617', 'jane20030505@hotmail.com', '2003-05-05', 'jane17362', '$2y$10$ajSFzDw2ENfQY/BYhYdOM.oT3gAvRfu6HfQ24VCCvey91vBwv45PS', '2020-02-26 00:00:00', NULL, NULL),
(350, '陳小綠', '0936169344', 'denvers19990725@yahoo.com', '1999-07-25', 'denvers14624', '$2y$10$L9NPTxnBSxaaFVi8vBDI..X41JIatKDoolO36xu16Ao01jgwcd/UO', '2015-05-19 00:00:00', NULL, NULL),
(351, '謝小綠', '0936863622', 'rogers20050519@yahoo.com', '2005-05-19', 'rogers41305', '$2y$10$xDZNhiymGmMot97C1KCjIOJqBlPjPBNXg6F1rExgcWJsqXvDfBkX.', '2016-10-28 00:00:00', NULL, NULL),
(352, '謝小黑', '0936940145', 'stark19971206@hotmail.com', '1997-12-06', 'stark12085', '$2y$10$egz1r1Mu571r/66.7E5OgORZ8BRfnMm5/aWdDlNY.J3W17mNaK23q', '2022-02-07 00:00:00', NULL, NULL),
(353, '黃小白', '0936598135', 'loki19910805@yahoo.com', '1991-08-05', 'loki32234', '$2y$10$lRVJiEQotfxIMEf8gi45lO0LZAo6NFSlxV1ejxJ74.yfEcBFNdVXm', '2015-07-15 00:00:00', NULL, NULL),
(354, '黃小白', '0936891443', 'rogers19970519@gmail.com', '1997-05-19', 'rogers34207', '$2y$10$qCDLILoYFcwJVjpQNOOiE.4PQqaDcFcWE43z9UDsC5wYg4qyhPTXG', '2015-03-12 00:00:00', NULL, NULL),
(355, '朱小黑', '0936520869', 'denvers20050416@gmail.com', '2005-04-16', 'denvers48799', '$2y$10$5UypC1P898hNrdTTjg8Lzu.BFrUV4d0iEKzobA0SjZu3glkAQMgJW', '2021-08-08 00:00:00', NULL, NULL),
(356, '邱小白', '0936864825', 'denvers19881023@gmail.com', '1988-10-23', 'denvers73474', '$2y$10$qeA4uglYG2F9/1tFpR..Ee3ylEO6CZhe9uv1VJl0tX6eWEt.D0Uiq', '2019-04-23 00:00:00', NULL, NULL),
(357, '邱小綠', '0936931187', 'thor20040611@yahoo.com', '2004-06-11', 'thor57992', '$2y$10$qAHi/itk659pyWohAQ8mb.hsEdH3fesesXdvsX9U9HDpq56IIdka2', '2018-04-06 00:00:00', NULL, NULL),
(358, '陳小黑', '0936373298', 'jane20040207@hotmail.com', '2004-02-07', 'jane20756', '$2y$10$FU695TUoFsJtxLKnW64jyu5spSjEIpl9jiG.kQJQzjUfJs2dRokXC', '2019-08-14 00:00:00', NULL, NULL),
(359, '高小藍', '0936479716', 'strange19960525@hotmail.com', '1996-05-25', 'strange18297', '$2y$10$6AHvXpqhYqruqa1fSvWEp.UYT/a9oECU.MvvOB3HApuoUI4qRlbzq', '2019-12-22 00:00:00', NULL, NULL),
(360, '邱小紅', '0936825175', 'denvers19801205@hinet.com', '1980-12-05', 'denvers13617', '$2y$10$gqlBwvhneSg.nLs1XAaREuF./WBuXUd.yxN80JTJWA/jQgifKIx5i', '2018-11-16 00:00:00', NULL, NULL),
(361, '高小藍', '0936893319', 'strange19890712@yahoo.com', '1989-07-12', 'strange19549', '$2y$10$hdhoNtHI/khMvQD5AHP0KO52mKML1cUQ8Ye4lM5ec8ab6/K2snxbm', '2016-01-18 00:00:00', NULL, NULL),
(362, '林小黑', '0936597325', 'thor20050331@hotmail.com', '2005-03-31', 'thor91363', '$2y$10$yPpv54t.o/ur9pkcpArw5e95U.61oZHt72owIaYcUjWQw7YjUsDfq', '2015-08-30 00:00:00', NULL, NULL),
(363, '林小藍', '0936197699', 'jane19890223@hotmail.com', '1989-02-23', 'jane55876', '$2y$10$nrpNLpsuYwWhkdpKl.ldqusi7ELDSdG9Y0vNaglQSp8dQP04pu.1u', '2019-04-03 00:00:00', NULL, NULL),
(364, '李小白', '0936946663', 'stark20050205@yahoo.com', '2005-02-05', 'stark63277', '$2y$10$ld8Pkfi3DN8b.QB00WdaP.dP8akYQt8p9uMMnm1gAktrkTIrRcVEO', '2016-01-30 00:00:00', NULL, NULL),
(365, '朱小紅', '0936741083', 'loki19890409@hinet.com', '1989-04-09', 'loki89748', '$2y$10$Zl84K8AkcvBi6yil0akGTeJ/PZr6g4xv7oAOzIAiqShHkBM4y/LZm', '2017-10-11 00:00:00', NULL, NULL),
(366, '陳小黑', '0936613962', 'thor19870619@yahoo.com', '1987-06-19', 'thor50545', '$2y$10$P9dqbeQ2HwwJ6JRpsoF1oeiSKNtoO60YsLUHhNQLBn10sFif6v4vO', '2016-01-14 00:00:00', NULL, NULL),
(367, '謝小藍', '0936316376', 'jane19971017@yahoo.com', '1997-10-17', 'jane59566', '$2y$10$c9nso76mqtav/9ktpsJWa.3dbBMPD5Kj0norbjsr5zueJhKy2.M/a', '2018-10-23 00:00:00', NULL, NULL),
(368, '王小紅', '0936422792', 'wonda20050111@yahoo.com', '2005-01-11', 'wonda34569', '$2y$10$924vbTLx67Y/PSz90Xhwk.eeP/JWuYdk6hxBRYK.eJz4HkRH7M/na', '2015-10-19 00:00:00', NULL, NULL),
(369, '王小綠', '0936395542', 'thor19800910@hotmail.com', '1980-09-10', 'thor62521', '$2y$10$5fpYlz0zMgo9r928DL.eO./qvXEwTjlI4TXKbAagl.zI43gWKAwr6', '2017-08-23 00:00:00', NULL, NULL),
(370, '黃小紅', '0936405093', 'thor20020610@gmail.com', '2002-06-10', 'thor68938', '$2y$10$pJbDhFEBdiMaji25Dq7tLuJhQ9ocWk1paWM2BVZelPjMooRmIGkNm', '2016-08-20 00:00:00', NULL, NULL),
(371, '謝小紅', '0936425681', 'denvers19830811@yahoo.com', '1983-08-11', 'denvers45805', '$2y$10$x7fy/7sJ94gZdN19tbknxO2DFoBE/Cie0XM8ATKI8l/sIo6UbsCiK', '2015-05-23 00:00:00', NULL, NULL),
(372, '高小綠', '0936815986', 'stark20031008@hotmail.com', '2003-10-08', 'stark57330', '$2y$10$RU7N.siKtpmtM08IpTB8AOTEQE0ZigeDIRuhy.3uwXyr2e4tKt2CC', '2019-08-26 00:00:00', NULL, NULL),
(373, '李小白', '0936584219', 'wonda20010309@yahoo.com', '2001-03-09', 'wonda25159', '$2y$10$ly4hT8g/ugCLcwxFUNVyQez3nGH6qlRQ4c0NOADsM0bN.MNOtsesW', '2017-06-24 00:00:00', NULL, NULL),
(374, '黃小白', '0936247416', 'thor20020929@hinet.com', '2002-09-29', 'thor52706', '$2y$10$zf64bXtyhRDMf4ubxKW0WePco07BTWwBH9y5AirBANzRgUjd2Jkem', '2016-06-11 00:00:00', NULL, NULL),
(375, '黃小黑', '0936148602', 'rogers19940506@gmail.com', '1994-05-06', 'rogers43400', '$2y$10$a7lpDgvujYxl3vPTvLg1Xed7VOOj/h2nfVpKjHAFEsGtk2vhqwOBC', '2020-08-13 00:00:00', NULL, NULL),
(376, '謝小白', '0936809613', 'denvers19810120@hinet.com', '1981-01-20', 'denvers26584', '$2y$10$i0OekO1D.S7lb9Hgm1ZXne9onivZhazrmM8ojGcVHQSnEngoXGzyi', '2016-12-24 00:00:00', NULL, NULL),
(377, '邱小黑', '0936866134', 'strange19850527@hinet.com', '1985-05-27', 'strange58356', '$2y$10$CYxNy06cQxKIJ5kRoRTQMeBY8IpKqLiQE8bRzEl4T1sfH2TDOpK4O', '2016-06-17 00:00:00', NULL, NULL),
(378, '王小紅', '0936221712', 'strange19821227@hotmail.com', '1982-12-27', 'strange56249', '$2y$10$FzSeAqC7GM4aS.gZ5OTvyOZAqcMQLxI2F/wYJ9uhcxEIVYw4Dhcda', '2020-02-28 00:00:00', NULL, NULL),
(379, '王小白', '0936906561', 'loki19870617@yahoo.com', '1987-06-17', 'loki70615', '$2y$10$q11b.zKIAmHCJWUJlqLNYOn5MfyOFhgasAzhCJ1POByUNZry19V/e', '2017-07-03 00:00:00', NULL, NULL),
(380, '朱小綠', '0936253895', 'strange20001002@gmail.com', '2000-10-02', 'strange16521', '$2y$10$mvs1OGWaOzrThZsg8iAi2eTzwO.fq5T8lgKrJxILlUrjwv4elzbka', '2018-01-18 00:00:00', NULL, NULL),
(381, '黃小白', '0936138482', 'rogers19870518@hotmail.com', '1987-05-18', 'rogers80296', '$2y$10$eAshVBtg2H.37p8Ww/fEoOkyfe2eOgrGzEzJx0zrFDSouuWmUi1W6', '2021-04-19 00:00:00', NULL, NULL),
(382, '林小黑', '0936750164', 'rogers19840408@gmail.com', '1984-04-08', 'rogers31400', '$2y$10$jazC2WD7f7C1uoU6sI7QuOIpcleZZ0W0QVMWw3GGIZ2Ue5rIKCfjO', '2018-12-23 00:00:00', NULL, NULL),
(383, '朱小白', '0936897776', 'strange19890331@yahoo.com', '1989-03-31', 'strange53453', '$2y$10$pSGIzUpmVqlwuJ50GmsfqO1ySUwFPyhOw0jYCh63NbiY302KRh4.G', '2017-08-07 00:00:00', NULL, NULL),
(384, '高小綠', '0936856238', 'stark20050808@hotmail.com', '2005-08-08', 'stark93799', '$2y$10$XPbkzz3lVtCmYypxAkVUJ.vePjdH7dXD4QUKMtA4FQn/4vD5Q1NpW', '2017-09-01 00:00:00', NULL, NULL),
(385, '謝小綠', '0936269791', 'thor20040420@hotmail.com', '2004-04-20', 'thor58941', '$2y$10$Tuyem5Phq6jXFOTR0TNbwOxwgrQJX/6GPJmxdS2dASu48TTbW5mwK', '2021-12-30 00:00:00', NULL, NULL),
(386, '高小紅', '0936614383', 'thor20000504@yahoo.com', '2000-05-04', 'thor10913', '$2y$10$t4NrxWBdQrKBzuneAs9quOT89EEPH8y1m2ZaGtDozwFWBh5mAXqYC', '2017-11-03 00:00:00', NULL, NULL),
(387, '邱小綠', '0936874968', 'loki19820425@yahoo.com', '1982-04-25', 'loki13432', '$2y$10$RN67d4ZkKCBIJ5VrCHHR4eVu8zjbIXd4/UIOEi/6jv.wUCUKJW.a2', '2019-09-14 00:00:00', NULL, NULL),
(388, '林小黑', '0936438248', 'wonda19801007@yahoo.com', '1980-10-07', 'wonda54549', '$2y$10$uEYALVR4Q1ux3xqMxS77Y.CH2Vhcje6pl32IeFfJxekvq.VxB4Px6', '2020-11-09 00:00:00', NULL, NULL),
(389, '李小白', '0936707899', 'rogers20001019@gmail.com', '2000-10-19', 'rogers41280', '$2y$10$idUQNf5yQl6nQdHSGUltqOdZb1bQQGwglSmGPv2SAw8/enWa9Gw6K', '2015-08-26 00:00:00', NULL, NULL),
(390, '陳小綠', '0936803477', 'thor19931102@yahoo.com', '1993-11-02', 'thor70149', '$2y$10$1bsSbKYjAENVAAV/.vWWfeQne2dNfaIwsFiEz89NAzHegxClrZrZy', '2017-01-07 00:00:00', NULL, NULL),
(391, '朱小紅', '0936392679', 'thor19870307@gmail.com', '1987-03-07', 'thor43967', '$2y$10$vni6nXrtxj/q/ZY4iPewruSirJt5TUEOaZi0pdI3BC1NMIEPXkIjq', '2020-09-23 00:00:00', NULL, NULL),
(392, '王小黑', '0936579438', 'strange19800225@yahoo.com', '1980-02-25', 'strange42838', '$2y$10$PETBouDzmKEtt5I4RSM5fe3zDFKAlHVK2uMFvOWnDJ7LlDffeeMdC', '2019-04-19 00:00:00', NULL, NULL),
(393, '邱小黑', '0936848963', 'denvers19851007@gmail.com', '1985-10-07', 'denvers42985', '$2y$10$n34HUnlDMeCRwwnB8O56jepxANk8Ij012qtAA/3p37Ia64ACsfeoO', '2016-01-14 00:00:00', NULL, NULL),
(394, '林小綠', '0936731265', 'strange19870326@hinet.com', '1987-03-26', 'strange61951', '$2y$10$i8Gbd/VvuaGieVYSzL0amO3fLpxcj8QLbAVDarpoTpf9OXCDIS/le', '2017-04-27 00:00:00', NULL, NULL),
(395, '謝小紅', '0936367950', 'wonda19950616@gmail.com', '1995-06-16', 'wonda85103', '$2y$10$/llE.crsO9wyGc.ge4eTxO8B8K7V.a/OvJee8Z64Gm3xPELUHy3XS', '2020-06-29 00:00:00', NULL, NULL),
(396, '高小黑', '0936730219', 'denvers19951022@hinet.com', '1995-10-22', 'denvers36743', '$2y$10$PXn1ZjQB8ygbAgDOitrfdOq.f8Efzg5GdPh6jE7bt8jG28hMzmbNG', '2015-08-19 00:00:00', NULL, NULL),
(397, '黃小藍', '0936792222', 'rogers19910402@hinet.com', '1991-04-02', 'rogers10229', '$2y$10$8MLxcu44PSMWCblXpFVHG.29wADWpdLc52/VctJQ2Y.Uoo6hNvpae', '2021-07-26 00:00:00', NULL, NULL),
(398, '朱小黑', '0936500770', 'strange19820227@gmail.com', '1982-02-27', 'strange77182', '$2y$10$7TosTGi40OiQvck2jLGGD.wCFgrqQpTqCdfPZEeZM3OQNv/xcUswW', '2019-01-24 00:00:00', NULL, NULL),
(399, '高小黑', '0936620281', 'strange19870111@yahoo.com', '1987-01-11', 'strange37473', '$2y$10$2jYh/In9mt39Q3kHNXscueyVSF8rvT25V7G/8YNfNgtQcf5KVL45G', '2016-06-15 00:00:00', NULL, NULL),
(400, '李小紅', '0936455694', 'loki19820904@gmail.com', '1982-09-04', 'loki59876', '$2y$10$VyO7i1yYtdodG9i/kPcZQ.r2y7v/3jFAdTh7nocqlB3hGD.J8QJIS', '2016-07-29 00:00:00', NULL, NULL),
(401, '邱小藍', '0936299174', 'stark20010210@yahoo.com', '2001-02-10', 'stark52796', '$2y$10$7o8SwULdoFtxTVWMr4yaWu2vLGoMmJD4KTNE1udN3x98LIVCNVGsa', '2020-01-22 00:00:00', NULL, NULL),
(402, '謝小白', '0936350025', 'stark19920824@hinet.com', '1992-08-24', 'stark87596', '$2y$10$ooiqNbV3Eop6BS.SX/A41uwBsAjjUC3tp4MI.VMYMIbIKHjxsB2EG', '2019-07-23 00:00:00', NULL, NULL),
(403, '王小綠', '0936233081', 'thor19970708@hotmail.com', '1997-07-08', 'thor24657', '$2y$10$x.SGvB9edXTZXwdoekrpwuDwNoF7X3DsfPXuJGrMWtUpvqNR9sJUS', '2019-11-30 00:00:00', NULL, NULL),
(404, '王小白', '0936320543', 'stark19840715@yahoo.com', '1984-07-15', 'stark13171', '$2y$10$ALwVUZcVxn709K6ldJRfLuUB9pY.LOBMebuS1mXxyvmlfE.ysAC1q', '2020-12-29 00:00:00', NULL, NULL),
(405, '林小白', '0936671176', 'strange19891015@hotmail.com', '1989-10-15', 'strange76630', '$2y$10$CNMKma8ITu/76twvscwrouCHHT5wqFjeOA3Y.xAKW0c3d6/523QZW', '2021-08-04 00:00:00', NULL, NULL),
(406, '高小黑', '0936843805', 'thor19980611@hinet.com', '1998-06-11', 'thor15228', '$2y$10$bTYiWT2/igC/b4ujkP0x8eRo/ilwN3BF.egzj.yiKeVW0phFpVnde', '2015-02-16 00:00:00', NULL, NULL),
(407, '王小黑', '0936585929', 'rogers19930115@yahoo.com', '1993-01-15', 'rogers28209', '$2y$10$CtcGfvs3A4WmE.f/pgnm0ep46lN1Vyb.yE1d38XodFti1enPAm10i', '2015-07-20 00:00:00', NULL, NULL),
(408, '邱小藍', '0936278247', 'strange19831001@yahoo.com', '1983-10-01', 'strange53705', '$2y$10$4UlknXuHat52bJ.6K7ZAXOSEeeTdbX6Ur6Xdksd.Eu2PCQtWuIuuq', '2018-02-26 00:00:00', NULL, NULL),
(409, '王小白', '0936203804', 'thor19821216@gmail.com', '1982-12-16', 'thor92343', '$2y$10$.QtEYvEjteqrabAGDMz6/Oq5mqsc3BKxep2vutONI8qPOrJjVHjvG', '2020-11-21 00:00:00', NULL, NULL),
(410, '王小白', '0936492034', 'strange19840421@hinet.com', '1984-04-21', 'strange28110', '$2y$10$25OyynPsJZYykREJ6xlTs.B7SDaig0l7eLJNRIQwE29FlT0sN7R4a', '2018-08-04 00:00:00', NULL, NULL),
(411, '王小白', '0936167674', 'denvers19861009@hinet.com', '1986-10-09', 'denvers31286', '$2y$10$/kpeFRPy4/aiBNJQZq.TvuT0lpH1pplcY6MZ99I8reCTwN6C1vCMu', '2020-03-29 00:00:00', NULL, NULL),
(412, '李小紅', '0936496584', 'loki19800127@gmail.com', '1980-01-27', 'loki13338', '$2y$10$piFgFa1Y83nDP1fdzuPV/.Awic4fu9hEbYsI4vlvcMgtR50jIpYMW', '2021-10-20 00:00:00', NULL, NULL),
(413, '朱小黑', '0936517379', 'jane19850918@hotmail.com', '1985-09-18', 'jane46343', '$2y$10$ggW20cwU5hntwCneLKAxvuYkeQsWjnkETCHckdXOgK5rLkXKFuYpS', '2018-07-30 00:00:00', NULL, NULL),
(414, '高小黑', '0936439523', 'strange20020922@hinet.com', '2002-09-22', 'strange10497', '$2y$10$y0eAVu/3PNLcGzVfcdKov.7EvRH7ec53AEBwwPLg67Ikrj1x8LYfK', '2018-05-26 00:00:00', NULL, NULL),
(415, '林小白', '0936571638', 'wonda19880122@yahoo.com', '1988-01-22', 'wonda57690', '$2y$10$33rpASvcCz76mM1Dlj9mU.UGTlaqtBc52rXSUjxh37isasyHgvzZC', '2018-06-16 00:00:00', NULL, NULL),
(416, '朱小紅', '0936609523', 'jane19800108@hinet.com', '1980-01-08', 'jane28706', '$2y$10$IwvFU/wSZASMErtrF/g5tOvXY2.8xOgFXGuJLk/07LL2KUf4MSzBi', '2016-08-12 00:00:00', NULL, NULL),
(417, '邱小黑', '0936351430', 'stark19820523@hinet.com', '1982-05-23', 'stark24021', '$2y$10$9EfaC7z1YBgYiY3n2riUzed2EpdVIGhp6hvcajzm1J/KKkUhDPppG', '2020-11-29 00:00:00', NULL, NULL),
(418, '朱小白', '0936950662', 'rogers19840221@yahoo.com', '1984-02-21', 'rogers39462', '$2y$10$LXl9B6aiFRW15idAWG1lkOvf6iUEXyqucICSDWb7kCHmC9Dywmm5e', '2015-12-17 00:00:00', NULL, NULL),
(419, '謝小紅', '0936518047', 'strange19811106@gmail.com', '1981-11-06', 'strange78456', '$2y$10$uKwKHRpJOm1MN7NDHoh2ROjuqgshpuwWXg3jeF62quZtO3bfCKtjm', '2020-06-10 00:00:00', NULL, NULL),
(420, '陳小白', '0936159648', 'strange20030819@hinet.com', '2003-08-19', 'strange39648', '$2y$10$msI8yKvgKOZlH./Ab3ROIeo3iuH8Sjy8gQSJ.Ut6d40CTv7qTRS6q', '2016-07-21 00:00:00', NULL, NULL),
(421, '王小黑', '0936469739', 'strange20030612@yahoo.com', '2003-06-12', 'strange44383', '$2y$10$18pGthAmyhU9VdtxnR6Y0uEVJxBMEknMFFamIrRBqJNixP2QTuNwS', '2020-05-21 00:00:00', NULL, NULL),
(422, '朱小白', '0936204688', 'jane19830302@hinet.com', '1983-03-02', 'jane96887', '$2y$10$kjDCgBQg0cDp.dGZ7wXBh.ztrNKam5zZ.3pPF6/72iDdQ4LY3fub.', '2021-11-23 00:00:00', NULL, NULL),
(423, '王小黑', '0936402878', 'wonda19960619@yahoo.com', '1996-06-19', 'wonda37428', '$2y$10$r/N31hoBOZeHBpGbxBkEoufsfe06o7WCn/f1Hoz7T5NLmBIt./1oW', '2019-09-05 00:00:00', NULL, NULL),
(424, '陳小綠', '0936138828', 'rogers19830807@yahoo.com', '1983-08-07', 'rogers92238', '$2y$10$hLt27rD8L0x8GlxY1EimjeikyGO2VccBlfVQWywkt76zu7R.DfIJa', '2019-11-11 00:00:00', NULL, NULL),
(425, '李小藍', '0936922664', 'strange19890803@hotmail.com', '1989-08-03', 'strange77394', '$2y$10$N7onAIy.r8y7DmG6d2ru.uXm81pwWg9olNZSdGyoGoJVFztK/RynG', '2021-11-04 00:00:00', NULL, NULL),
(426, '林小黑', '0936710615', 'loki20010922@hinet.com', '2001-09-22', 'loki27721', '$2y$10$tqxzMmp3Es8Ejd.7IKKBfOz6btPDxBba96XNW9O4M5ZR08V9TvS6O', '2020-01-18 00:00:00', NULL, NULL),
(427, '謝小白', '0936714483', 'wonda19950123@yahoo.com', '1995-01-23', 'wonda63958', '$2y$10$Q.9xnj9anb72QPumYma4mOZ6SblF9ifFfngBWQzWg.IsJLO.bfO8O', '2015-10-25 00:00:00', NULL, NULL),
(428, '高小白', '0936945186', 'thor19800812@gmail.com', '1980-08-12', 'thor50418', '$2y$10$gbPWOuZDb33J81OxukVhoO0QE01KHvOTVATSCY8a/Dlwt6M/Vt6yS', '2019-07-16 00:00:00', NULL, NULL),
(429, '謝小黑', '0936657174', 'thor20050818@yahoo.com', '2005-08-18', 'thor82913', '$2y$10$CPQpM4RqL.I3s4/71vP85uY7PZi8qcSRUT2sRlxYgU5ZJZuDasoAi', '2016-03-17 00:00:00', NULL, NULL),
(430, '邱小黑', '0936707585', 'rogers19811016@hinet.com', '1981-10-16', 'rogers11165', '$2y$10$b21EioaVXme.R09AQlBGq.RKZutE5/kU9R3F1ghReoOVkHxTaIpgq', '2018-10-07 00:00:00', NULL, NULL),
(431, '謝小黑', '0936800099', 'strange20050530@yahoo.com', '2005-05-30', 'strange74645', '$2y$10$cIXRKAhUCqxlcMsZ9mkHPuyaYo5cOOuzycKZvwOnwgoONJ8vd6c1m', '2019-08-12 00:00:00', NULL, NULL),
(432, '謝小黑', '0936252057', 'wonda19901023@yahoo.com', '1990-10-23', 'wonda65525', '$2y$10$5lcw3JDIgOvOiP4b3gJ2c.pe92EBsS5xUMhndJK90Y8eS2hkPDoCW', '2022-03-25 00:00:00', NULL, NULL),
(433, '陳小藍', '0936257512', 'rogers19841124@gmail.com', '1984-11-24', 'rogers23690', '$2y$10$D3pazDZwBwyzi3kdj3pVteZb1QfoeCkcAwkssz5twEUgl8k/d.Isq', '2021-10-01 00:00:00', NULL, NULL),
(434, '林小紅', '0936235924', 'stark19810201@gmail.com', '1981-02-01', 'stark21636', '$2y$10$mpe3ZrGdmd9U/8Enoz8JUevFOYKF2vxSoY8EgiWw5PM1jdKHdHEaS', '2016-11-06 00:00:00', NULL, NULL),
(435, '黃小紅', '0936653796', 'rogers19991022@yahoo.com', '1999-10-22', 'rogers36999', '$2y$10$kVd8VDUBJAvwGvSJpSBDoeDROSNIKqc2X0jwuHe6sqWZHQMd9oHVe', '2021-04-20 00:00:00', NULL, NULL),
(436, '謝小藍', '0936537717', 'wonda19801231@gmail.com', '1980-12-31', 'wonda19419', '$2y$10$9NBYUdn9QY/so5IPRHgeceuAsKYl2NVTLppeLmgX0kuDASENWVfNy', '2019-03-16 00:00:00', NULL, NULL),
(437, '李小藍', '0936285926', 'rogers20040811@hotmail.com', '2004-08-11', 'rogers48506', '$2y$10$Jdi.dLkX/ZzHI3jzAtfgLuM9Arj9lnu5/59JUZFp5WRDts4j4bl.S', '2015-04-14 00:00:00', NULL, NULL),
(438, '邱小黑', '0936102113', 'stark19880125@yahoo.com', '1988-01-25', 'stark64893', '$2y$10$cttOsquPXDk/L9ISKDMWWeWHoANNk/HBAGIFxVpqT58V4pokQE6ty', '2021-03-14 00:00:00', NULL, NULL),
(439, '王小紅', '0936117339', 'strange19820723@hinet.com', '1982-07-23', 'strange61032', '$2y$10$Qps5Ynhi.LPTT8zd96xFUeTvXLU9GZZPF/gZ3jXuCknSc/.Ezv9Me', '2021-06-01 00:00:00', NULL, NULL),
(440, '李小紅', '0936443746', 'rogers20040827@hinet.com', '2004-08-27', 'rogers43488', '$2y$10$6/MQblTjsHU3MioR2OHyb.3n/wgJkF3QjcdC7oahZ3wSMII4xoXmK', '2020-12-18 00:00:00', NULL, NULL),
(441, '黃小綠', '0936663404', 'rogers19820510@hinet.com', '1982-05-10', 'rogers27648', '$2y$10$kgRDzkbbF5ronp9FIqi.3.Rkd7Qu6Ko7ESR3D32ZYso08W9.fWKsK', '2016-07-23 00:00:00', NULL, NULL),
(442, '王小藍', '0936198356', 'strange19860729@yahoo.com', '1986-07-29', 'strange52237', '$2y$10$rt.rUQc0sp/3TBzjGiy4PuHt3eqAO95EHL4iybP3LAeywHfwXgzV2', '2016-08-13 00:00:00', NULL, NULL),
(443, '陳小藍', '0936708659', 'rogers19920904@gmail.com', '1992-09-04', 'rogers55216', '$2y$10$fi/hXpu5wt85sZWDGiflQerRu19ulfqGuFdq4dcKc6HNz57UR/TOe', '2016-10-31 00:00:00', NULL, NULL),
(444, '李小白', '0936420002', 'jane19841130@gmail.com', '1984-11-30', 'jane16847', '$2y$10$aGks94sYGHMTGc.1oFncoe83pY5qYJ/pc1clz2sKcV739DO8dg62K', '2021-01-08 00:00:00', NULL, NULL),
(445, '林小藍', '0936971890', 'strange19891003@yahoo.com', '1989-10-03', 'strange34407', '$2y$10$ZjteEm8XbwX4ROQqGJ44NOT7igViIxMb31qn0w65bhvcfTh5dkAzG', '2022-01-18 00:00:00', NULL, NULL),
(446, '李小黑', '0936466457', 'wonda19960901@gmail.com', '1996-09-01', 'wonda74307', '$2y$10$hpfBrfycboCoIYgf/0.VfOpKIZlaJnyYED10DpOKuoaWJ5zayCpEG', '2020-06-04 00:00:00', NULL, NULL),
(447, '邱小黑', '0936168506', 'loki19990320@hotmail.com', '1999-03-20', 'loki44307', '$2y$10$w1tfTdKIFwmOy./VaT.dAeIvtawQKgfMMLBf4LjbRxtEoAIxUw7ZK', '2022-03-08 00:00:00', NULL, NULL),
(448, '邱小黑', '0936454746', 'stark20000413@hinet.com', '2000-04-13', 'stark50181', '$2y$10$Hf51OLFLjMbWqnAIT8Cv3ODV9NDjtGoW/13z8iY5BTDGiqMG.ErBa', '2020-04-10 00:00:00', NULL, NULL),
(449, '陳小白', '0936999897', 'wonda19800401@hotmail.com', '1980-04-01', 'wonda54836', '$2y$10$pzeIdlWbdmR/L5TAQ/EHJ.rXo5abhKaCwTMi.7uMVob.vQVP1RDq2', '2020-03-01 00:00:00', NULL, NULL),
(450, '林小綠', '0936409737', 'wonda19951125@hotmail.com', '1995-11-25', 'wonda20850', '$2y$10$nbGCz4Lm85VfCQKiO8I5QeQFUVEiWLNR/RWagfCjrlhQmEVG170eu', '2019-11-30 00:00:00', NULL, NULL),
(451, '王小綠', '0936712228', 'wonda19800226@hinet.com', '1980-02-26', 'wonda82062', '$2y$10$yTZ6ugGoIMT0AXPGflSmeeJ0rzLRMzOtqafI89icyoFXtsztCRPPq', '2016-12-05 00:00:00', NULL, NULL),
(452, '高小白', '0936370720', 'stark19820109@hotmail.com', '1982-01-09', 'stark87747', '$2y$10$J1xHNPbXAPtPBIUQODHLh.ABiwbVBetDAQle0lO.fJF2lJG2a.mWS', '2018-03-30 00:00:00', NULL, NULL),
(453, '林小白', '0936426470', 'thor20000722@yahoo.com', '2000-07-22', 'thor15385', '$2y$10$j/0tHleVxS5X6l4zvzoBJeo0vZj.H1GqgfyzQp1bCWtxQ8b1t86E2', '2019-01-15 00:00:00', NULL, NULL),
(454, '黃小綠', '0936637318', 'rogers19991001@hinet.com', '1999-10-01', 'rogers82976', '$2y$10$gLp8AjO.2Ch8vJeSUL.1J.AUijacMNq6J.8TWuiznXtU777sAmtzq', '2021-01-22 00:00:00', NULL, NULL),
(455, '黃小白', '0936821717', 'loki19930321@hotmail.com', '1993-03-21', 'loki17351', '$2y$10$X8FaTir.eGHpMW/Xz3ZUeOriNsYyGCFWVQHrQK2bJCInluVdULcXe', '2017-06-12 00:00:00', NULL, NULL),
(456, '朱小綠', '0936263550', 'loki19800806@hinet.com', '1980-08-06', 'loki81855', '$2y$10$SnDs8FQgUUBUYeRXjzxdXOTMdoaHKFvolbVIZC9hW2oqPPiboyiK6', '2017-05-11 00:00:00', NULL, NULL),
(457, '李小藍', '0936724625', 'thor19880408@yahoo.com', '1988-04-08', 'thor52826', '$2y$10$.wrV4mzxtw/pTRBFoghTfudpfjBUYLoYqSxNd1wf8M0WdffmD7qmu', '2020-11-19 00:00:00', NULL, NULL),
(458, '林小黑', '0936724347', 'loki19810409@yahoo.com', '1981-04-09', 'loki67286', '$2y$10$jXTXGL711avNkycSeqQgrOtgs1dWagD267voOEYjqCjSZ7Yk63Irq', '2017-01-22 00:00:00', NULL, NULL),
(459, '黃小黑', '0936687797', 'wonda19860812@hinet.com', '1986-08-12', 'wonda22567', '$2y$10$npF2AiPzcrTvnKmyqBiv3OE4VG6ru4rqel.4Dh4ALK4nMB3jd79yG', '2021-03-08 00:00:00', NULL, NULL),
(460, '朱小白', '0936515974', 'rogers19961218@hotmail.com', '1996-12-18', 'rogers17521', '$2y$10$r96HFLX4fj3zolq6ye0OLectUn2F01BFwLhn4Q62C11M8DgTnYuKS', '2016-11-04 00:00:00', NULL, NULL),
(461, '高小白', '0936908070', 'stark19821013@yahoo.com', '1982-10-13', 'stark88394', '$2y$10$jOP45HF8ch28Ni7rFjiaCukLhQQKs7d2xs6vN6rtLt1naVCNjJl5O', '2017-11-16 00:00:00', NULL, NULL),
(462, '朱小白', '0936300857', 'rogers19990715@yahoo.com', '1999-07-15', 'rogers23839', '$2y$10$F.C2rdxSzxEI0GtmLcjto.kSGcNk0CWDzUMjQiTIOUHx4JccibnV.', '2019-01-15 00:00:00', NULL, NULL),
(463, '黃小藍', '0936217431', 'loki20030113@yahoo.com', '2003-01-13', 'loki41411', '$2y$10$Xlg/pe9ZeyF5xCCEUwtmsOvWnwCjZKhsWhzvHBYK6RVz.QQ3CowB2', '2016-03-28 00:00:00', NULL, NULL),
(464, '李小綠', '0936510670', 'rogers20030312@gmail.com', '2003-03-12', 'rogers17260', '$2y$10$b18CBJG5et7O3OFn7L5lrOhW.W2a36uClsY2AIegrH/D1IOKWJbeW', '2021-06-25 00:00:00', NULL, NULL),
(465, '黃小白', '0936708607', 'denvers19920419@hotmail.com', '1992-04-19', 'denvers59092', '$2y$10$/eRhdgi8jcFYSdmdS1veJeN53JUbDOAtvRNY12W26dSSFgP6GpYoS', '2015-09-13 00:00:00', NULL, NULL),
(466, '陳小黑', '0936830889', 'loki20030527@hinet.com', '2003-05-27', 'loki70410', '$2y$10$YccehDwIlpDPABu4O5GDPul3ls5h0r5/JjkcS73pDZ1Ztoex1d/0W', '2022-01-29 00:00:00', NULL, NULL),
(467, '陳小白', '0936794866', 'loki19871002@hinet.com', '1987-10-02', 'loki90912', '$2y$10$rlS0esX8Stwp6x.fYrjVaucz0yk9Wit8DQKh9RQaRcYOA5QCpdDsK', '2019-12-13 00:00:00', NULL, NULL),
(468, '李小黑', '0936870047', 'rogers19800526@yahoo.com', '1980-05-26', 'rogers86871', '$2y$10$cSc.BVlpMKwQyqTVkQwmH.h/tZjeRJm19il8M.cLgzFyB45/MseAq', '2017-04-12 00:00:00', NULL, NULL),
(469, '王小綠', '0936438552', 'thor19921121@hinet.com', '1992-11-21', 'thor27096', '$2y$10$BO.n1C/pO9fP/DdztthDauBvfSymXrEYhZ78VjGCH/Pt2k1tAqq8C', '2017-11-01 00:00:00', NULL, NULL),
(470, '邱小藍', '0936296221', 'jane19910216@gmail.com', '1991-02-16', 'jane37424', '$2y$10$7MdAdvwv32d5Imayuekds.dm2AUKAl2Btb3r86iyJ.H/N5pGf8LlK', '2021-08-20 00:00:00', NULL, NULL),
(471, '高小紅', '0936510830', 'jane19800225@hotmail.com', '1980-02-25', 'jane43391', '$2y$10$KhYeA/4HBtwbji3aLDejRul52hOP28OxW5ALiG5auq/2aOUDLpx9i', '2017-08-30 00:00:00', NULL, NULL),
(472, '王小黑', '0936591803', 'jane19800610@hinet.com', '1980-06-10', 'jane36960', '$2y$10$avhtnEUBjHi1uZlsjg5EW.ZFTItCn1/wYfT2MOZw5eqhRbsFvn6Oa', '2020-02-25 00:00:00', NULL, NULL),
(473, '林小綠', '0936996402', 'loki19951101@hotmail.com', '1995-11-01', 'loki34693', '$2y$10$ByNVcJLGg5O0qcAIBgIUf.0YC.tdrf5IR8ttCmQaVNiuSWWbyd8ka', '2019-04-14 00:00:00', NULL, NULL),
(474, '朱小白', '0936543181', 'loki20000519@hinet.com', '2000-05-19', 'loki61522', '$2y$10$df4vFjqkuhw//5a9sD/jVu6b7jGhLJIICg/.dW5856VqWz5AQKeG6', '2021-04-12 00:00:00', NULL, NULL),
(475, '李小紅', '0936350556', 'jane19880414@hotmail.com', '1988-04-14', 'jane17949', '$2y$10$KgWYbWj1yna63ABp5M3/1OfEv75v/K.nKx.pd1r6MgmqO4ZlCRn2i', '2022-01-28 00:00:00', NULL, NULL),
(476, '陳小綠', '0936392661', 'thor19970702@hotmail.com', '1997-07-02', 'thor39072', '$2y$10$AsnQs8.e1xQzMKx52znIOOnkrd/8Ck99uTIwVnj0dFBWn/Ol1XNle', '2021-04-20 00:00:00', NULL, NULL),
(477, '黃小綠', '0936813632', 'rogers19990209@yahoo.com', '1999-02-09', 'rogers92943', '$2y$10$64sABjv3GgfYBuatcGfXNuALRyWVnJNVtAT39f4S/iHUrPQhcFRdC', '2017-01-18 00:00:00', NULL, NULL),
(478, '邱小黑', '0936706626', 'thor19900501@yahoo.com', '1990-05-01', 'thor87793', '$2y$10$MiBy0tUreJ.q6YtEbwU10enwNgTOJznTpnVPWxvMvOKx6SWJ6yFw2', '2019-03-12 00:00:00', NULL, NULL),
(479, '黃小紅', '0936499764', 'jane20010715@hinet.com', '2001-07-15', 'jane24545', '$2y$10$GMsifNTo0r8/VOjIFKoLJewP5mYTewJv4q.xP/v4CGcvnpQSylrny', '2016-05-17 00:00:00', NULL, NULL),
(480, '黃小綠', '0936304677', 'strange19800110@hinet.com', '1980-01-10', 'strange44432', '$2y$10$Zogxlkvnyp1aPhJnAqorRuJpNtntz3OWmlh0qBTeJ7h2XLNaTSlwi', '2019-01-03 00:00:00', NULL, NULL),
(481, '李小白', '0936795138', 'stark19960813@yahoo.com', '1996-08-13', 'stark53137', '$2y$10$B3ReltipIQEVFMMYOPqemOCSKsQCxWQrtr43TsDxhPTTSjSxlx9hq', '2016-09-20 00:00:00', NULL, NULL),
(482, '高小藍', '0936731584', 'jane19890113@gmail.com', '1989-01-13', 'jane61353', '$2y$10$OOJiLeCTHkLY/P128o5rIOetknuz5.c9q1gTxSYUywWpIIWXRdlqm', '2016-06-22 00:00:00', NULL, NULL),
(483, '朱小綠', '0936989901', 'wonda20020201@yahoo.com', '2002-02-01', 'wonda74705', '$2y$10$Reid2ebD3jJIr5UKtRlcl.dn3yVUOYhk/PrPRCwtG3yo.k189Emdi', '2015-07-22 00:00:00', NULL, NULL),
(484, '邱小紅', '0936600983', 'wonda19930206@gmail.com', '1993-02-06', 'wonda21655', '$2y$10$lJZRhZi1aa7MYryv8fNNa.48S0utMDLhA4iDYC3/x/fGq.9fJ36QK', '2017-07-20 00:00:00', NULL, NULL),
(485, '黃小黑', '0936132696', 'strange19860725@hinet.com', '1986-07-25', 'strange56186', '$2y$10$x89SFCdTlSWPhdzKbMnJ2eyCJtnc3/TnbDVRUfOjEFjcg71x5C//m', '2020-06-05 00:00:00', NULL, NULL),
(486, '黃小綠', '0936134453', 'stark20000627@hotmail.com', '2000-06-27', 'stark10803', '$2y$10$LExCV79S1KdOA9yKttamNubVghaev7s4wZiyu2wmhMwHgfTCVp.eW', '2017-09-15 00:00:00', NULL, NULL),
(487, '朱小紅', '0936877088', 'thor19870504@gmail.com', '1987-05-04', 'thor64007', '$2y$10$x0KvHyV/gxzZ2Hk23lAIbuAyVFav/OXLgZlvgCvBONVhMuu2GGRLG', '2016-01-23 00:00:00', NULL, NULL),
(488, '李小黑', '0936587391', 'strange19860221@gmail.com', '1986-02-21', 'strange26079', '$2y$10$wJxQ5alpHr75h9ObuCVj5eDn4bFRtloW8f9KO2REUH/tDdz1MiwCW', '2019-01-30 00:00:00', NULL, NULL),
(489, '王小藍', '0936884155', 'strange19841219@hotmail.com', '1984-12-19', 'strange18894', '$2y$10$1iTppFgRuLkLxX5hzt3dxOZQA22SgMerGMC2Cjv56Pk6ZSo7DtorS', '2021-02-14 00:00:00', NULL, NULL),
(490, '高小藍', '0936892450', 'denvers19990216@yahoo.com', '1999-02-16', 'denvers42423', '$2y$10$zZHme3DmEYQATaNNbCuU5em03v1vxQ.a1CoGL3fes2DeckHSnmsw.', '2018-01-24 00:00:00', NULL, NULL),
(491, '王小白', '0936110714', 'loki19970406@hinet.com', '1997-04-06', 'loki17748', '$2y$10$0ngk6ehTwoG..BaK.wTyl.ckcjcHRzzsXFmtFxOxmY/TCu.JDWJre', '2016-10-30 00:00:00', NULL, NULL),
(492, '朱小綠', '0936870003', 'loki20000420@yahoo.com', '2000-04-20', 'loki97113', '$2y$10$V7Ju4G3vXIYWAOUxg45qcemRS6ieW9tl7mgV4tJ1ziJSy8PWgnutG', '2015-05-27 00:00:00', NULL, NULL),
(493, '黃小黑', '0936673165', 'jane19810819@hotmail.com', '1981-08-19', 'jane49447', '$2y$10$PHJ7etvMjVRoQTTuLiei2.zUj8/0VWXmoCg89LsE78gyKujNiyhqi', '2020-05-16 00:00:00', NULL, NULL),
(494, '陳小綠', '0936789653', 'jane19810402@yahoo.com', '1981-04-02', 'jane27119', '$2y$10$pk14arM2UGtw/vS//13ajua0V8O7iVr9ENk6pe/oOm.PtxA1gI7Ym', '2021-11-27 00:00:00', NULL, NULL),
(495, '黃小綠', '0936752750', 'rogers19911222@hinet.com', '1991-12-22', 'rogers65817', '$2y$10$1gfl.yXoJL8B7b3UXtXCWeIuGRsmXLh891VfgcIcX7dA6QyPE/4ia', '2017-10-06 00:00:00', NULL, NULL),
(496, '邱小綠', '0936530148', 'wonda19961109@hinet.com', '1996-11-09', 'wonda84255', '$2y$10$M8kW8IRg4VvLSz5zMTSxAOBMTKFRNIVH1bKr8qMJOFHsrkNIXFJl.', '2019-10-22 00:00:00', NULL, NULL),
(497, '邱小藍', '0936919009', 'rogers19890430@hinet.com', '1989-04-30', 'rogers65698', '$2y$10$UylZynIOEBuIdwHjI8tOH.AdzC4KrYKY3ugoQUsBA.2QHkdbKyHlS', '2015-06-14 00:00:00', NULL, NULL),
(498, '黃小藍', '0936480064', 'thor19880224@hotmail.com', '1988-02-24', 'thor72846', '$2y$10$3SeaVb9pRslD/k0fxmqxzeH5ofpZRjz6/kSi0v2zMMtDr71CCxrm2', '2015-07-29 00:00:00', NULL, NULL),
(499, '朱小紅', '0936640949', 'stark19841227@yahoo.com', '1984-12-27', 'stark63304', '$2y$10$i6mEDsXbhTKWAp1voM6ZM.XtTrl8crnVot2Vn3FI93y81GApOIz4u', '2017-06-01 00:00:00', NULL, NULL),
(500, '黃小紅', '0936100684', 'stark20051220@gmail.com', '2005-12-20', 'stark59417', '$2y$10$A53CE/BrUyqS8T1Q3r4MnOGcw4BeHraqjDjaz7vdOfVn9VT.T0bUK', '2015-11-11 00:00:00', NULL, NULL),
(501, 'abcabc', '0911111111', 'aaa@aaa.com', '2001-06-06', 'abcabc', '$2y$10$pOCHKd2uHDgh4E2NyKOWf.L5g42Id6nLZNYqwR7rTPa8YhuX4/jIy', '2022-06-02 09:51:11', NULL, NULL),
(503, 'aaaaaaa', '0911111111', 'aa@aa.com', '2022-06-01', 'farmer123', 'farmer123', '2022-06-06 01:42:45', NULL, NULL),
(504, 'farmer', '0912345678', 'farmer26@farmer26.com', '1990-01-01', 'farmer26', 'farmer26', '2022-06-02 00:00:00', '台北市大安區復興南路一段390號2樓', 8850),
(505, 'farmer', '0900000000', 'farmer26@farmer26.com', '2022-03-16', 'farmer26', 'd9ba32f9b0dbd1561607ccab6f998ef6dffe4f6b', '2022-06-07 02:31:48', '台北市大安區復興南路一段390號2樓', 3250),
(506, '123123', '0955123456', 'abc@abc.com', '2009-06-12', 'fam123', 'c51727a7faa26e53d341b529732e58cb80fbd874', '2022-06-09 09:44:49', '123123', NULL);

-- --------------------------------------------------------

--
-- Table structure for table `customized_lunch`
--

CREATE TABLE `customized_lunch` (
  `sid` int(11) NOT NULL,
  `lunch_1` varchar(255) NOT NULL,
  `lunch_2` varchar(255) NOT NULL,
  `lunch_3` varchar(255) NOT NULL,
  `lunch_4` varchar(255) NOT NULL,
  `lunch_5` varchar(255) NOT NULL,
  `lunch_name` varchar(255) NOT NULL,
  `total_price` int(255) NOT NULL,
  `lunchbox_stock` int(255) NOT NULL,
  `total_calorie` int(255) NOT NULL,
  `custom_remark` varchar(255) NOT NULL,
  `reference_receipt_id` varchar(255) DEFAULT NULL
) ENGINE=InnoDB DEFAULT CHARSET=utf8mb4;

--
-- Dumping data for table `customized_lunch`
--

INSERT INTO `customized_lunch` (`sid`, `lunch_1`, `lunch_2`, `lunch_3`, `lunch_4`, `lunch_5`, `lunch_name`, `total_price`, `lunchbox_stock`, `total_calorie`, `custom_remark`, `reference_receipt_id`) VALUES
(1, '芭樂', '', '', '', '', 'kkjkk', 0, 5, 0, 'k,', ''),
(2, '芭樂', '', '', '', '', 'kkjkk', 0, 5, 0, 'k,', ''),
(3, '芭樂', '螃蟹', '', '', '', 'kkjkk', 0, 5, 0, 'k,', ''),
(4, '楊桃', '白花椰菜', '小黃瓜', '螃蟹', '紫高麗菜', 'kkjkk', 2400, 2, 0, 'aaaa', ''),
(5, '楊桃', '白花椰菜', '小黃瓜', '螃蟹', '紫高麗菜', 'kkjkk', 2400, 2, 0, 'aaaa', ''),
(6, '楊桃', '白花椰菜', '小黃瓜', '螃蟹', '紫高麗菜', 'kkjkk', 2400, 2, 0, 'aaaa', ''),
(7, '楊桃', '白花椰菜', '小黃瓜', '螃蟹', '紫高麗菜', 'kkjkk', 2400, 2, 0, 'aaaa', ''),
(8, '楊桃', '白花椰菜', '小黃瓜', '螃蟹', '紫高麗菜', 'kkjkk', 2400, 2, 0, 'aaaa', ''),
(9, '馬鈴薯', '泰國蝦', '伊比利豬', '烏骨雞腿', '螃蟹', 'asdasasd', 9660, 3, 0, 'asd', ''),
(10, '蘋果', '藍莓', '哈密瓜', '櫻桃', '鮭魚', '111', 650, 1, 0, '040', ''),
(11, '葡萄', '芭樂', '白花椰菜', '紫高麗菜', '', 'asdasasd', 265, 1, 0, 'as', ''),
(12, '藍莓', '', '', '', '', '', 300, 3, 0, '', ''),
(13, '楊桃', '蔓越莓', '葡萄', '', '', '', 900, 3, 0, '', ''),
(14, '榴槤', '哈密瓜', '', '', '', '', 800, 1, 0, '', ''),
(15, '青江菜', '高麗菜', '', '', '', '', 90, 1, 0, '', ''),
(16, '葡萄', '高麗菜', '', '', '', '', 160, 1, 0, '', ''),
(17, '葡萄', '藍莓', '', '', '', '', 200, 1, 0, '', ''),
(18, '香蕉', '高麗菜', '', '', '', '', 110, 1, 0, '', ''),
(19, '藍莓', '哈密瓜', '', '', '', '', 400, 1, 0, '', ''),
(20, '香蕉', '楊桃', '', '', '', '', 100, 1, 0, '', ''),
(21, '香蕉', '哈密瓜', '葡萄', '', '', '', 450, 1, 0, '', ''),
(22, '香蕉', '哈密瓜', '葡萄', '', '', '', 450, 1, 0, '', ''),
(23, '香蕉', '香蕉', '香蕉', '', '', '', 150, 1, 0, '', ''),
(24, '香蕉', '香蕉', '香蕉', '', '', '', 150, 1, 0, '', ''),
(25, '香蕉', '香蕉', '香蕉', '', '', '', 150, 1, 0, '', ''),
(26, '香蕉', '香蕉', '香蕉', '', '', '', 300, 2, 0, '', ''),
(27, '紫高麗菜', '小黃瓜', '', '', '', '', 90, 1, 0, '', ''),
(28, '紫高麗菜', '小黃瓜', '', '', '', '', 90, 1, 0, '', ''),
(29, '楊桃', '羊小排', '菲力牛排', '烏骨雞腿', '', '', 3660, 2, 0, '', ''),
(30, '楊桃', '羊小排', '菲力牛排', '烏骨雞腿', '', '', 3660, 2, 0, '', ''),
(31, '楊桃', '羊小排', '菲力牛排', '烏骨雞腿', '', '', 3660, 2, 0, '', ''),
(32, '生蠔', '馬鈴薯', '日本和牛', '烏骨雞腿', '', '', 3420, 1, 0, '', ''),
(33, '生蠔', '馬鈴薯', '日本和牛', '烏骨雞腿', '', '', 3420, 1, 0, '', ''),
(34, '櫻桃', '蔓越莓', '', '', '', '', 350, 1, 0, '', ''),
(35, '櫻桃', '葡萄', '', '', '', '', 300, 1, 0, '', ''),
(36, '楊桃', '芭樂', '大黃瓜', '', '', '', 125, 1, 0, '', ''),
(37, '楊桃', '芭樂', '大黃瓜', '', '', '', 125, 1, 0, '', ''),
(38, '櫻桃', '楊桃', '大黃瓜', '', '', 'ghj', 600, 2, 0, 'ghj', ''),
(39, '哈密瓜', '白花椰菜', '螃蟹', '', '', 'hjkhjk', 1360, 1, 0, 'hjk', ''),
(40, '哈密瓜', '青江菜', '南瓜', '', '', 'asd', 820, 2, 0, 'asd', ''),
(41, '哈密瓜', '榴槤', '紫高麗菜', '', '', 'asd', 880, 1, 0, 'asda', ''),
(42, '櫻桃', '哈密瓜', '大黃瓜', '', '', 'dfdfg', 550, 1, 0, 'dfg', ''),
(43, '青江菜', '高麗菜', '大黃瓜', '', '', 'cvb', 140, 1, 0, 'cvb', ''),
(44, '哈密瓜', '伊比利豬', '吳郭魚', '', '', 'asd', 1900, 1, 0, 'gasd', ''),
(45, '櫻桃', '蔓越莓', '洋蔥', '', '', '', 740, 2, 0, '', ''),
(46, '哈密瓜', '藍莓', '大黃瓜', '', '', 'asd', 900, 2, 0, 'asd', ''),
(47, '香蕉', '藍莓', '葡萄', '高麗菜', '紫高麗菜', '蔬菜便當', 780, 2, 0, '123123', ''),
(48, '紫高麗菜', '大黃瓜', '小黃瓜', '洋蔥', '馬鈴薯', '', 180, 1, 0, '', ''),
(49, '哈密瓜', '楊桃', '高麗菜', '青江菜', '紫高麗菜', '123123', 520, 1, 0, '', ''),
(50, '吳郭魚', '鮪魚', '鮭魚', '生蠔', '泰國蝦', 'asdasasd', 3900, 1, 0, '', ''),
(51, '紫高麗菜', '大黃瓜', '小黃瓜', '櫛瓜', '', '', 190, 1, 0, '', ''),
(52, '紫高麗菜', '大黃瓜', '小黃瓜', '櫛瓜', '', 'kkjkk', 190, 1, 0, '', ''),
(53, '蔓越莓', '芭樂', '', '', '', '123', 350, 2, 0, '', ''),
(54, '紫高麗菜', '小黃瓜', '大黃瓜', '泰國蝦', '生蠔', '便當', 1140, 1, 0, '123', ''),
(55, '青江菜', '高麗菜', '大黃瓜', '', '', '蔬菜便當123', 140, 1, 0, '', ''),
(56, '紫高麗菜', '櫛瓜', '小黃瓜', '', '', '蔬菜便當321', 280, 2, 0, '', ''),
(57, '青江菜', '高麗菜', '白花椰菜', '紫高麗菜', '小黃瓜', '綠得發慌', 240, 1, 0, '456', ''),
(58, '蔓越莓', '葡萄', '白花椰菜', '高麗菜', '葡萄', '怪小菜單', 470, 1, 0, '123321', ''),
(59, '哈密瓜', '白花椰菜', '高麗菜', '白花椰菜', '大黃瓜', '去你的', 530, 1, 0, '123321', ''),
(60, '哈密瓜', '楊桃', '蔓越莓', '芭樂', '', '水果', 525, 1, 0, '', ''),
(61, '蘋果', '櫛瓜', '小黃瓜', '洋蔥', '馬鈴薯', '鬼東西', 300, 2, 0, '', ''),
(62, '哈密瓜', '楊桃', '藍莓', '香蕉', '櫻桃', 'ㄚㄚㄚㄚㄚ', 700, 1, 0, '', ''),
(63, '五花肉', '烏骨雞腿', '日本和牛', '伊比利豬', '菲力牛排', '肉肉肉肉肉', 14850, 3, 0, '', ''),
(64, '藍莓', '楊桃', '蔓越莓', '芭樂', '高麗菜', '鬼東西', 385, 1, 0, '123123', ''),
(65, '芭樂', '高麗菜', '青江菜', '白花椰菜', '紫高麗菜', '123123', 765, 3, 0, '', ''),
(66, '吳郭魚', '伊比利豬', '日本和牛', '鮪魚', '鮭魚', '12546y7', 13800, 2, 0, '1213123', ''),
(67, '香蕉', '哈密瓜', '哈密瓜', '哈密瓜', '', '', 1900, 2, 0, '', ''),
(68, '香蕉', '芭樂', '芭樂', '葡萄', '', '', 600, 3, 0, '', ''),
(69, '榴槤', '蘋果', '楊桃', '高麗菜', '青江菜', '水果烙賽', 3450, 5, 0, '烙賽自由', ''),
(70, '藍莓', '楊桃', '芭樂', '白花椰菜', '小黃瓜', 'aaaa', 490, 2, 0, '', ''),
(71, '蘋果', '蘋果', '蘋果', '', '', '123123', 450, 3, 0, '', ''),
(72, '榴槤', '香蕉', '香蕉', '香蕉', '', '鬼東西', 2600, 4, 0, '', ''),
(73, '香蕉', '哈密瓜', '葡萄', '', '', '', 1800, 4, 0, '', ''),
(74, '榴槤', '蘋果', '香蕉', '哈密瓜', '哈密瓜', '', 3600, 3, 0, '', ''),
(75, '哈密瓜', '楊桃', '蔓越莓', '', '', '', 500, 1, 0, '', ''),
(76, '哈密瓜', '楊桃', '蔓越莓', '櫻桃', '葡萄', '', 2400, 3, 0, '', ''),
(77, '蔓越莓', '楊桃', '哈密瓜', '藍莓', '香蕉', '123321', 1300, 2, 0, '', ''),
(78, '蔓越莓', '大黃瓜', '洋蔥', '龍蝦', '生蠔', '321', 4860, 3, 0, '', ''),
(79, '高麗菜', '青江菜', '芭樂', '葡萄', '', '', 215, 1, 0, '', ''),
(80, '紫高麗菜', '南瓜', '櫛瓜', '小黃瓜', '大黃瓜', '', 540, 2, 0, '', ''),
(81, '日本和牛', '日本和牛', '日本和牛', '日本和牛', '日本和牛', '和牛自由', 62500, 5, 0, '真和牛自由', ''),
(82, '生蠔', '鮭魚', '泰國蝦', '鮪魚', '', '海鮮餐', 11400, 3, 0, '123', '');

-- --------------------------------------------------------

--
-- Table structure for table `firm`
--

CREATE TABLE `firm` (
  `firm_id` int(11) NOT NULL,
  `type` varchar(255) NOT NULL,
  `tax_id_number` varchar(255) NOT NULL,
  `idcard` varchar(255) NOT NULL,
  `firm_name` varchar(255) NOT NULL,
  `name` varchar(255) NOT NULL,
  `phone` varchar(255) NOT NULL,
  `email` varchar(255) NOT NULL,
  `password` varchar(255) NOT NULL,
  `address` varchar(255) NOT NULL,
  `creat_at` datetime NOT NULL
) ENGINE=InnoDB DEFAULT CHARSET=utf8mb4;

--
-- Dumping data for table `firm`
--

INSERT INTO `firm` (`firm_id`, `type`, `tax_id_number`, `idcard`, `firm_name`, `name`, `phone`, `email`, `password`, `address`, `creat_at`) VALUES
(1, '1', '89147675', 'S177244120', '悠閒の小農', '孫老闆', '0918306113', 'test0@gmail.com', '123456', '花蓮縣', '2022-06-10 01:19:18'),
(2, '2', '28031946', 'M214572110', '輝要無毒菜園', '劉老闆', '0918865041', 'test1@gmail.com', '123456', '台北市', '2022-06-10 01:19:18'),
(3, '3', '00394189', 'N249041980', '福泉林有機蔬菜', '周老闆', '0918772847', 'test2@gmail.com', '123456', '雲林縣', '2022-06-10 01:19:18'),
(4, '4', '75327140', 'S187826520', '福泉林有機蔬菜', '陳老闆', '0918869501', 'test3@gmail.com', '123456', '南投縣', '2022-06-10 01:19:18'),
(5, '4', '21796991', 'k196913940', '立岱有機農園', '王老闆', '0918705273', 'test4@gmail.com', '123456', '台中縣', '2022-06-10 01:19:18'),
(7, '3', '29711879', 'Y196016080', '福泉林有機蔬菜', '王老闆', '0918997174', 'test6@gmail.com', '123456', '花蓮縣', '2022-06-10 01:19:18'),
(8, '4', '79595312', 'T232890710', '輝要無毒菜園', '李老闆', '0918520287', 'test7@gmail.com', '123456', '雲林縣', '2022-06-10 01:19:18'),
(9, '3', '03362357', 'F212471470', '悠閒の小農', '陳老闆', '0918412914', 'test8@gmail.com', '123456', '台北市', '2022-06-10 01:19:18'),
(10, '1', '83544311', 'S277016200', '福泉林有機蔬菜', '王老闆', '0918237030', 'test9@gmail.com', '123456', '台北市', '2022-06-10 01:19:18'),
(11, '2', '57968590', 'P191928470', '悠閒の小農', '趙老闆', '0918571091', 'test10@gmail.com', '123456', '台北市', '2022-06-10 01:19:18'),
(12, '4', '94307728', 'I218920230', '輝要無毒菜園', '劉老闆', '0918909994', 'test11@gmail.com', '123456', '雲林縣', '2022-06-10 01:19:18'),
(13, '3', '90840989', 'X247388640', '立岱有機農園', '陳老闆', '0918104311', 'test12@gmail.com', '123456', '南投縣', '2022-06-10 01:19:18'),
(14, '4', '37794448', 'F241653360', '立岱有機農園', '李老闆', '0918891109', 'test13@gmail.com', '123456', '台北市', '2022-06-10 01:19:18'),
(15, '1', '02071069', 'M162760750', '福泉林有機蔬菜', '楊老闆', '0918665798', 'test14@gmail.com', '123456', '台中縣', '2022-06-10 01:19:18'),
(16, '3', '28368079', 'V151153300', '福泉林有機蔬菜', '陳老闆', '0918344838', 'test15@gmail.com', '123456', '花蓮縣', '2022-06-10 01:19:18'),
(17, '4', '65958275', 'G125264330', '悠閒の小農', '趙老闆', '0918626170', 'test16@gmail.com', '123456', '雲林縣', '2022-06-10 01:19:19'),
(18, '2', '82440394', 'F200468450', '福泉林有機蔬菜', '黃老闆', '0918694325', 'test17@gmail.com', '123456', '台北市', '2022-06-10 01:19:19'),
(19, '1', '68474722', 'M222793900', '福泉林有機蔬菜', '吳老闆', '0918801541', 'test18@gmail.com', '123456', '花蓮縣', '2022-06-10 01:19:19'),
(20, '3', '03369172', 'L144685090', '輝要無毒菜園', '周老闆', '0918593510', 'test19@gmail.com', '123456', '雲林縣', '2022-06-10 01:19:19'),
(21, '4', '94577861', 'A130835250', '福泉林有機蔬菜', '張老闆', '0918810893', 'test20@gmail.com', '123456', '台中縣', '2022-06-10 01:19:19'),
(22, '1', '25684044', 'k244730640', '立岱有機農園', '陳老闆', '0918644379', 'test21@gmail.com', '123456', '花蓮縣', '2022-06-10 01:19:19'),
(23, '1', '77776495', 'O130926010', '福泉林有機蔬菜', '劉老闆', '0918181208', 'test22@gmail.com', '123456', '台中縣', '2022-06-10 01:19:19'),
(24, '4', '82369273', 'Z234495230', '立岱有機農園', '徐老闆', '0918417053', 'test23@gmail.com', '123456', '南投縣', '2022-06-10 01:19:19'),
(25, '4', '95681699', 'V101612960', '輝要無毒菜園', '劉老闆', '0918305303', 'test24@gmail.com', '123456', '花蓮縣', '2022-06-10 01:19:19'),
(26, '1', '74628613', 'U150394660', '立岱有機農園', '王老闆', '0918591862', 'test25@gmail.com', '123456', '台北市', '2022-06-10 01:19:19'),
(27, '2', '93268554', 'M246132070', '輝要無毒菜園', '趙老闆', '0918926398', 'test26@gmail.com', '123456', '花蓮縣', '2022-06-10 01:19:19'),
(28, '3', '37550875', 'J127252260', '悠閒の小農', '王老闆', '0918755806', 'test27@gmail.com', '123456', '南投縣', '2022-06-10 01:19:19'),
(29, '1', '23308826', 'B176566100', '立岱有機農園', '陳老闆', '0918375607', 'test28@gmail.com', '123456', '南投縣', '2022-06-10 01:19:19');

-- --------------------------------------------------------

--
-- Table structure for table `firm_type`
--

CREATE TABLE `firm_type` (
  `firm_type_id` int(11) NOT NULL,
  `firm_type` varchar(255) NOT NULL
) ENGINE=InnoDB DEFAULT CHARSET=utf8mb4;

--
-- Dumping data for table `firm_type`
--

INSERT INTO `firm_type` (`firm_type_id`, `firm_type`) VALUES
(1, '農戶'),
(2, '小型商戶(免用發票)'),
(3, '個人(非公司'),
(4, '法人(公司)');

-- --------------------------------------------------------

--
-- Table structure for table `orderlist`
--

CREATE TABLE `orderlist` (
  `order_no` int(255) NOT NULL,
  `customer_id` varchar(255) NOT NULL,
  `order_status` varchar(255) NOT NULL,
  `product_amount_total` int(11) NOT NULL,
  `created_time` datetime NOT NULL,
  `customer_remark` varchar(255) DEFAULT NULL,
  `logistics_fee` int(11) DEFAULT NULL,
  `pay_channel` varchar(255) DEFAULT NULL
) ENGINE=InnoDB DEFAULT CHARSET=utf8mb4;

--
-- Dumping data for table `orderlist`
--

INSERT INTO `orderlist` (`order_no`, `customer_id`, `order_status`, `product_amount_total`, `created_time`, `customer_remark`, `logistics_fee`, `pay_channel`) VALUES
(1, '501', '訂單成立', 560, '2022-06-02 10:29:35', NULL, NULL, NULL),
(2, '501', '訂單成立', 560, '2022-06-02 10:30:01', NULL, NULL, NULL),
(3, '501', '訂單成立', 560, '2022-06-02 10:30:12', NULL, NULL, NULL),
(4, '501', '訂單成立', 150, '2022-06-02 10:31:51', NULL, NULL, NULL),
(5, '501', '訂單成立', 3180, '2022-06-02 10:32:26', NULL, NULL, NULL),
(6, '501', '訂單成立', 910, '2022-06-02 10:44:28', NULL, NULL, NULL),
(7, '501', '訂單成立', 100, '2022-06-02 10:56:27', NULL, NULL, NULL),
(8, '501', '訂單成立', 500, '2022-06-02 10:57:29', NULL, NULL, NULL),
(9, '501', '訂單成立', 1000, '2022-06-02 11:00:25', NULL, NULL, NULL),
(10, '501', '訂單成立', 650, '2022-06-02 11:03:17', NULL, NULL, NULL),
(11, '501', '訂單成立', 1000, '2022-06-02 11:04:08', NULL, NULL, NULL),
(12, '501', '訂單成立', 500, '2022-06-02 11:04:41', NULL, NULL, NULL),
(13, '501', '訂單成立', 750, '2022-06-02 11:05:19', NULL, NULL, NULL),
(14, '501', '訂單成立', 400, '2022-06-02 11:06:17', NULL, NULL, NULL),
(15, '501', '訂單成立', 500, '2022-06-02 11:06:57', NULL, NULL, NULL),
(16, '501', '訂單成立', 750, '2022-06-02 11:08:15', NULL, NULL, NULL),
(17, '501', '訂單成立', 600, '2022-06-02 11:09:41', NULL, NULL, NULL),
(18, '501', '訂單成立', 950, '2022-06-02 13:15:22', NULL, NULL, NULL),
(19, '501', '訂單成立', 50, '2022-06-02 16:08:56', NULL, NULL, NULL),
(20, '501', '訂單成立', 1000, '2022-06-02 16:09:56', NULL, NULL, NULL),
(21, '503', '訂單成立', 1000, '2022-06-06 14:46:04', NULL, NULL, NULL),
(22, '503', '訂單成立', 500, '2022-06-06 14:46:50', NULL, NULL, NULL),
(23, '503', '訂單成立', 500, '2022-06-06 14:46:51', NULL, NULL, NULL),
(24, '503', '訂單成立', 500, '2022-06-06 14:46:52', NULL, NULL, NULL),
(25, '503', '訂單成立', 500, '2022-06-06 14:48:45', NULL, NULL, NULL),
(26, '503', '訂單成立', 500, '2022-06-06 14:49:14', NULL, NULL, NULL),
(27, '503', '訂單成立', 500, '2022-06-06 14:50:14', NULL, NULL, NULL),
(28, '503', '訂單成立', 500, '2022-06-06 15:13:32', NULL, NULL, NULL),
(29, '503', '訂單成立', 500, '2022-06-06 15:14:16', NULL, NULL, NULL),
(30, '503', '訂單成立', 500, '2022-06-06 15:17:53', NULL, NULL, NULL),
(31, '503', '訂單成立', 500, '2022-06-06 15:18:19', NULL, NULL, NULL),
(32, '503', '訂單成立', 500, '2022-06-06 15:19:48', NULL, NULL, NULL),
(33, '503', '訂單成立', 500, '2022-06-06 15:20:37', NULL, NULL, NULL),
(34, '503', '訂單成立', 500, '2022-06-06 15:21:54', NULL, NULL, NULL),
(35, '503', '訂單成立', 500, '2022-06-06 15:29:39', NULL, NULL, NULL),
(36, '503', '訂單成立', 500, '2022-06-06 15:30:03', NULL, NULL, NULL),
(37, '503', '訂單成立', 1100, '2022-06-06 15:30:37', NULL, NULL, NULL),
(38, '503', '訂單成立', 1100, '2022-06-06 15:30:40', NULL, NULL, NULL),
(39, '503', '訂單成立', 1100, '2022-06-06 15:30:43', NULL, NULL, NULL),
(40, '503', '訂單成立', 1100, '2022-06-06 15:30:53', NULL, NULL, NULL),
(41, '503', '訂單成立', 1100, '2022-06-06 15:33:17', NULL, NULL, NULL),
(42, '503', '訂單成立', 1100, '2022-06-06 15:33:24', NULL, NULL, NULL),
(43, '503', '訂單成立', 1100, '2022-06-06 15:33:29', NULL, NULL, NULL),
(44, '503', '訂單成立', 1100, '2022-06-06 15:33:32', NULL, NULL, NULL),
(45, '503', '訂單成立', 1100, '2022-06-06 15:34:00', NULL, NULL, NULL),
(46, '503', '訂單成立', 1100, '2022-06-06 15:43:16', NULL, NULL, NULL),
(47, '503', '訂單成立', 1100, '2022-06-06 15:48:37', NULL, NULL, NULL),
(48, '503', '訂單成立', 1100, '2022-06-06 15:48:56', NULL, NULL, NULL),
(49, '503', '訂單成立', 1100, '2022-06-06 15:48:57', NULL, NULL, NULL),
(50, '503', '訂單成立', 1100, '2022-06-06 15:49:29', NULL, NULL, NULL),
(51, '503', '訂單成立', 1100, '2022-06-06 15:49:36', NULL, NULL, NULL),
(52, '503', '訂單成立', 1100, '2022-06-06 15:49:50', NULL, NULL, NULL),
(53, '503', '訂單成立', 1100, '2022-06-06 15:50:09', NULL, NULL, NULL),
(54, '503', '訂單成立', 1100, '2022-06-06 15:50:29', NULL, NULL, NULL),
(55, '503', '訂單成立', 1100, '2022-06-06 15:54:03', NULL, NULL, NULL),
(56, '503', '訂單成立', 1100, '2022-06-06 15:54:22', NULL, NULL, NULL),
(57, '503', '訂單成立', 1100, '2022-06-06 15:54:47', NULL, NULL, NULL),
(58, '503', '訂單成立', 1100, '2022-06-06 15:55:50', NULL, NULL, NULL),
(59, '503', '訂單成立', 1100, '2022-06-06 15:57:26', NULL, NULL, NULL),
(60, '503', '訂單成立', 1100, '2022-06-06 15:57:39', NULL, NULL, NULL),
(61, '503', '訂單成立', 1100, '2022-06-06 15:57:47', NULL, NULL, NULL),
(62, '503', '訂單成立', 1100, '2022-06-06 15:58:19', NULL, NULL, NULL),
(63, '503', '訂單成立', 1100, '2022-06-06 15:58:38', NULL, NULL, NULL),
(64, '503', '訂單成立', 1100, '2022-06-06 15:58:56', NULL, NULL, NULL),
(65, '503', '訂單成立', 1100, '2022-06-06 15:59:45', NULL, NULL, NULL),
(66, '503', '訂單成立', 1000, '2022-06-06 15:59:59', NULL, NULL, NULL),
(67, '503', '訂單成立', 500, '2022-06-06 16:11:36', NULL, NULL, NULL),
(68, '503', '訂單成立', 500, '2022-06-06 16:13:35', NULL, NULL, NULL),
(69, '503', '訂單成立', 250, '2022-06-06 16:13:51', NULL, NULL, NULL),
(70, '503', '訂單成立', 50, '2022-06-06 16:24:27', NULL, NULL, NULL),
(71, '503', '訂單成立', 100, '2022-06-06 16:25:47', NULL, NULL, NULL),
(72, '503', '訂單成立', 1000, '2022-06-06 16:27:35', NULL, NULL, NULL),
(73, '503', '訂單成立', 200, '2022-06-06 16:49:30', NULL, NULL, NULL),
(74, '503', '訂單成立', 50, '2022-06-06 16:52:57', NULL, NULL, NULL),
(75, '503', '訂單成立', 50, '2022-06-06 16:53:29', NULL, NULL, NULL),
(76, '505', '訂單成立', 600, '2022-06-07 14:36:29', NULL, NULL, NULL),
(77, '505', '訂單成立', 600, '2022-06-07 14:37:01', NULL, NULL, NULL),
(78, '505', '訂單成立', 600, '2022-06-07 14:37:21', NULL, NULL, NULL),
(79, '505', '訂單成立', 600, '2022-06-07 14:37:44', NULL, NULL, NULL),
(80, '505', '訂單成立', 600, '2022-06-07 14:50:56', NULL, NULL, NULL),
(81, '505', '訂單成立', 600, '2022-06-07 14:51:30', NULL, NULL, NULL),
(82, '505', '訂單成立', 600, '2022-06-07 14:51:36', NULL, NULL, NULL),
(83, '505', '訂單成立', 600, '2022-06-07 14:51:54', NULL, NULL, NULL),
(84, '505', '訂單成立', 200, '2022-06-07 14:55:17', NULL, NULL, NULL),
(85, '505', '訂單成立', 300, '2022-06-07 16:37:42', NULL, NULL, NULL),
(86, '505', '訂單成立', 300, '2022-06-07 16:37:55', NULL, NULL, NULL),
(87, '504', '訂單成立', 600, '2022-06-08 08:47:41', NULL, NULL, NULL),
(88, '504', '訂單成立', 100, '2022-06-08 08:50:56', NULL, NULL, NULL),
(89, '504', '訂單成立', 25, '2022-06-08 09:07:18', NULL, NULL, NULL),
(90, '504', '訂單成立', 80, '2022-06-08 09:15:44', NULL, NULL, NULL),
(91, '504', '訂單成立', 200, '2022-06-08 09:20:31', NULL, NULL, NULL),
(92, '504', '訂單成立', 80, '2022-06-08 09:21:42', NULL, NULL, NULL),
(93, '504', '訂單成立', 80, '2022-06-08 09:22:08', NULL, NULL, NULL),
(94, '504', '訂單成立', 80, '2022-06-08 09:22:28', NULL, NULL, NULL),
(95, '504', '訂單成立', 80, '2022-06-08 09:23:48', NULL, NULL, NULL),
(96, '504', '訂單成立', 80, '2022-06-08 09:24:16', NULL, NULL, NULL),
(97, '504', '訂單成立', 80, '2022-06-08 09:24:47', NULL, NULL, NULL),
(98, '504', '訂單成立', 80, '2022-06-08 09:25:00', NULL, NULL, NULL),
(99, '504', '訂單成立', 700, '2022-06-08 09:49:48', NULL, NULL, NULL),
(100, '504', '訂單成立', 700, '2022-06-08 09:52:08', NULL, NULL, NULL),
(101, '504', '訂單成立', 700, '2022-06-08 09:52:08', NULL, NULL, NULL),
(102, '504', '訂單成立', 700, '2022-06-08 09:52:33', NULL, NULL, NULL),
(103, '504', '訂單成立', 700, '2022-06-08 09:53:35', NULL, NULL, NULL),
(104, '504', '訂單成立', 700, '2022-06-08 09:53:37', NULL, NULL, NULL),
(105, '504', '訂單成立', 700, '2022-06-08 09:53:37', NULL, NULL, NULL),
(106, '504', '訂單成立', 700, '2022-06-08 09:54:01', NULL, NULL, NULL),
(107, '504', '訂單成立', 700, '2022-06-08 09:56:40', NULL, NULL, NULL),
(108, '504', '訂單成立', 700, '2022-06-08 09:58:39', NULL, NULL, NULL),
(109, '504', '訂單成立', 700, '2022-06-08 10:01:36', NULL, NULL, NULL),
(110, '504', '訂單成立', 700, '2022-06-08 10:01:52', NULL, NULL, NULL),
(111, '504', '訂單成立', 700, '2022-06-08 10:02:08', NULL, NULL, NULL),
(112, '504', '訂單成立', 700, '2022-06-08 10:03:13', NULL, NULL, NULL),
(113, '504', '訂單成立', 500, '2022-06-08 10:03:27', NULL, NULL, NULL),
(114, '504', '訂單成立', 2140, '2022-06-08 10:05:36', NULL, NULL, NULL),
(115, '504', '訂單成立', 1280, '2022-06-08 10:07:01', NULL, NULL, NULL),
(116, '504', '訂單成立', 1060, '2022-06-08 10:08:48', NULL, NULL, NULL),
(117, '504', '訂單成立', 770, '2022-06-08 10:11:14', NULL, NULL, NULL),
(118, '504', '訂單成立', 1520, '2022-06-08 11:05:11', NULL, NULL, NULL),
(119, '504', '訂單成立', 3090, '2022-06-08 11:39:53', NULL, NULL, NULL),
(120, '504', '訂單成立', 1625, '2022-06-08 15:00:13', NULL, NULL, NULL),
(121, '504', '訂單成立', 45600, '2022-06-08 15:08:31', NULL, NULL, NULL),
(122, '504', '訂單成立', 26435, '2022-06-09 10:06:35', NULL, NULL, NULL),
(123, '504', '訂單成立', 50, '2022-06-09 13:06:49', NULL, NULL, NULL),
(124, '504', '訂單成立', 500, '2022-06-09 13:13:30', NULL, NULL, NULL),
(125, '504', '訂單成立', 500, '2022-06-09 13:23:29', NULL, NULL, NULL),
(126, '504', '訂單成立', 500, '2022-06-09 13:43:30', NULL, NULL, NULL),
(127, '504', '訂單成立', 500, '2022-06-09 13:49:12', NULL, NULL, NULL),
(128, '504', '訂單成立', 500, '2022-06-09 13:49:13', NULL, NULL, NULL),
(129, '504', '訂單成立', 500, '2022-06-09 13:49:41', NULL, NULL, NULL),
(130, '504', '訂單成立', 500, '2022-06-09 13:51:23', NULL, NULL, NULL),
(131, '504', '訂單成立', 500, '2022-06-09 13:53:32', NULL, NULL, NULL),
(132, '504', '訂單成立', 500, '2022-06-09 13:53:53', NULL, NULL, NULL),
(133, '504', '訂單成立', 500, '2022-06-09 13:54:21', NULL, NULL, NULL),
(134, '504', '訂單成立', 500, '2022-06-09 13:54:25', NULL, NULL, NULL),
(135, '504', '訂單成立', 500, '2022-06-09 13:54:48', NULL, NULL, NULL),
(136, '504', '訂單成立', 500, '2022-06-09 13:54:50', NULL, NULL, NULL),
(137, '504', '訂單成立', 500, '2022-06-09 13:54:55', NULL, NULL, NULL),
(138, '504', '訂單成立', 500, '2022-06-09 13:55:00', NULL, NULL, NULL),
(139, '504', '訂單成立', 500, '2022-06-09 13:58:09', NULL, NULL, NULL),
(140, '504', '訂單成立', 500, '2022-06-09 13:58:19', NULL, NULL, NULL),
(141, '504', '訂單成立', 500, '2022-06-09 13:59:11', NULL, NULL, NULL),
(142, '504', '訂單成立', 500, '2022-06-09 13:59:14', NULL, NULL, NULL),
(143, '504', '訂單成立', 500, '2022-06-09 13:59:15', NULL, NULL, NULL),
(144, '504', '訂單成立', 500, '2022-06-09 14:00:05', NULL, NULL, NULL),
(145, '504', '訂單成立', 500, '2022-06-09 14:00:15', NULL, NULL, NULL),
(146, '504', '訂單成立', 500, '2022-06-09 14:00:20', NULL, NULL, NULL),
(147, '504', '訂單成立', 500, '2022-06-09 14:00:32', NULL, NULL, NULL),
(148, '504', '訂單成立', 500, '2022-06-09 14:01:01', NULL, NULL, NULL),
(149, '504', '訂單成立', 500, '2022-06-09 14:01:31', NULL, NULL, NULL),
(150, '504', '訂單成立', 500, '2022-06-09 14:01:42', NULL, NULL, NULL),
(151, '504', '訂單成立', 500, '2022-06-09 14:01:53', NULL, NULL, NULL),
(152, '504', '訂單成立', 17750, '2022-06-09 14:03:47', NULL, NULL, NULL),
(153, '504', '訂單成立', 17750, '2022-06-09 14:04:10', NULL, NULL, NULL),
(154, '504', '訂單成立', 17750, '2022-06-09 14:08:50', NULL, NULL, NULL),
(155, '504', '訂單成立', 17750, '2022-06-09 14:09:17', NULL, NULL, NULL),
(156, '504', '訂單成立', 17750, '2022-06-09 14:11:32', NULL, NULL, NULL),
(157, '504', '訂單成立', 17750, '2022-06-09 14:13:18', NULL, NULL, NULL),
(158, '504', '訂單成立', 17750, '2022-06-09 14:17:05', NULL, NULL, NULL),
(159, '504', '訂單成立', 17750, '2022-06-09 14:17:53', NULL, NULL, NULL),
(160, '504', '訂單成立', 17750, '2022-06-09 14:20:59', NULL, NULL, NULL),
(161, '504', '訂單成立', 17750, '2022-06-09 14:24:22', NULL, NULL, NULL),
(162, '504', '訂單成立', 17750, '2022-06-09 14:26:06', NULL, NULL, NULL),
(163, '504', '訂單成立', 17750, '2022-06-09 14:26:51', NULL, NULL, NULL),
(164, '504', '訂單成立', 17750, '2022-06-09 14:27:35', NULL, NULL, NULL),
(165, '504', '訂單成立', 17750, '2022-06-09 14:27:51', NULL, NULL, NULL),
(166, '504', '訂單成立', 600, '2022-06-09 14:29:38', NULL, NULL, NULL),
(167, '504', '訂單成立', 600, '2022-06-09 14:30:04', NULL, NULL, NULL),
(168, '504', '訂單成立', 600, '2022-06-09 14:30:25', NULL, NULL, NULL),
(169, '504', '訂單成立', 600, '2022-06-09 14:31:17', NULL, NULL, NULL),
(170, '504', '訂單成立', 600, '2022-06-09 14:32:48', NULL, NULL, NULL),
(171, '504', '訂單成立', 600, '2022-06-09 14:33:32', NULL, NULL, NULL),
(172, '504', '訂單成立', 600, '2022-06-09 14:34:08', NULL, NULL, NULL),
(173, '504', '訂單成立', 600, '2022-06-09 14:38:58', NULL, NULL, NULL),
(174, '504', '訂單成立', 600, '2022-06-09 14:41:10', NULL, NULL, NULL),
(175, '504', '訂單成立', 600, '2022-06-09 14:44:20', NULL, NULL, NULL),
(176, '504', '訂單成立', 600, '2022-06-09 14:44:39', NULL, NULL, NULL),
(177, '504', '訂單成立', 600, '2022-06-09 14:44:58', NULL, NULL, NULL),
(178, '504', '訂單成立', 600, '2022-06-09 14:45:28', NULL, NULL, NULL),
(179, '504', '訂單成立', 600, '2022-06-09 14:50:34', NULL, NULL, NULL),
(180, '504', '訂單成立', 600, '2022-06-09 14:52:11', NULL, NULL, NULL),
(181, '504', '訂單成立', 600, '2022-06-09 14:53:24', NULL, NULL, NULL),
(182, '504', '訂單成立', 600, '2022-06-09 14:56:24', NULL, NULL, NULL),
(183, '504', '訂單成立', 600, '2022-06-09 14:57:07', NULL, NULL, NULL),
(184, '504', '訂單成立', 600, '2022-06-09 14:57:40', NULL, NULL, NULL),
(185, '504', '訂單成立', 950, '2022-06-09 15:00:23', NULL, NULL, NULL),
(186, '504', '訂單成立', 200, '2022-06-09 15:02:57', NULL, NULL, NULL),
(187, '504', '訂單成立', 1580, '2022-06-09 17:21:00', NULL, NULL, NULL),
(188, '504', '訂單成立', 5000, '2022-06-10 15:51:10', NULL, NULL, NULL),
(189, '504', '訂單成立', 1350, '2022-06-10 16:39:04', NULL, NULL, NULL),
(190, '505', '訂單成立', 1000, '2022-06-10 17:43:47', NULL, NULL, NULL),
(191, '505', '訂單成立', 2740, '2022-06-13 08:32:01', NULL, NULL, NULL),
(192, '505', '訂單成立', 14630, '2022-06-13 08:52:48', NULL, NULL, NULL),
(193, '505', '訂單成立', 66700, '2022-06-13 10:49:44', NULL, NULL, NULL);

-- --------------------------------------------------------

--
-- Table structure for table `order_details`
--

CREATE TABLE `order_details` (
  `sid` int(11) NOT NULL,
  `order_no` int(11) NOT NULL,
  `product_id` int(11) NOT NULL,
  `order_type` varchar(50) NOT NULL,
  `product_price` int(11) NOT NULL,
  `product_count` int(11) NOT NULL,
  `discount_amount` int(11) DEFAULT NULL,
  `subtotal` int(11) NOT NULL,
  `created_time` datetime NOT NULL,
  `customer_remark` varchar(255) DEFAULT NULL,
  `orderlogistics_id` int(11) DEFAULT NULL,
  `pay_channel_id` int(11) DEFAULT NULL
) ENGINE=InnoDB DEFAULT CHARSET=utf8mb4;

--
-- Dumping data for table `order_details`
--

INSERT INTO `order_details` (`sid`, `order_no`, `product_id`, `order_type`, `product_price`, `product_count`, `discount_amount`, `subtotal`, `created_time`, `customer_remark`, `orderlogistics_id`, `pay_channel_id`) VALUES
(1, 3, 1, '2', 500, 1, NULL, 560, '2022-06-02 10:30:12', NULL, NULL, NULL),
(2, 3, 13, '1', 60, 1, NULL, 560, '2022-06-02 10:30:12', NULL, NULL, NULL),
(3, 4, 15, '1', 50, 1, NULL, 150, '2022-06-02 10:31:51', NULL, NULL, NULL),
(4, 4, 2, '2', 50, 2, NULL, 150, '2022-06-02 10:31:51', NULL, NULL, NULL),
(5, 5, 1, '2', 500, 3, NULL, 3180, '2022-06-02 10:32:26', NULL, NULL, NULL),
(6, 5, 5, '2', 300, 4, NULL, 3180, '2022-06-02 10:32:26', NULL, NULL, NULL),
(7, 5, 14, '1', 80, 6, NULL, 3180, '2022-06-02 10:32:26', NULL, NULL, NULL),
(8, 6, 1, '2', 500, 1, NULL, 910, '2022-06-02 10:44:28', NULL, NULL, NULL),
(9, 6, 6, '2', 50, 5, NULL, 910, '2022-06-02 10:44:28', NULL, NULL, NULL),
(10, 6, 14, '1', 80, 2, NULL, 910, '2022-06-02 10:44:28', NULL, NULL, NULL),
(11, 7, 3, '2', 50, 2, NULL, 100, '2022-06-02 10:56:27', NULL, NULL, NULL),
(12, 8, 1, '2', 500, 1, NULL, 500, '2022-06-02 10:57:29', NULL, NULL, NULL),
(13, 9, 1, '2', 500, 2, NULL, 1000, '2022-06-02 11:00:25', NULL, NULL, NULL),
(14, 10, 2, '2', 50, 13, NULL, 650, '2022-06-02 11:03:17', NULL, NULL, NULL),
(15, 11, 1, '2', 500, 2, NULL, 1000, '2022-06-02 11:04:08', NULL, NULL, NULL),
(16, 12, 1, '2', 500, 1, NULL, 500, '2022-06-02 11:04:41', NULL, NULL, NULL),
(17, 13, 2, '2', 50, 15, NULL, 750, '2022-06-02 11:05:19', NULL, NULL, NULL),
(18, 14, 6, '2', 50, 8, NULL, 400, '2022-06-02 11:06:17', NULL, NULL, NULL),
(19, 15, 1, '2', 500, 1, NULL, 500, '2022-06-02 11:06:57', NULL, NULL, NULL),
(20, 16, 2, '2', 50, 15, NULL, 750, '2022-06-02 11:08:15', NULL, NULL, NULL),
(21, 17, 5, '2', 300, 2, NULL, 600, '2022-06-02 11:09:41', NULL, NULL, NULL),
(22, 18, 4, '2', 100, 1, NULL, 950, '2022-06-02 13:15:22', NULL, NULL, NULL),
(23, 18, 3, '2', 50, 1, NULL, 950, '2022-06-02 13:15:22', NULL, NULL, NULL),
(24, 18, 2, '2', 50, 6, NULL, 950, '2022-06-02 13:15:23', NULL, NULL, NULL),
(25, 18, 1, '2', 500, 1, NULL, 950, '2022-06-02 13:15:23', NULL, NULL, NULL),
(26, 19, 2, '2', 50, 1, NULL, 50, '2022-06-02 16:08:56', NULL, NULL, NULL),
(27, 20, 2, '2', 50, 20, NULL, 1000, '2022-06-02 16:09:56', NULL, NULL, NULL),
(28, 21, 1, '2', 500, 2, NULL, 1000, '2022-06-06 14:46:04', NULL, NULL, NULL),
(29, 22, 1, '2', 500, 1, NULL, 500, '2022-06-06 14:46:50', NULL, NULL, NULL),
(30, 23, 1, '2', 500, 1, NULL, 500, '2022-06-06 14:46:51', NULL, NULL, NULL),
(31, 24, 1, '2', 500, 1, NULL, 500, '2022-06-06 14:46:52', NULL, NULL, NULL),
(32, 25, 1, '2', 500, 1, NULL, 500, '2022-06-06 14:48:45', NULL, NULL, NULL),
(33, 26, 1, '2', 500, 1, NULL, 500, '2022-06-06 14:49:14', NULL, NULL, NULL),
(34, 27, 1, '2', 500, 1, NULL, 500, '2022-06-06 14:50:14', NULL, NULL, NULL),
(35, 28, 1, '2', 500, 1, NULL, 500, '2022-06-06 15:13:32', NULL, NULL, NULL),
(36, 29, 1, '2', 500, 1, NULL, 500, '2022-06-06 15:14:16', NULL, NULL, NULL),
(37, 32, 1, '2', 500, 1, NULL, 500, '2022-06-06 15:19:48', NULL, NULL, NULL),
(38, 33, 1, '2', 500, 1, NULL, 500, '2022-06-06 15:20:37', NULL, NULL, NULL),
(39, 34, 1, '2', 500, 1, NULL, 500, '2022-06-06 15:21:54', NULL, NULL, NULL),
(40, 35, 1, '2', 500, 1, NULL, 500, '2022-06-06 15:29:39', NULL, NULL, NULL),
(41, 36, 1, '2', 500, 1, NULL, 500, '2022-06-06 15:30:03', NULL, NULL, NULL),
(42, 37, 1, '2', 500, 1, NULL, 1100, '2022-06-06 15:30:37', NULL, NULL, NULL),
(43, 37, 2, '2', 50, 12, NULL, 1100, '2022-06-06 15:30:37', NULL, NULL, NULL),
(44, 38, 1, '2', 500, 1, NULL, 1100, '2022-06-06 15:30:40', NULL, NULL, NULL),
(45, 38, 2, '2', 50, 12, NULL, 1100, '2022-06-06 15:30:40', NULL, NULL, NULL),
(46, 39, 1, '2', 500, 1, NULL, 1100, '2022-06-06 15:30:43', NULL, NULL, NULL),
(47, 39, 2, '2', 50, 12, NULL, 1100, '2022-06-06 15:30:43', NULL, NULL, NULL),
(48, 40, 1, '2', 500, 1, NULL, 1100, '2022-06-06 15:30:53', NULL, NULL, NULL),
(49, 40, 2, '2', 50, 12, NULL, 1100, '2022-06-06 15:30:53', NULL, NULL, NULL),
(50, 41, 1, '2', 500, 1, NULL, 1100, '2022-06-06 15:33:17', NULL, NULL, NULL),
(51, 41, 2, '2', 50, 12, NULL, 1100, '2022-06-06 15:33:17', NULL, NULL, NULL),
(52, 42, 1, '2', 500, 1, NULL, 1100, '2022-06-06 15:33:24', NULL, NULL, NULL),
(53, 42, 2, '2', 50, 12, NULL, 1100, '2022-06-06 15:33:24', NULL, NULL, NULL),
(54, 43, 1, '2', 500, 1, NULL, 1100, '2022-06-06 15:33:29', NULL, NULL, NULL),
(55, 43, 2, '2', 50, 12, NULL, 1100, '2022-06-06 15:33:29', NULL, NULL, NULL),
(56, 44, 1, '2', 500, 1, NULL, 1100, '2022-06-06 15:33:32', NULL, NULL, NULL),
(57, 44, 2, '2', 50, 12, NULL, 1100, '2022-06-06 15:33:32', NULL, NULL, NULL),
(58, 45, 1, '2', 500, 1, NULL, 1100, '2022-06-06 15:34:00', NULL, NULL, NULL),
(59, 45, 2, '2', 50, 12, NULL, 1100, '2022-06-06 15:34:00', NULL, NULL, NULL),
(60, 46, 1, '2', 500, 1, NULL, 1100, '2022-06-06 15:43:16', NULL, NULL, NULL),
(61, 46, 2, '2', 50, 12, NULL, 1100, '2022-06-06 15:43:16', NULL, NULL, NULL),
(62, 47, 1, '2', 500, 1, NULL, 1100, '2022-06-06 15:48:37', NULL, NULL, NULL),
(63, 47, 2, '2', 50, 12, NULL, 1100, '2022-06-06 15:48:37', NULL, NULL, NULL),
(64, 48, 1, '2', 500, 1, NULL, 1100, '2022-06-06 15:48:56', NULL, NULL, NULL),
(65, 48, 2, '2', 50, 12, NULL, 1100, '2022-06-06 15:48:56', NULL, NULL, NULL),
(66, 49, 1, '2', 500, 1, NULL, 1100, '2022-06-06 15:48:57', NULL, NULL, NULL),
(67, 49, 2, '2', 50, 12, NULL, 1100, '2022-06-06 15:48:57', NULL, NULL, NULL),
(68, 50, 1, '2', 500, 1, NULL, 1100, '2022-06-06 15:49:29', NULL, NULL, NULL),
(69, 50, 2, '2', 50, 12, NULL, 1100, '2022-06-06 15:49:29', NULL, NULL, NULL),
(70, 51, 1, '2', 500, 1, NULL, 1100, '2022-06-06 15:49:36', NULL, NULL, NULL),
(71, 51, 2, '2', 50, 12, NULL, 1100, '2022-06-06 15:49:36', NULL, NULL, NULL),
(72, 52, 1, '2', 500, 1, NULL, 1100, '2022-06-06 15:49:50', NULL, NULL, NULL),
(73, 52, 2, '2', 50, 12, NULL, 1100, '2022-06-06 15:49:50', NULL, NULL, NULL),
(74, 53, 1, '2', 500, 1, NULL, 1100, '2022-06-06 15:50:09', NULL, NULL, NULL),
(75, 53, 2, '2', 50, 12, NULL, 1100, '2022-06-06 15:50:09', NULL, NULL, NULL),
(76, 54, 1, '2', 500, 1, NULL, 1100, '2022-06-06 15:50:29', NULL, NULL, NULL),
(77, 54, 2, '2', 50, 12, NULL, 1100, '2022-06-06 15:50:29', NULL, NULL, NULL),
(78, 55, 1, '2', 500, 1, NULL, 1100, '2022-06-06 15:54:03', NULL, NULL, NULL),
(79, 55, 2, '2', 50, 12, NULL, 1100, '2022-06-06 15:54:03', NULL, NULL, NULL),
(80, 56, 1, '2', 500, 1, NULL, 1100, '2022-06-06 15:54:22', NULL, NULL, NULL),
(81, 56, 2, '2', 50, 12, NULL, 1100, '2022-06-06 15:54:22', NULL, NULL, NULL),
(82, 57, 1, '2', 500, 1, NULL, 1100, '2022-06-06 15:54:47', NULL, NULL, NULL),
(83, 57, 2, '2', 50, 12, NULL, 1100, '2022-06-06 15:54:47', NULL, NULL, NULL),
(84, 58, 1, '2', 500, 1, NULL, 1100, '2022-06-06 15:55:50', NULL, NULL, NULL),
(85, 58, 2, '2', 50, 12, NULL, 1100, '2022-06-06 15:55:50', NULL, NULL, NULL),
(86, 59, 1, '2', 500, 1, NULL, 1100, '2022-06-06 15:57:26', NULL, NULL, NULL),
(87, 59, 2, '2', 50, 12, NULL, 1100, '2022-06-06 15:57:26', NULL, NULL, NULL),
(88, 60, 1, '2', 500, 1, NULL, 1100, '2022-06-06 15:57:39', NULL, NULL, NULL),
(89, 60, 2, '2', 50, 12, NULL, 1100, '2022-06-06 15:57:39', NULL, NULL, NULL),
(90, 61, 1, '2', 500, 1, NULL, 1100, '2022-06-06 15:57:47', NULL, NULL, NULL),
(91, 61, 2, '2', 50, 12, NULL, 1100, '2022-06-06 15:57:47', NULL, NULL, NULL),
(92, 62, 1, '2', 500, 1, NULL, 1100, '2022-06-06 15:58:19', NULL, NULL, NULL),
(93, 62, 2, '2', 50, 12, NULL, 1100, '2022-06-06 15:58:19', NULL, NULL, NULL),
(94, 63, 1, '2', 500, 1, NULL, 1100, '2022-06-06 15:58:38', NULL, NULL, NULL),
(95, 63, 2, '2', 50, 12, NULL, 1100, '2022-06-06 15:58:38', NULL, NULL, NULL),
(96, 64, 1, '2', 500, 1, NULL, 1100, '2022-06-06 15:58:56', NULL, NULL, NULL),
(97, 64, 2, '2', 50, 12, NULL, 1100, '2022-06-06 15:58:56', NULL, NULL, NULL),
(98, 65, 1, '2', 500, 1, NULL, 1100, '2022-06-06 15:59:45', NULL, NULL, NULL),
(99, 65, 2, '2', 50, 12, NULL, 1100, '2022-06-06 15:59:45', NULL, NULL, NULL),
(100, 66, 1, '2', 500, 2, NULL, 1000, '2022-06-06 15:59:59', NULL, NULL, NULL),
(101, 67, 1, '2', 500, 1, NULL, 500, '2022-06-06 16:11:36', NULL, NULL, NULL),
(102, 68, 1, '2', 500, 1, NULL, 500, '2022-06-06 16:13:35', NULL, NULL, NULL),
(103, 69, 2, '2', 50, 5, NULL, 250, '2022-06-06 16:13:51', NULL, NULL, NULL),
(104, 70, 3, '2', 50, 1, NULL, 50, '2022-06-06 16:24:27', NULL, NULL, NULL),
(105, 71, 2, '2', 50, 2, NULL, 100, '2022-06-06 16:25:47', NULL, NULL, NULL),
(106, 72, 1, '2', 500, 2, NULL, 1000, '2022-06-06 16:27:35', NULL, NULL, NULL),
(107, 73, 2, '2', 50, 4, NULL, 200, '2022-06-06 16:49:30', NULL, NULL, NULL),
(108, 74, 3, '2', 50, 1, NULL, 50, '2022-06-06 16:52:57', NULL, NULL, NULL),
(109, 75, 3, '2', 50, 1, NULL, 50, '2022-06-06 16:53:29', NULL, NULL, NULL),
(110, 76, 3, '2', 50, 1, NULL, 600, '2022-06-07 14:36:29', NULL, NULL, NULL),
(111, 76, 2, '2', 50, 1, NULL, 600, '2022-06-07 14:36:29', NULL, NULL, NULL),
(112, 76, 1, '2', 500, 1, NULL, 600, '2022-06-07 14:36:29', NULL, NULL, NULL),
(113, 77, 3, '2', 50, 1, NULL, 600, '2022-06-07 14:37:01', NULL, NULL, NULL),
(114, 77, 2, '2', 50, 1, NULL, 600, '2022-06-07 14:37:01', NULL, NULL, NULL),
(115, 77, 1, '2', 500, 1, NULL, 600, '2022-06-07 14:37:01', NULL, NULL, NULL),
(116, 78, 3, '2', 50, 1, NULL, 600, '2022-06-07 14:37:21', NULL, NULL, NULL),
(117, 78, 2, '2', 50, 1, NULL, 600, '2022-06-07 14:37:21', NULL, NULL, NULL),
(118, 78, 1, '2', 500, 1, NULL, 600, '2022-06-07 14:37:21', NULL, NULL, NULL),
(119, 79, 3, '2', 50, 1, NULL, 600, '2022-06-07 14:37:44', NULL, NULL, NULL),
(120, 79, 2, '2', 50, 1, NULL, 600, '2022-06-07 14:37:44', NULL, NULL, NULL),
(121, 79, 1, '2', 500, 1, NULL, 600, '2022-06-07 14:37:44', NULL, NULL, NULL),
(122, 80, 3, '2', 50, 1, NULL, 600, '2022-06-07 14:50:56', NULL, NULL, NULL),
(123, 80, 2, '2', 50, 1, NULL, 600, '2022-06-07 14:50:56', NULL, NULL, NULL),
(124, 80, 1, '2', 500, 1, NULL, 600, '2022-06-07 14:50:56', NULL, NULL, NULL),
(125, 81, 3, '2', 50, 1, NULL, 600, '2022-06-07 14:51:30', NULL, NULL, NULL),
(126, 81, 2, '2', 50, 1, NULL, 600, '2022-06-07 14:51:30', NULL, NULL, NULL),
(127, 81, 1, '2', 500, 1, NULL, 600, '2022-06-07 14:51:30', NULL, NULL, NULL),
(128, 82, 3, '2', 50, 1, NULL, 600, '2022-06-07 14:51:36', NULL, NULL, NULL),
(129, 82, 2, '2', 50, 1, NULL, 600, '2022-06-07 14:51:36', NULL, NULL, NULL),
(130, 82, 1, '2', 500, 1, NULL, 600, '2022-06-07 14:51:36', NULL, NULL, NULL),
(131, 83, 3, '2', 50, 1, NULL, 600, '2022-06-07 14:51:54', NULL, NULL, NULL),
(132, 83, 2, '2', 50, 1, NULL, 600, '2022-06-07 14:51:54', NULL, NULL, NULL),
(133, 83, 1, '2', 500, 1, NULL, 600, '2022-06-07 14:51:54', NULL, NULL, NULL),
(134, 84, 7, '2', 200, 1, NULL, 200, '2022-06-07 14:55:17', NULL, NULL, NULL),
(135, 85, 4, '2', 100, 3, NULL, 300, '2022-06-07 16:37:42', NULL, NULL, NULL),
(136, 86, 4, '2', 100, 3, NULL, 300, '2022-06-07 16:37:55', NULL, NULL, NULL),
(137, 87, 9, '2', 100, 2, NULL, 600, '2022-06-08 08:47:41', NULL, NULL, NULL),
(138, 87, 8, '2', 150, 2, NULL, 600, '2022-06-08 08:47:41', NULL, NULL, NULL),
(139, 87, 15, '1', 50, 2, NULL, 600, '2022-06-08 08:47:41', NULL, NULL, NULL),
(140, 87, 47, '6', 780, 2, NULL, 600, '2022-06-08 08:47:41', NULL, NULL, NULL),
(141, 88, 15, '1', 50, 2, NULL, 100, '2022-06-08 08:50:56', NULL, NULL, NULL),
(142, 88, 49, '6', 520, 2, NULL, 100, '2022-06-08 08:50:56', NULL, NULL, NULL),
(143, 89, 10, '2', 25, 1, NULL, 25, '2022-06-08 09:07:18', NULL, NULL, NULL),
(144, 89, 52, '6', 190, 1, NULL, 25, '2022-06-08 09:07:18', NULL, NULL, NULL),
(145, 90, 14, '1', 80, 1, NULL, 80, '2022-06-08 09:15:44', NULL, NULL, NULL),
(146, 91, 7, '2', 200, 1, NULL, 200, '2022-06-08 09:20:31', NULL, NULL, NULL),
(147, 92, 14, '1', 80, 1, NULL, 80, '2022-06-08 09:21:42', NULL, NULL, NULL),
(148, 93, 14, '1', 80, 1, NULL, 80, '2022-06-08 09:22:08', NULL, NULL, NULL),
(149, 94, 14, '1', 80, 1, NULL, 80, '2022-06-08 09:22:28', NULL, NULL, NULL),
(150, 95, 14, '1', 80, 1, NULL, 80, '2022-06-08 09:23:48', NULL, NULL, NULL),
(151, 96, 14, '1', 80, 1, NULL, 80, '2022-06-08 09:24:16', NULL, NULL, NULL),
(152, 96, 53, '6', 350, 2, NULL, 80, '2022-06-08 09:24:16', NULL, NULL, NULL),
(153, 97, 14, '1', 80, 1, NULL, 80, '2022-06-08 09:24:47', NULL, NULL, NULL),
(154, 97, 53, '6', 350, 2, NULL, 80, '2022-06-08 09:24:47', NULL, NULL, NULL),
(155, 98, 14, '1', 80, 1, NULL, 80, '2022-06-08 09:25:00', NULL, NULL, NULL),
(156, 98, 53, '6', 350, 2, NULL, 80, '2022-06-08 09:25:00', NULL, NULL, NULL),
(157, 108, 53, '6', 350, 2, NULL, 700, '2022-06-08 09:58:39', NULL, NULL, NULL),
(158, 109, 53, '6', 350, 2, NULL, 700, '2022-06-08 10:01:36', NULL, NULL, NULL),
(159, 110, 53, '6', 350, 2, NULL, 700, '2022-06-08 10:01:52', NULL, NULL, NULL),
(160, 111, 53, '6', 350, 2, NULL, 700, '2022-06-08 10:02:08', NULL, NULL, NULL),
(161, 112, 53, '6', 350, 2, NULL, 700, '2022-06-08 10:03:13', NULL, NULL, NULL),
(162, 113, 1, '2', 500, 1, NULL, 500, '2022-06-08 10:03:27', NULL, NULL, NULL),
(163, 114, 21, '4', 1000, 1, NULL, 2140, '2022-06-08 10:05:36', NULL, NULL, NULL),
(164, 114, 54, '6', 1140, 1, NULL, 2140, '2022-06-08 10:05:36', NULL, NULL, NULL),
(165, 115, 1, '2', 500, 2, NULL, 1280, '2022-06-08 10:07:01', NULL, NULL, NULL),
(166, 115, 55, '6', 140, 2, NULL, 1280, '2022-06-08 10:07:01', NULL, NULL, NULL),
(167, 116, 1, '2', 500, 1, NULL, 1060, '2022-06-08 10:08:48', NULL, NULL, NULL),
(168, 116, 56, '6', 280, 2, NULL, 1060, '2022-06-08 10:08:48', NULL, NULL, NULL),
(169, 117, 2, '2', 50, 1, NULL, 770, '2022-06-08 10:11:14', NULL, NULL, NULL),
(170, 117, 57, '6', 240, 3, NULL, 770, '2022-06-08 10:11:14', NULL, NULL, NULL),
(171, 118, 1, '2', 500, 2, NULL, 1520, '2022-06-08 11:05:11', NULL, NULL, NULL),
(172, 118, 3, '2', 50, 1, NULL, 1520, '2022-06-08 11:05:11', NULL, NULL, NULL),
(173, 118, 58, '6', 470, 1, NULL, 1520, '2022-06-08 11:05:11', NULL, NULL, NULL),
(174, 119, 1, '2', 500, 3, NULL, 3090, '2022-06-08 11:39:53', NULL, NULL, NULL),
(175, 119, 59, '6', 530, 3, NULL, 3090, '2022-06-08 11:39:53', NULL, NULL, NULL),
(176, 120, 1, '2', 500, 1, NULL, 1625, '2022-06-08 15:00:13', NULL, NULL, NULL),
(177, 120, 60, '6', 525, 1, NULL, 1625, '2022-06-08 15:00:13', NULL, NULL, NULL),
(178, 120, 61, '6', 300, 2, NULL, 1625, '2022-06-08 15:00:13', NULL, NULL, NULL),
(179, 121, 2, '2', 50, 7, NULL, 45600, '2022-06-08 15:08:31', NULL, NULL, NULL),
(180, 121, 62, '6', 700, 1, NULL, 45600, '2022-06-08 15:08:31', NULL, NULL, NULL),
(181, 121, 63, '6', 14850, 3, NULL, 45600, '2022-06-08 15:08:31', NULL, NULL, NULL),
(182, 122, 1, '2', 500, 51, NULL, 26435, '2022-06-09 10:06:35', NULL, NULL, NULL),
(183, 122, 2, '2', 50, 11, NULL, 26435, '2022-06-09 10:06:35', NULL, NULL, NULL),
(184, 122, 64, '6', 385, 1, NULL, 26435, '2022-06-09 10:06:35', NULL, NULL, NULL),
(185, 123, 2, '2', 50, 1, NULL, 50, '2022-06-09 13:06:49', NULL, NULL, NULL),
(186, 124, 1, '2', 500, 1, NULL, 500, '2022-06-09 13:13:30', NULL, NULL, NULL),
(187, 125, 1, '2', 500, 1, NULL, 500, '2022-06-09 13:23:29', NULL, NULL, NULL),
(188, 126, 1, '2', 500, 1, NULL, 500, '2022-06-09 13:43:30', NULL, NULL, NULL),
(189, 127, 1, '2', 500, 1, NULL, 500, '2022-06-09 13:49:12', NULL, NULL, NULL),
(190, 128, 1, '2', 500, 1, NULL, 500, '2022-06-09 13:49:13', NULL, NULL, NULL),
(191, 129, 1, '2', 500, 1, NULL, 500, '2022-06-09 13:49:41', NULL, NULL, NULL),
(192, 130, 1, '2', 500, 1, NULL, 500, '2022-06-09 13:51:23', NULL, NULL, NULL),
(193, 131, 1, '2', 500, 1, NULL, 500, '2022-06-09 13:53:32', NULL, NULL, NULL),
(194, 132, 1, '2', 500, 1, NULL, 500, '2022-06-09 13:53:53', NULL, NULL, NULL),
(195, 133, 1, '2', 500, 1, NULL, 500, '2022-06-09 13:54:21', NULL, NULL, NULL),
(196, 134, 1, '2', 500, 1, NULL, 500, '2022-06-09 13:54:25', NULL, NULL, NULL),
(197, 135, 1, '2', 500, 1, NULL, 500, '2022-06-09 13:54:48', NULL, NULL, NULL),
(198, 136, 1, '2', 500, 1, NULL, 500, '2022-06-09 13:54:50', NULL, NULL, NULL),
(199, 137, 1, '2', 500, 1, NULL, 500, '2022-06-09 13:54:55', NULL, NULL, NULL),
(200, 138, 1, '2', 500, 1, NULL, 500, '2022-06-09 13:55:00', NULL, NULL, NULL),
(201, 139, 1, '2', 500, 1, NULL, 500, '2022-06-09 13:58:09', NULL, NULL, NULL),
(202, 140, 1, '2', 500, 1, NULL, 500, '2022-06-09 13:58:19', NULL, NULL, NULL),
(203, 141, 1, '2', 500, 1, NULL, 500, '2022-06-09 13:59:11', NULL, NULL, NULL),
(204, 142, 1, '2', 500, 1, NULL, 500, '2022-06-09 13:59:14', NULL, NULL, NULL),
(205, 143, 1, '2', 500, 1, NULL, 500, '2022-06-09 13:59:15', NULL, NULL, NULL),
(206, 144, 1, '2', 500, 1, NULL, 500, '2022-06-09 14:00:05', NULL, NULL, NULL),
(207, 145, 1, '2', 500, 1, NULL, 500, '2022-06-09 14:00:15', NULL, NULL, NULL),
(208, 146, 1, '2', 500, 1, NULL, 500, '2022-06-09 14:00:20', NULL, NULL, NULL),
(209, 147, 1, '2', 500, 1, NULL, 500, '2022-06-09 14:00:32', NULL, NULL, NULL),
(210, 148, 1, '2', 500, 1, NULL, 500, '2022-06-09 14:01:01', NULL, NULL, NULL),
(211, 149, 1, '2', 500, 1, NULL, 500, '2022-06-09 14:01:31', NULL, NULL, NULL),
(212, 150, 1, '2', 500, 1, NULL, 500, '2022-06-09 14:01:42', NULL, NULL, NULL),
(213, 151, 1, '2', 500, 1, NULL, 500, '2022-06-09 14:01:53', NULL, NULL, NULL),
(214, 152, 1, '2', 500, 1, NULL, 17750, '2022-06-09 14:03:47', NULL, NULL, NULL),
(215, 152, 69, '6', 3450, 5, NULL, 17750, '2022-06-09 14:03:47', NULL, NULL, NULL),
(216, 153, 1, '2', 500, 1, NULL, 17750, '2022-06-09 14:04:10', NULL, NULL, NULL),
(217, 153, 69, '6', 3450, 5, NULL, 17750, '2022-06-09 14:04:10', NULL, NULL, NULL),
(218, 154, 1, '2', 500, 1, NULL, 17750, '2022-06-09 14:08:50', NULL, NULL, NULL),
(219, 154, 69, '6', 3450, 5, NULL, 17750, '2022-06-09 14:08:50', NULL, NULL, NULL),
(220, 155, 1, '2', 500, 1, NULL, 17750, '2022-06-09 14:09:17', NULL, NULL, NULL),
(221, 155, 69, '6', 3450, 5, NULL, 17750, '2022-06-09 14:09:17', NULL, NULL, NULL),
(222, 156, 1, '2', 500, 1, NULL, 17750, '2022-06-09 14:11:32', NULL, NULL, NULL),
(223, 156, 69, '6', 3450, 5, NULL, 17750, '2022-06-09 14:11:32', NULL, NULL, NULL),
(224, 157, 1, '2', 500, 1, NULL, 17750, '2022-06-09 14:13:18', NULL, NULL, NULL),
(225, 157, 69, '6', 3450, 5, NULL, 17750, '2022-06-09 14:13:18', NULL, NULL, NULL),
(226, 158, 1, '2', 500, 1, NULL, 17750, '2022-06-09 14:17:05', NULL, NULL, NULL),
(227, 158, 69, '6', 3450, 5, NULL, 17750, '2022-06-09 14:17:05', NULL, NULL, NULL),
(228, 159, 1, '2', 500, 1, NULL, 17750, '2022-06-09 14:17:53', NULL, NULL, NULL),
(229, 159, 69, '6', 3450, 5, NULL, 17750, '2022-06-09 14:17:53', NULL, NULL, NULL),
(230, 160, 1, '2', 500, 1, NULL, 17750, '2022-06-09 14:20:59', NULL, NULL, NULL),
(231, 160, 69, '6', 3450, 5, NULL, 17750, '2022-06-09 14:20:59', NULL, NULL, NULL),
(232, 161, 1, '2', 500, 1, NULL, 17750, '2022-06-09 14:24:22', NULL, NULL, NULL),
(233, 161, 69, '6', 3450, 5, NULL, 17750, '2022-06-09 14:24:22', NULL, NULL, NULL),
(234, 162, 1, '2', 500, 1, NULL, 17750, '2022-06-09 14:26:06', NULL, NULL, NULL),
(235, 162, 69, '6', 3450, 5, NULL, 17750, '2022-06-09 14:26:06', NULL, NULL, NULL),
(236, 163, 1, '2', 500, 1, NULL, 17750, '2022-06-09 14:26:51', NULL, NULL, NULL),
(237, 163, 69, '6', 3450, 5, NULL, 17750, '2022-06-09 14:26:51', NULL, NULL, NULL),
(238, 164, 1, '2', 500, 1, NULL, 17750, '2022-06-09 14:27:35', NULL, NULL, NULL),
(239, 164, 69, '6', 3450, 5, NULL, 17750, '2022-06-09 14:27:35', NULL, NULL, NULL),
(240, 165, 1, '2', 500, 1, NULL, 17750, '2022-06-09 14:27:51', NULL, NULL, NULL),
(241, 165, 69, '6', 3450, 5, NULL, 17750, '2022-06-09 14:27:51', NULL, NULL, NULL),
(242, 166, 1, '2', 500, 1, NULL, 600, '2022-06-09 14:29:38', NULL, NULL, NULL),
(243, 166, 4, '2', 100, 1, NULL, 600, '2022-06-09 14:29:38', NULL, NULL, NULL),
(244, 167, 1, '2', 500, 1, NULL, 600, '2022-06-09 14:30:04', NULL, NULL, NULL),
(245, 167, 4, '2', 100, 1, NULL, 600, '2022-06-09 14:30:04', NULL, NULL, NULL),
(246, 168, 1, '2', 500, 1, NULL, 600, '2022-06-09 14:30:25', NULL, NULL, NULL),
(247, 168, 4, '2', 100, 1, NULL, 600, '2022-06-09 14:30:25', NULL, NULL, NULL),
(248, 169, 1, '2', 500, 1, NULL, 600, '2022-06-09 14:31:17', NULL, NULL, NULL),
(249, 169, 4, '2', 100, 1, NULL, 600, '2022-06-09 14:31:17', NULL, NULL, NULL),
(250, 170, 1, '2', 500, 1, NULL, 600, '2022-06-09 14:32:48', NULL, NULL, NULL),
(251, 170, 4, '2', 100, 1, NULL, 600, '2022-06-09 14:32:48', NULL, NULL, NULL),
(252, 171, 1, '2', 500, 1, NULL, 600, '2022-06-09 14:33:32', NULL, NULL, NULL),
(253, 171, 4, '2', 100, 1, NULL, 600, '2022-06-09 14:33:32', NULL, NULL, NULL),
(254, 172, 1, '2', 500, 1, NULL, 600, '2022-06-09 14:34:08', NULL, NULL, NULL),
(255, 172, 4, '2', 100, 1, NULL, 600, '2022-06-09 14:34:08', NULL, NULL, NULL),
(256, 173, 1, '2', 500, 1, NULL, 600, '2022-06-09 14:38:58', NULL, NULL, NULL),
(257, 173, 4, '2', 100, 1, NULL, 600, '2022-06-09 14:38:58', NULL, NULL, NULL),
(258, 174, 1, '2', 500, 1, NULL, 600, '2022-06-09 14:41:10', NULL, NULL, NULL),
(259, 174, 4, '2', 100, 1, NULL, 600, '2022-06-09 14:41:10', NULL, NULL, NULL),
(260, 175, 1, '2', 500, 1, NULL, 600, '2022-06-09 14:44:20', NULL, NULL, NULL),
(261, 175, 4, '2', 100, 1, NULL, 600, '2022-06-09 14:44:20', NULL, NULL, NULL),
(262, 176, 1, '2', 500, 1, NULL, 600, '2022-06-09 14:44:39', NULL, NULL, NULL),
(263, 176, 4, '2', 100, 1, NULL, 600, '2022-06-09 14:44:40', NULL, NULL, NULL),
(264, 177, 1, '2', 500, 1, NULL, 600, '2022-06-09 14:44:58', NULL, NULL, NULL),
(265, 177, 4, '2', 100, 1, NULL, 600, '2022-06-09 14:44:58', NULL, NULL, NULL),
(266, 178, 1, '2', 500, 1, NULL, 600, '2022-06-09 14:45:28', NULL, NULL, NULL),
(267, 178, 4, '2', 100, 1, NULL, 600, '2022-06-09 14:45:28', NULL, NULL, NULL),
(268, 179, 1, '2', 500, 1, NULL, 600, '2022-06-09 14:50:34', NULL, NULL, NULL),
(269, 179, 4, '2', 100, 1, NULL, 600, '2022-06-09 14:50:34', NULL, NULL, NULL),
(270, 180, 1, '2', 500, 1, NULL, 600, '2022-06-09 14:52:11', NULL, NULL, NULL),
(271, 180, 4, '2', 100, 1, NULL, 600, '2022-06-09 14:52:11', NULL, NULL, NULL),
(272, 181, 1, '2', 500, 1, NULL, 600, '2022-06-09 14:53:24', NULL, NULL, NULL),
(273, 181, 4, '2', 100, 1, NULL, 600, '2022-06-09 14:53:24', NULL, NULL, NULL),
(274, 182, 1, '2', 500, 1, NULL, 600, '2022-06-09 14:56:24', NULL, NULL, NULL),
(275, 182, 4, '2', 100, 1, NULL, 600, '2022-06-09 14:56:24', NULL, NULL, NULL),
(276, 183, 1, '2', 500, 1, NULL, 600, '2022-06-09 14:57:07', NULL, NULL, NULL),
(277, 183, 4, '2', 100, 1, NULL, 600, '2022-06-09 14:57:07', NULL, NULL, NULL),
(278, 184, 1, '2', 500, 1, NULL, 600, '2022-06-09 14:57:40', NULL, NULL, NULL),
(279, 184, 4, '2', 100, 1, NULL, 600, '2022-06-09 14:57:40', NULL, NULL, NULL),
(280, 185, 1, '2', 500, 1, NULL, 950, '2022-06-09 15:00:23', NULL, NULL, NULL),
(281, 185, 4, '2', 100, 1, NULL, 950, '2022-06-09 15:00:23', NULL, NULL, NULL),
(282, 185, 5, '2', 300, 1, NULL, 950, '2022-06-09 15:00:23', NULL, NULL, NULL),
(283, 185, 6, '2', 50, 1, NULL, 950, '2022-06-09 15:00:23', NULL, NULL, NULL),
(284, 186, 7, '2', 200, 1, NULL, 200, '2022-06-09 15:02:57', NULL, NULL, NULL),
(285, 187, 1, '2', 500, 1, NULL, 1580, '2022-06-09 17:21:00', NULL, NULL, NULL),
(286, 187, 2, '2', 50, 2, NULL, 1580, '2022-06-09 17:21:00', NULL, NULL, NULL),
(287, 187, 70, '6', 490, 2, NULL, 1580, '2022-06-09 17:21:00', NULL, NULL, NULL),
(288, 188, 1, '2', 500, 10, NULL, 5000, '2022-06-10 15:51:10', NULL, NULL, NULL),
(289, 189, 71, '6', 450, 3, NULL, 1350, '2022-06-10 16:39:04', NULL, NULL, NULL),
(290, 190, 1, '2', 500, 2, NULL, 1000, '2022-06-10 17:43:47', NULL, NULL, NULL),
(291, 191, 13, '1', 60, 1, NULL, 2740, '2022-06-13 08:32:01', NULL, NULL, NULL),
(292, 191, 11, '1', 30, 1, NULL, 2740, '2022-06-13 08:32:01', NULL, NULL, NULL),
(293, 191, 2, '2', 50, 1, NULL, 2740, '2022-06-13 08:32:01', NULL, NULL, NULL),
(294, 191, 77, '6', 1300, 2, NULL, 2740, '2022-06-13 08:32:01', NULL, NULL, NULL),
(295, 192, 2, '2', 50, 1, NULL, 14630, '2022-06-13 08:52:48', NULL, NULL, NULL),
(296, 192, 78, '6', 4860, 3, NULL, 14630, '2022-06-13 08:52:48', NULL, NULL, NULL),
(297, 193, 2, '2', 50, 4, NULL, 66700, '2022-06-13 10:49:44', NULL, NULL, NULL),
(298, 193, 1, '2', 500, 5, NULL, 66700, '2022-06-13 10:49:44', NULL, NULL, NULL),
(299, 193, 28, '3', 1500, 1, NULL, 66700, '2022-06-13 10:49:44', NULL, NULL, NULL),
(300, 193, 81, '6', 62500, 1, NULL, 66700, '2022-06-13 10:49:44', NULL, NULL, NULL);

-- --------------------------------------------------------

--
-- Table structure for table `order_details_tobuy`
--

CREATE TABLE `order_details_tobuy` (
  `sid` int(11) NOT NULL,
  `member_id` int(255) NOT NULL,
  `product_id` int(11) NOT NULL,
  `cart_product_type` int(11) NOT NULL,
  `product_count` int(11) NOT NULL,
  `created_time` datetime NOT NULL
) ENGINE=InnoDB DEFAULT CHARSET=utf8mb4;

--
-- Dumping data for table `order_details_tobuy`
--

INSERT INTO `order_details_tobuy` (`sid`, `member_id`, `product_id`, `cart_product_type`, `product_count`, `created_time`) VALUES
(1, 0, 1, 2, 1, '2022-06-02 10:30:12'),
(2, 0, 13, 1, 1, '2022-06-02 10:30:12'),
(4, 0, 2, 2, 2, '2022-06-02 10:31:51'),
(5, 0, 1, 2, 3, '2022-06-02 10:32:26'),
(6, 0, 5, 2, 4, '2022-06-02 10:32:26'),
(7, 0, 14, 1, 6, '2022-06-02 10:32:26'),
(8, 0, 1, 2, 1, '2022-06-02 10:44:28'),
(9, 0, 6, 2, 5, '2022-06-02 10:44:28'),
(10, 0, 14, 1, 2, '2022-06-02 10:44:28'),
(11, 0, 3, 2, 2, '2022-06-02 10:56:27'),
(12, 0, 1, 2, 1, '2022-06-02 10:57:29'),
(13, 0, 1, 2, 2, '2022-06-02 11:00:25'),
(14, 0, 2, 2, 13, '2022-06-02 11:03:17'),
(15, 0, 1, 2, 2, '2022-06-02 11:04:08'),
(19, 0, 1, 2, 1, '2022-06-02 11:06:57'),
(20, 0, 2, 2, 15, '2022-06-02 11:08:15'),
(21, 1, 53, 2, 2, '2022-06-02 11:09:41'),
(22, 0, 4, 2, 1, '2022-06-02 13:15:22'),
(23, 0, 3, 2, 1, '2022-06-02 13:15:22'),
(24, 0, 2, 2, 6, '2022-06-02 13:15:23'),
(25, 0, 1, 2, 1, '2022-06-02 13:15:23'),
(26, 0, 2, 2, 1, '2022-06-02 16:08:56'),
(27, 0, 2, 2, 20, '2022-06-02 16:09:56'),
(28, 0, 1, 2, 2, '2022-06-06 14:46:04'),
(29, 0, 1, 2, 1, '2022-06-06 14:46:50'),
(30, 0, 1, 2, 1, '2022-06-06 14:46:51'),
(31, 0, 1, 2, 1, '2022-06-06 14:46:52'),
(32, 0, 1, 2, 1, '2022-06-06 14:48:45'),
(33, 0, 1, 2, 1, '2022-06-06 14:49:14'),
(34, 0, 1, 2, 1, '2022-06-06 14:50:14'),
(35, 0, 1, 2, 1, '2022-06-06 15:13:32'),
(36, 0, 1, 2, 1, '2022-06-06 15:14:16'),
(37, 0, 1, 2, 1, '2022-06-06 15:19:48'),
(38, 0, 1, 2, 1, '2022-06-06 15:20:37'),
(39, 0, 1, 2, 1, '2022-06-06 15:21:54'),
(40, 0, 1, 2, 1, '2022-06-06 15:29:39'),
(41, 0, 1, 2, 1, '2022-06-06 15:30:03'),
(42, 0, 1, 2, 1, '2022-06-06 15:30:37'),
(43, 0, 2, 2, 12, '2022-06-06 15:30:37'),
(44, 0, 1, 2, 1, '2022-06-06 15:30:40'),
(45, 0, 2, 2, 12, '2022-06-06 15:30:40'),
(46, 0, 1, 2, 1, '2022-06-06 15:30:43'),
(47, 0, 2, 2, 12, '2022-06-06 15:30:43'),
(48, 0, 1, 2, 1, '2022-06-06 15:30:53'),
(49, 0, 2, 2, 12, '2022-06-06 15:30:53'),
(50, 0, 1, 2, 1, '2022-06-06 15:33:17'),
(51, 0, 2, 2, 12, '2022-06-06 15:33:17'),
(52, 0, 1, 2, 1, '2022-06-06 15:33:24'),
(53, 0, 2, 2, 12, '2022-06-06 15:33:24'),
(54, 0, 1, 2, 1, '2022-06-06 15:33:29'),
(55, 0, 2, 2, 12, '2022-06-06 15:33:29'),
(56, 0, 1, 2, 1, '2022-06-06 15:33:32'),
(57, 0, 2, 2, 12, '2022-06-06 15:33:32'),
(58, 0, 1, 2, 1, '2022-06-06 15:34:00'),
(59, 0, 2, 2, 12, '2022-06-06 15:34:00'),
(60, 0, 1, 2, 1, '2022-06-06 15:43:16'),
(61, 0, 2, 2, 12, '2022-06-06 15:43:16'),
(62, 0, 1, 2, 1, '2022-06-06 15:48:37'),
(63, 0, 2, 2, 12, '2022-06-06 15:48:37'),
(64, 0, 1, 2, 1, '2022-06-06 15:48:56'),
(65, 0, 2, 2, 12, '2022-06-06 15:48:56'),
(66, 0, 1, 2, 1, '2022-06-06 15:48:57'),
(67, 0, 2, 2, 12, '2022-06-06 15:48:57'),
(68, 0, 1, 2, 1, '2022-06-06 15:49:29'),
(69, 0, 2, 2, 12, '2022-06-06 15:49:29'),
(70, 0, 1, 2, 1, '2022-06-06 15:49:36'),
(71, 0, 2, 2, 12, '2022-06-06 15:49:36'),
(72, 0, 1, 2, 1, '2022-06-06 15:49:50'),
(73, 0, 2, 2, 12, '2022-06-06 15:49:50'),
(74, 0, 1, 2, 1, '2022-06-06 15:50:09'),
(75, 0, 2, 2, 12, '2022-06-06 15:50:09'),
(76, 0, 1, 2, 1, '2022-06-06 15:50:29'),
(77, 0, 2, 2, 12, '2022-06-06 15:50:29'),
(78, 0, 1, 2, 1, '2022-06-06 15:54:03'),
(79, 0, 2, 2, 12, '2022-06-06 15:54:03'),
(80, 0, 1, 2, 1, '2022-06-06 15:54:22'),
(81, 0, 2, 2, 12, '2022-06-06 15:54:22'),
(82, 0, 1, 2, 1, '2022-06-06 15:54:47'),
(83, 0, 2, 2, 12, '2022-06-06 15:54:47'),
(84, 0, 1, 2, 1, '2022-06-06 15:55:50'),
(85, 0, 2, 2, 12, '2022-06-06 15:55:50'),
(86, 0, 1, 2, 1, '2022-06-06 15:57:26'),
(87, 0, 2, 2, 12, '2022-06-06 15:57:26'),
(88, 0, 1, 2, 1, '2022-06-06 15:57:39'),
(89, 0, 2, 2, 12, '2022-06-06 15:57:39'),
(90, 0, 1, 2, 1, '2022-06-06 15:57:47'),
(91, 0, 2, 2, 12, '2022-06-06 15:57:47'),
(92, 0, 1, 2, 1, '2022-06-06 15:58:19'),
(93, 0, 2, 2, 12, '2022-06-06 15:58:19'),
(94, 0, 1, 2, 1, '2022-06-06 15:58:38'),
(95, 0, 2, 2, 12, '2022-06-06 15:58:38'),
(96, 0, 1, 2, 1, '2022-06-06 15:58:56'),
(97, 0, 2, 2, 12, '2022-06-06 15:58:56'),
(98, 0, 1, 2, 1, '2022-06-06 15:59:45'),
(99, 0, 2, 2, 12, '2022-06-06 15:59:45'),
(100, 0, 1, 2, 2, '2022-06-06 15:59:59'),
(101, 0, 1, 2, 1, '2022-06-06 16:11:36'),
(102, 0, 1, 2, 1, '2022-06-06 16:13:35'),
(103, 0, 2, 2, 5, '2022-06-06 16:13:51'),
(104, 0, 3, 2, 1, '2022-06-06 16:24:27'),
(105, 0, 2, 2, 2, '2022-06-06 16:25:47'),
(106, 0, 1, 2, 2, '2022-06-06 16:27:35'),
(107, 0, 2, 2, 4, '2022-06-06 16:49:30'),
(108, 0, 3, 2, 1, '2022-06-06 16:52:57'),
(109, 0, 3, 2, 1, '2022-06-06 16:53:29'),
(110, 0, 3, 2, 1, '2022-06-07 14:36:29'),
(111, 0, 2, 2, 1, '2022-06-07 14:36:29'),
(112, 0, 1, 2, 1, '2022-06-07 14:36:29'),
(113, 0, 3, 2, 1, '2022-06-07 14:37:01'),
(114, 0, 2, 2, 1, '2022-06-07 14:37:01'),
(115, 0, 1, 2, 1, '2022-06-07 14:37:01'),
(116, 0, 3, 2, 1, '2022-06-07 14:37:21'),
(117, 0, 2, 2, 1, '2022-06-07 14:37:21'),
(118, 0, 1, 2, 1, '2022-06-07 14:37:21'),
(119, 0, 3, 2, 1, '2022-06-07 14:37:44'),
(120, 0, 2, 2, 1, '2022-06-07 14:37:44'),
(121, 0, 1, 2, 1, '2022-06-07 14:37:44'),
(122, 0, 3, 2, 1, '2022-06-07 14:50:56'),
(123, 0, 2, 2, 1, '2022-06-07 14:50:56'),
(124, 0, 1, 2, 1, '2022-06-07 14:50:56'),
(125, 0, 3, 2, 1, '2022-06-07 14:51:30'),
(126, 0, 2, 2, 1, '2022-06-07 14:51:30'),
(127, 0, 1, 2, 1, '2022-06-07 14:51:30'),
(128, 0, 3, 2, 1, '2022-06-07 14:51:36'),
(129, 0, 2, 2, 1, '2022-06-07 14:51:36'),
(130, 0, 1, 2, 1, '2022-06-07 14:51:36'),
(131, 0, 3, 2, 1, '2022-06-07 14:51:54'),
(132, 0, 2, 2, 1, '2022-06-07 14:51:54'),
(133, 0, 1, 2, 1, '2022-06-07 14:51:54'),
(134, 0, 7, 2, 1, '2022-06-07 14:55:17'),
(135, 0, 4, 2, 3, '2022-06-07 16:37:42'),
(136, 0, 4, 2, 3, '2022-06-07 16:37:55'),
(137, 0, 9, 2, 2, '2022-06-08 08:47:41'),
(138, 0, 8, 2, 2, '2022-06-08 08:47:41'),
(139, 1, 15, 2, 4, '2022-06-08 08:47:41'),
(140, 0, 47, 1, 2, '2022-06-08 08:47:41'),
(141, 0, 15, 1, 2, '2022-06-08 08:50:56'),
(142, 0, 49, 2, 2, '2022-06-08 08:50:56'),
(143, 0, 10, 2, 1, '2022-06-08 09:07:18'),
(144, 1, 47, 1, 8, '2022-06-08 09:07:18'),
(145, 0, 14, 1, 1, '2022-06-08 09:15:44'),
(146, 0, 7, 2, 1, '2022-06-08 09:20:31'),
(147, 0, 14, 1, 1, '2022-06-08 09:21:42'),
(148, 0, 14, 1, 1, '2022-06-08 09:22:08'),
(149, 0, 14, 1, 1, '2022-06-08 09:22:28'),
(150, 0, 14, 1, 1, '2022-06-08 09:23:48'),
(151, 0, 14, 1, 1, '2022-06-08 09:24:16'),
(152, 0, 53, 1, 2, '2022-06-08 09:24:16'),
(153, 0, 14, 1, 1, '2022-06-08 09:24:47'),
(154, 0, 53, 1, 2, '2022-06-08 09:24:47'),
(155, 0, 14, 1, 1, '2022-06-08 09:25:00'),
(156, 0, 53, 1, 2, '2022-06-08 09:25:00'),
(157, 0, 53, 1, 2, '2022-06-08 09:58:39'),
(158, 0, 53, 1, 2, '2022-06-08 10:01:36'),
(159, 0, 53, 1, 2, '2022-06-08 10:01:52'),
(160, 0, 53, 2, 2, '2022-06-08 10:02:08'),
(161, 0, 53, 2, 2, '2022-06-08 10:03:13'),
(162, 0, 1, 2, 1, '2022-06-08 10:03:27'),
(163, 0, 21, 1, 1, '2022-06-08 10:05:36'),
(164, 0, 54, 2, 1, '2022-06-08 10:05:36'),
(165, 0, 1, 2, 2, '2022-06-08 10:07:01'),
(166, 0, 55, 1, 2, '2022-06-08 10:07:01'),
(167, 0, 1, 2, 1, '2022-06-08 10:08:48'),
(168, 0, 56, 1, 2, '2022-06-08 10:08:48'),
(169, 0, 2, 2, 1, '2022-06-08 10:11:14'),
(170, 0, 57, 2, 3, '2022-06-08 10:11:14'),
(171, 0, 1, 2, 2, '2022-06-08 11:05:11'),
(172, 0, 3, 2, 1, '2022-06-08 11:05:11'),
(173, 0, 58, 2, 1, '2022-06-08 11:05:11'),
(174, 0, 1, 2, 3, '2022-06-08 11:39:53'),
(175, 0, 59, 2, 3, '2022-06-08 11:39:53'),
(176, 0, 1, 2, 1, '2022-06-08 15:00:13'),
(177, 0, 60, 2, 1, '2022-06-08 15:00:13'),
(178, 0, 61, 2, 2, '2022-06-08 15:00:13'),
(179, 0, 2, 2, 7, '2022-06-08 15:08:31'),
(180, 0, 62, 2, 1, '2022-06-08 15:08:31'),
(181, 0, 63, 2, 3, '2022-06-08 15:08:31'),
(182, 0, 1, 2, 51, '2022-06-09 10:06:35'),
(183, 0, 2, 2, 11, '2022-06-09 10:06:35'),
(184, 0, 64, 2, 1, '2022-06-09 10:06:35'),
(185, 0, 2, 2, 1, '2022-06-09 13:06:49'),
(186, 0, 1, 2, 1, '2022-06-09 13:13:30'),
(187, 0, 1, 2, 1, '2022-06-09 13:23:29'),
(188, 0, 1, 2, 1, '2022-06-09 13:43:30'),
(189, 0, 1, 2, 1, '2022-06-09 13:49:12'),
(190, 0, 1, 2, 1, '2022-06-09 13:49:13'),
(191, 0, 1, 2, 1, '2022-06-09 13:49:41'),
(192, 0, 1, 2, 1, '2022-06-09 13:51:23'),
(193, 0, 1, 2, 1, '2022-06-09 13:53:32'),
(194, 0, 1, 2, 1, '2022-06-09 13:53:53'),
(195, 0, 1, 2, 1, '2022-06-09 13:54:21'),
(196, 0, 1, 2, 1, '2022-06-09 13:54:25'),
(197, 0, 1, 2, 1, '2022-06-09 13:54:48'),
(198, 0, 1, 2, 1, '2022-06-09 13:54:50'),
(199, 0, 1, 2, 1, '2022-06-09 13:54:55'),
(200, 0, 1, 2, 1, '2022-06-09 13:55:00'),
(201, 0, 1, 2, 1, '2022-06-09 13:58:09'),
(202, 0, 1, 2, 1, '2022-06-09 13:58:19'),
(203, 0, 1, 2, 1, '2022-06-09 13:59:11'),
(204, 0, 1, 2, 1, '2022-06-09 13:59:14'),
(205, 0, 1, 2, 1, '2022-06-09 13:59:15'),
(206, 0, 1, 2, 1, '2022-06-09 14:00:05'),
(207, 0, 1, 2, 1, '2022-06-09 14:00:15'),
(208, 0, 1, 2, 1, '2022-06-09 14:00:20'),
(209, 0, 1, 2, 1, '2022-06-09 14:00:32'),
(210, 0, 1, 2, 1, '2022-06-09 14:01:01'),
(211, 0, 1, 2, 1, '2022-06-09 14:01:31'),
(212, 0, 1, 2, 1, '2022-06-09 14:01:42'),
(213, 0, 1, 2, 1, '2022-06-09 14:01:53'),
(214, 0, 1, 2, 1, '2022-06-09 14:03:47'),
(215, 0, 69, 1, 5, '2022-06-09 14:03:47'),
(216, 0, 1, 2, 1, '2022-06-09 14:04:10'),
(217, 0, 69, 1, 5, '2022-06-09 14:04:10'),
(218, 0, 1, 2, 1, '2022-06-09 14:08:50'),
(219, 0, 69, 1, 5, '2022-06-09 14:08:50'),
(220, 0, 1, 2, 1, '2022-06-09 14:09:17'),
(221, 0, 69, 1, 5, '2022-06-09 14:09:17'),
(222, 0, 1, 2, 1, '2022-06-09 14:11:32'),
(223, 0, 69, 1, 5, '2022-06-09 14:11:32'),
(224, 0, 1, 2, 1, '2022-06-09 14:13:18'),
(225, 0, 69, 1, 5, '2022-06-09 14:13:18'),
(226, 0, 1, 2, 1, '2022-06-09 14:17:05'),
(227, 0, 69, 1, 5, '2022-06-09 14:17:05'),
(228, 0, 1, 2, 1, '2022-06-09 14:17:53'),
(229, 0, 69, 1, 5, '2022-06-09 14:17:53'),
(230, 0, 1, 2, 1, '2022-06-09 14:20:59'),
(231, 0, 69, 1, 5, '2022-06-09 14:20:59'),
(232, 0, 1, 2, 1, '2022-06-09 14:24:22'),
(233, 0, 69, 1, 5, '2022-06-09 14:24:22'),
(234, 0, 1, 2, 1, '2022-06-09 14:26:06'),
(235, 0, 69, 1, 5, '2022-06-09 14:26:06'),
(236, 0, 1, 2, 1, '2022-06-09 14:26:51'),
(237, 0, 69, 1, 5, '2022-06-09 14:26:51'),
(238, 0, 1, 2, 1, '2022-06-09 14:27:35'),
(239, 0, 69, 1, 5, '2022-06-09 14:27:35'),
(240, 0, 1, 2, 1, '2022-06-09 14:27:51'),
(241, 0, 69, 1, 5, '2022-06-09 14:27:51'),
(242, 0, 1, 2, 1, '2022-06-09 14:29:38'),
(243, 0, 4, 2, 1, '2022-06-09 14:29:38'),
(244, 0, 1, 2, 1, '2022-06-09 14:30:04'),
(245, 0, 4, 2, 1, '2022-06-09 14:30:04'),
(246, 0, 1, 2, 1, '2022-06-09 14:30:25'),
(247, 0, 4, 2, 1, '2022-06-09 14:30:25'),
(248, 0, 1, 2, 1, '2022-06-09 14:31:17'),
(249, 0, 4, 2, 1, '2022-06-09 14:31:17'),
(250, 0, 1, 2, 1, '2022-06-09 14:32:48'),
(251, 0, 4, 2, 1, '2022-06-09 14:32:48'),
(252, 0, 1, 2, 1, '2022-06-09 14:33:32'),
(253, 0, 4, 2, 1, '2022-06-09 14:33:32'),
(254, 0, 1, 2, 1, '2022-06-09 14:34:08'),
(255, 0, 4, 2, 1, '2022-06-09 14:34:08'),
(256, 0, 1, 2, 1, '2022-06-09 14:38:58'),
(257, 0, 4, 2, 1, '2022-06-09 14:38:58'),
(258, 0, 1, 2, 1, '2022-06-09 14:41:10'),
(259, 0, 4, 2, 1, '2022-06-09 14:41:10'),
(260, 0, 1, 2, 1, '2022-06-09 14:44:20'),
(261, 0, 4, 2, 1, '2022-06-09 14:44:20'),
(262, 0, 1, 2, 1, '2022-06-09 14:44:39'),
(263, 0, 4, 2, 1, '2022-06-09 14:44:40'),
(264, 0, 1, 2, 1, '2022-06-09 14:44:58'),
(265, 0, 4, 2, 1, '2022-06-09 14:44:58'),
(266, 0, 1, 2, 1, '2022-06-09 14:45:28'),
(267, 0, 4, 2, 1, '2022-06-09 14:45:28'),
(268, 0, 1, 2, 1, '2022-06-09 14:50:34'),
(269, 0, 4, 2, 1, '2022-06-09 14:50:34'),
(270, 0, 1, 2, 1, '2022-06-09 14:52:11'),
(271, 0, 4, 2, 1, '2022-06-09 14:52:11'),
(272, 0, 1, 2, 1, '2022-06-09 14:53:24'),
(273, 0, 4, 2, 1, '2022-06-09 14:53:24'),
(274, 0, 1, 2, 1, '2022-06-09 14:56:24'),
(275, 0, 4, 2, 1, '2022-06-09 14:56:24'),
(276, 0, 1, 2, 1, '2022-06-09 14:57:07'),
(277, 0, 4, 2, 1, '2022-06-09 14:57:07'),
(278, 0, 1, 2, 1, '2022-06-09 14:57:40'),
(279, 0, 4, 2, 1, '2022-06-09 14:57:40'),
(280, 0, 1, 2, 1, '2022-06-09 15:00:23'),
(281, 0, 4, 2, 1, '2022-06-09 15:00:23'),
(282, 0, 5, 2, 1, '2022-06-09 15:00:23'),
(283, 0, 6, 2, 1, '2022-06-09 15:00:23'),
(284, 0, 7, 2, 1, '2022-06-09 15:02:57'),
(285, 0, 1, 2, 1, '2022-06-09 17:21:00'),
(286, 0, 2, 2, 2, '2022-06-09 17:21:00'),
(287, 0, 70, 2, 2, '2022-06-09 17:21:00'),
(288, 0, 1, 2, 10, '2022-06-10 15:51:10'),
(289, 0, 71, 1, 3, '2022-06-10 16:39:04'),
(290, 0, 1, 2, 2, '2022-06-10 17:43:47'),
(291, 0, 13, 1, 1, '2022-06-13 08:32:01'),
(292, 0, 11, 1, 1, '2022-06-13 08:32:01'),
(293, 0, 2, 2, 1, '2022-06-13 08:32:01'),
(294, 0, 77, 1, 2, '2022-06-13 08:32:01'),
(295, 0, 2, 2, 1, '2022-06-13 08:52:48'),
(296, 0, 78, 1, 3, '2022-06-13 08:52:48'),
(297, 0, 2, 2, 4, '2022-06-13 10:49:44'),
(298, 0, 1, 2, 5, '2022-06-13 10:49:44'),
(299, 1, 28, 2, 1, '2022-06-13 10:49:44');

-- --------------------------------------------------------

--
-- Table structure for table `product`
--

CREATE TABLE `product` (
  `sid` int(11) NOT NULL,
  `product_name` varchar(255) NOT NULL,
  `product_type` int(11) NOT NULL,
  `product_img` varchar(255) NOT NULL,
  `product_price` int(11) NOT NULL,
  `product_unit` int(11) NOT NULL,
  `product_details` varchar(500) NOT NULL,
  `product_expire` int(11) NOT NULL,
  `product_inventory` int(11) NOT NULL,
  `product_supplier` int(11) NOT NULL,
  `hot_sale` tinyint(1) NOT NULL DEFAULT 0,
  `product_status` tinyint(1) NOT NULL DEFAULT 1,
  `product_hashtag` varchar(255) NOT NULL,
  `sale_time` datetime DEFAULT NULL,
  `created_at` datetime NOT NULL DEFAULT current_timestamp()
) ENGINE=InnoDB DEFAULT CHARSET=utf8mb4;

--
-- Dumping data for table `product`
--

INSERT INTO `product` (`sid`, `product_name`, `product_type`, `product_img`, `product_price`, `product_unit`, `product_details`, `product_expire`, `product_inventory`, `product_supplier`, `hot_sale`, `product_status`, `product_hashtag`, `sale_time`, `created_at`) VALUES
(5, '頂級泰國金枕頭榴槤', 2, '[\"durian03.jpg\",\"durian.jpg\",\"F- durian.png\"]', 800, 7, '泰國正宗直送台灣本島！當地新鮮現摘。果肉呈淺黃色，口感香甜細緻，一口咬下有如雪糕般鬆軟，香氣濃郁卻不刺鼻', 14, 30, 2, 1, 1, '[2]', NULL, '2022-07-17 08:53:37'),
(6, '日本弘前富士蘋果', 2, '[\"apples-02.jpg\",\"F-apple.jpg\",\"apple-03.jpg\"]', 80, 7, '產自日本蘋果金字招牌故鄉『青森縣』，味美香甜，果肉口感更勝富士蘋果，擁有優雅的瑰紅色外表，帶著黃色小點，果型圓潤相當討喜，吃起來的口感脆甜，硬度相稍低於密富士，但甜度高、酸度低、香氣濃郁、富有水分，口味柔和清爽。', 14, 30, 2, 0, 1, '[1,2,8]', NULL, '2022-07-17 08:53:37'),
(7, '無毒台灣香蕉/銷日等級', 2, '[\"banana.jpg\",\"F-banana.jpg\",\"banana-01.jpg\"]', 50, 1, '自然農法香蕉的品種的特色是特別有香氣，肉質十分細緻，口感綿密而扎實，是品質極佳香蕉品種。香蕉含有豐富鉀離子、色胺酸和可溶性纖維，有助於幫助消化。', 7, 3, 1, 1, 1, '[1,2,6,9]', NULL, '2022-07-17 08:53:37'),
(8, '【有機藍莓】美國空運進口', 2, '[\"blueberries-01.jpg\",\"blueberries.jpg\",\"F-blueberry.jpg\"]', 100, 6, '藍莓為小漿果，果實呈藍色，近圓形，果肉細膩，種子極小，甜酸適度，且具有香爽宜人的香氣，可鮮食，也可作為食品、飲料、醫藥等的原料。 不論新鮮或加工，藍莓的營養價值都是不容忽視。', 7, 30, 2, 0, 1, '[2,6]', NULL, '2022-07-17 08:53:37'),
(9, '嚴選台灣紅肉哈密瓜', 2, '[\"melon-01.jpg\",\"F-cantaloupe.webp\",\"melon-02.jpg\"]', 300, 7, '從育苗、長成、結果到成熟，均有塑膠布網室保護，生長過程中剔除品質不佳，只留下1-2顆幼果，網紋紅肉，果肉厚、甜度佳、香氣濃，品質有保證。 哈密瓜營養價值豐富，尤以維他命C及維他命A、鐵質含量非常豐富，是水果中的珍品，有「瓜中之王」的美稱', 12, 30, 1, 1, 1, '[2,4,8,9]', NULL, '2022-07-17 08:53:37'),
(10, '卓蘭楊桃', 2, '[\"F-carambola.jpg\"]', 50, 6, '台灣栽種馬來西亞種的楊桃果實大，每顆可達300克~400克以上，成熟時顏色呈橙黃色，甚至橘紅色，非常鮮艷。加上味道特別甜，非常討好台灣大眾對水果講究甜味以及顏色要深的偏好。', 4, 30, 1, 0, 1, '[2,3,4,6]', NULL, '2022-07-17 08:53:37'),
(11, '美國加州空運櫻桃', 2, '[\"fresh-cherry.jpg\",\"F-cherry.jpg\"]', 200, 6, '富含維它命C與鐵質 水果紅寶石，吃起來口感甜中帶微酸、果肉滋味純美，美味好吃夏季超人氣天后。', 7, 30, 2, 0, 1, '[2]', NULL, '2022-07-17 08:53:37'),
(12, '新鮮蔓越莓', 2, '[\"cherries011.jpg\",\"F-cranberry.jpg\",\"bowcranberr.jpg\"]', 150, 6, '當季新鮮採，鎖住蔓越莓的營養，天然的酸甜滋味，開封即食應用多樣，無論是烘培、果汁、奶昔、果醬等，快速備餐的祕密武器，一包在手變化無窮', 7, 30, 2, 0, 1, '[2,9]', NULL, '2022-07-17 08:53:37'),
(13, '嚴選巨峰葡萄', 2, '[\"black-grape.jpg\",\"F-grape.jpg\",\"grapeplant.jpg\"]', 100, 1, '完全無農藥栽培的巨峰葡萄，果粉超級均勻細緻，幾乎是夢幻等級！果肉紮實有彈性，舒服的滋味讓人喉頭回甘，一點都不澀。無農藥栽培連皮吃，可以把葡萄皮滿滿的營養吃下去，超安心～', 5, 30, 2, 1, 1, '[2,3,8,9]', NULL, '2022-07-17 08:53:37'),
(14, '有機頂級珍珠芭樂', 2, '[\"F-guava.jpg\",\"guava-fruit.jpg\"]', 25, 3, '沒有噴農藥、化肥、除草劑，有機栽培，連皮都可以安心吃下肚，芭樂皮富含維生素C和多酚，芭樂果肉更富含纖維，連芭樂仔的含鐵量還是熱帶果實中最多的。', 7, 30, 1, 0, 1, '[2,4,6,8]', NULL, '2022-07-17 08:53:37'),
(15, '【產銷履歷】青江菜', 1, '[\"chinese-cabbage01.jpg\",\"v_leafy_bokchoy.png\"]', 30, 2, '含有豐富維生素C與鈣質，營養價值高。煮湯清炒都好吃、補充每日蔬菜攝取量！', 3, 30, 1, 0, 1, '[2,3,4,6]', NULL, '2022-07-17 08:53:37'),
(16, '【高山】高麗菜', 1, '[\"farmers-cabbage.jpg\",\"v_leafy_cabbage.png\"]', 60, 7, '口感：滋味甜脆、中肋細小，清炒、生食、涼拌醃漬、製作菜卷等都很適合。', 7, 30, 1, 0, 1, '[8,9]', NULL, '2022-07-17 08:53:37'),
(17, '白花椰菜', 1, '[\"cauliflower.jpg\",\"v_leafy_cauliflower.jpg\"]', 60, 7, '花椰菜富含維生素B群、C，這些成分屬於水溶性，易受熱溶出而流失，所以煮花椰菜不宜高溫烹調，也不適合水煮。', 7, 30, 1, 0, 1, '[8,9]', NULL, '2022-07-17 08:53:37'),
(18, '有機紫高麗菜', 1, '[\"red-cabbage-01.jpg\",\"v_leafy_red-cabbage.png\"]', 80, 7, '紫高麗菜俗稱紫包菜，是十字花科的一種蔬菜。營養豐富，含有維生素C、V、E和B群。其營養價值為一般高麗菜的四倍。維生素C是柑橘的兩倍。一般常見的食用方式為生菜沙拉，也適合製作成油醋涼拌菜。有機、高營養口味清甜，也有許多媽媽製作成寶寶副食品。', 7, 30, 2, 1, 1, '[2,6,8]', NULL, '2022-07-17 08:53:37'),
(19, '嚴選有機大黃瓜', 1, '[\"v_melons_corms_cucumber_3.png\"]', 50, 5, '含水極高，且含丙醇二酸，可抑制糖類轉化為脂肪，被視為減肥食品。嫩籽含維生素E較多', 4, 30, 2, 0, 1, '[1,2,3]', NULL, '2022-07-17 08:53:37'),
(20, '有機小黃瓜', 1, '[\"v_melons_corms_cucumbers_7.jpg\"]', 10, 5, '口感清爽、含豐富維生素的小黃瓜，是涼拌沙拉與精力湯的好夥伴，但連續採收的特性，易有農藥殘留疑慮。農夫蔡昌旺在苗栗造橋，以有機方式種植小黃瓜。他的小黃瓜有著翠綠長胖的外型，清脆多汁外，更多了一份鮮甜瓜果的香氣。', 4, 30, 2, 0, 1, '[4,8]', NULL, '2022-07-17 08:53:37'),
(21, '台灣栗子南瓜', 1, '[\"v_melons_corms_pumpkins.png\",\"pumpkim.jpg\"]', 80, 3, '果皮呈深綠色，體型圓扁且果肉金黃飽滿，口感細緻綿密，香味近似栗子香般甜潤，可以連著果皮烹調、食用。富含胡蘿蔔素、維生素、礦物質及膳食纖維，營養價值高，是許多追求健康蔬食者熱愛的瓜果。', 14, 30, 1, 0, 1, '[1,2,6,8]', NULL, '2022-07-17 08:53:37'),
(22, '【台灣】有機綠櫛瓜', 1, '[\"v_melons_corms_zucchini_3.jpg\"]', 50, 5, '櫛瓜外表看起來雖與黃瓜、小黃瓜相似，但其實屬於南瓜同種的葫蘆科，又稱為「夏南瓜」，由於本身沒有特殊的味道，因此可與任何料理搭配，不論焗烤或油煎，甚至直接切片當沙拉都很好吃。', 5, 30, 1, 0, 1, '[1,2,8]', NULL, '2022-07-17 08:53:37'),
(23, '【埔鹽】安心有機無毒馬鈴薯', 1, '[\"potatoes.jpg\",\"v_melons_corms_potatoes.jpg\"]', 20, 7, '有機栽培種植的黃皮馬鈴薯，各個頭好壯壯，健康好吃無負擔，口感甘甜綿密，不管蒸煮、馬鈴薯沙拉、濃湯、烤或炸成原塊薯條、當作主食都超級美味！！', 14, 30, 1, 1, 1, '[1,8,9]', NULL, '2022-07-17 08:53:37'),
(24, '屏東有機本土黃洋蔥', 1, '[\"v_spices_onions_2.jpg\"]', 20, 7, '洋蔥在料理界佔有重要一席之地，用來爆香、提鮮、甜味自然回甘。採有機栽培，無農藥、無化肥種植的洋蔥品質更是優秀，清脆爽口甜度棒，讓您吃得安心又滿足！', 14, 30, 2, 0, 1, '[1,8,9]', NULL, '2022-07-17 08:53:37'),
(25, '在地嚴選螃蟹', 7, '[\"fresh-crab.jpg\",\"s_crab_2.png\"]', 1000, 4, '生長於澎湖海域的特有野生扁蟹，盛產期秋天至隔年春天，當季捕撈的扁蟹肉新鮮肥美，營養豐富！透過高鹽度的海水鹹味襯托出蟹肉本身的甜味，每一口皆是Q彈又甘甜！', 3, 30, 7, 0, 1, '[1,6,7]', NULL, '2022-07-17 08:53:37'),
(26, '野生活凍鮮嫩龍蝦', 7, '[\"s_lobster_2.jpg\"]', 800, 4, '殼薄肉多又飽滿，連蝦頭都是滿滿的肉，肉質扎實清甜，比一般大龍蝦鮮嫩，含有豐富蝦膏，每一口都是滿足，適合所有料理方式，料理後口感絕佳，清蒸、火烤、煮火鍋、煮湯都OK。', 20, 30, 7, 0, 1, '[1,6,7]', NULL, '2022-07-17 08:53:37'),
(27, '【低溫宅配-泰國蝦】特大蝦公', 7, '[\"fresh-shrimp-01.jpg\",\"fresh-shrimps02.jpg\",\"s_shrimp_4.jpg\"]', 400, 6, '高雄在地經營20年的泰國蝦專賣店，每天早上至屏東里港與配合的蝦農親自挑選。產地直送、活蝦直凍，新鮮、品質、有保證。', 20, 30, 6, 0, 1, '[1,6]', NULL, '2022-07-17 08:53:37'),
(28, '澎湖全殼大牡蠣(特大)', 7, '[\"s_oyster_1.jpg\"]', 600, 6, '澎湖活凍帶殼生蠔，生長於海水清澈、水質良好的產地，整顆採收完整保留營養與鮮甜口感，只要簡單清蒸、鹽烤加點檸檬滋味，絕倫滋味絕對讓您難以忘懷，低卡又含豐富營養，補充滿滿活力', 3, 30, 7, 0, 1, '[1,6,7]', NULL, '2022-07-17 08:53:37'),
(29, '頂級鮪魚腹排', 8, '[\"s_tuna.png\",\"tuna-ice.jpg\"]', 2000, 6, '取自黃鰭大目鮪魚腹肉，這部位油花均勻細緻，肉質鮮嫩可口，簡單乾煎就是人間美味，油滋滋的香氣迷死人。拿來紅燒或味噌湯也是非常好吃，讓你的料理滿滿海味。', 3, 30, 6, 0, 1, '[6]', NULL, '2022-07-17 08:53:37'),
(30, '鮮凍智利鮭魚', 8, '[\"salmon-dish02.jpg\",\"s_salmon_4.jpg\",\"steak-salmon01.jpg\"]', 800, 6, '鮭魚又被譽為冰海之皇，體型碩大富含對人體有益的魚油，捕撈後隨即低溫急速冷凍保存，銷住鮭魚的鮮美滋味，直送到家！', 20, 30, 6, 0, 1, '[6]', NULL, '2022-07-17 08:53:37'),
(31, '永安生態養殖海水吳郭魚', 8, '[\"fresh-fish.jpg\",\"s_snapper.jpg\"]', 100, 5, '養殖於高雄永安，採全海水生態養殖的「海吳郭魚」，肉質非常細緻甘甜，魚體型不大，但非常鮮香。獨特配方飼料，含有亞麻仁籽、食品級黃豆，魚肉營養價值更高，更含珍貴的Omega3。', 3, 30, 6, 0, 1, '[1,6]', NULL, '2022-07-17 08:53:37'),
(32, '西班牙伊比利豬', 3, '[\"isolated-pig.jpg\",\"pork029.jpeg\"]', 1500, 6, '嚴選西班牙豬排 肉質鮮嫩香純，油脂豐潤不膩口 雪白油花均勻細緻', 3, 30, 3, 0, 1, '[5,6]', NULL, '2022-07-17 08:53:37'),
(33, '日本A5頂級 · 大分和牛 - 肋眼上蓋牛排', 5, '[\"fresh-beef06.jpg\",\"beef013.jpeg\"]', 2500, 6, '肋眼上蓋為順著肋眼牛肉之筋膜所切下的上蓋肉，為肋眼牛排的精華部位，數量稀少。肉質極為纖細，脂肪交雜呈大理石花紋狀，脂肪含量較高，還有像發光般的光澤，外觀極美。', 3, 30, 4, 0, 1, '[6]', NULL, '2022-07-17 08:53:37'),
(34, '雲林放牧烏骨雞腿', 4, '[\"chicken010.jpeg\"]', 300, 6, '酵母烏骨雞增長在台灣彰化，吹著海風曬日光浴長大。 飼養週期達14週，別於ㄧ般雞隻的11週。完熟體重：烏骨雞1.1kg 。飼育期間依生長期不同會餵食不同配方的酵母發酵飼料，第一期為生長、第二期為育肥、第三期為完熟。', 3, 30, 1, 1, 1, '[1,5,6]', NULL, '2022-07-17 08:53:37'),
(35, '雲林安心亞麻籽豬五花肉條', 3, '[\"pork029.jpeg\"]', 250, 6, '陳家於雲林三代養豬，專業養殖外更包含對生命的敬重。高成本的規劃寬敞活動空間，水冷降溫設備，還設有豬隻專屬的磨牙區，以人道友善的方式畜牧，豬隻更健康。搭配亞麻籽、核苷酸、熟豆粉等熟化飼料，將豬肉中大部份的飽和脂肪酸轉為不飽和脂肪酸，同時提升維他命及有機礦物質含量，豬肉吃起來甜嫩無腥營養。', 3, 30, 3, 0, 1, '[1,5,6]', NULL, '2022-07-17 08:53:37'),
(36, '特級精選菲力牛排', 5, '[\"meat-beef-color.jpg\",\"beef003.jpeg\"]', 400, 6, '取自牛的腰內肉，一頭700公斤的成年肉牛只能產出4至5公斤的菲力，低脂無筋，是牛排裡口感最軟嫩的部位，軟嫩的肉質，是老少咸宜都能接受的部位', 3, 30, 4, 0, 1, '[1,5,6]', NULL, '2022-07-17 08:53:37'),
(37, '頂級厚切小羊肋排', 6, '[\"lamb.jpg\",\"beef017.jpeg\"]', 1080, 6, '嚴選優質健康草飼羊，只取用6個月以下優質的小羔羊，而非腥騷的成羊！特取用第5~13根最厚實的肋排部位，每隻羊只取1對的羊排，量少質優！肉質特別軟嫩無羊腥味，不需過多的醃漬及調味以平底鍋乾煎或燒烤，簡易料理即可上桌就很美味囉！牧場、分切場均通過產銷履歷認證，飼養通過安全檢驗飼料、牧草，實在用心養足12個月，不催促生長；專業獸醫師檢驗後分切，層層嚴謹把關。', 3, 30, 5, 1, 1, '[1,5,6]', NULL, '2022-07-17 08:53:37'),
(38, '【精選蜜棗】牛奶蜜棗', 2, '[\"F-Jujube.jpg\"]', 200, 6, '數顆渾圓飽滿的蜜棗常被讚譽為「台灣青蘋果」，翠玉外衣下是甜美的果實。一顆顆翠綠圓潤的蜜棗，宛若縮小版的青蘋果，掛在枝頭上，迎著溫暖的陽光，靜靜地累積糖分！。因採無毒友善方式種植，果皮表面有些許瑕疵屬正常現象，但不影響內部果肉品質，請安心食用', 5, 30, 2, 0, 1, '[1,2,8]', NULL, '2022-07-17 08:53:37'),
(39, '鮮採拉拉山水蜜桃', 2, '[\"peach03.jpg\",\"peach02.jpg\"]', 600, 6, '正宗拉拉山水蜜桃，鮮甜多汁香氣迷人，果形飽滿底部圓潤，香氣風味更優於進口水蜜桃，下單後產地鮮採直送，在家即能輕鬆享用盛夏限定的天然美味！拉拉山的水蜜桃別具盛名，因為拉拉山位居中高海拔，日夜溫差大，時常雲霧繚繞，好山好水的地理環境，非常適合種植水蜜桃。', 5, 30, 1, 1, 1, '[8,9]', NULL, '2022-07-17 08:53:37'),
(40, '陽光金圓頭奇異果', 2, '[\"F-Kiwifruit.jpg\"]', 200, 6, '紐西蘭進口有機奇異果符合嚴格的紐西蘭有機品質與安全準則，確保每一口都能嚐到大自然賦予的天然美味，安心吃沒負擔。熱量低擁有高維生素C及高營養密度，是奇異果人氣居高不下的關鍵因素，果皮薄透、外型渾圓、水分豐富多汁，一入口酸爽，後勁水潤香甜。讓奇異果充滿著層次感的魅力，喚醒身體的活力。', 12, 30, 2, 0, 1, '[6]', NULL, '2022-07-17 08:53:37'),
(41, '高雄大樹貴妃玉荷包', 2, '[\"red-lychee-fruit01.jpg\"]', 150, 1, '玉荷包是台灣荔枝當中，最受矚目的品種之一，汁多酸甜比例佳，果實皮薄果肉豐厚，白嫩Q彈果核小，自古以來為的珍貴果品。玉荷包種植不易，對環境及排水都需要特別用心，才可種出高品質的玉荷包。', 5, 30, 2, 1, 1, '[3,4]', NULL, '2022-07-17 08:53:37'),
(42, '與小村共好 新鮮老欉龍眼', 2, '[\"F-longan.jpg\"]', 150, 1, '農友廖文森的龍眼果園位於南投中寮，園內龍眼樹多為五十年以上的老欉，部分老樹更已近百歲。且因園區位於順向坡往河流的路上，按照老一輩的說法就是「地下有水根」，意思是有水脈經過，即便氣候少雨，龍眼樹也不缺水。因此文森家的龍眼鮮果格外細緻、多汁而且甜美。', 5, 30, 1, 0, 1, '[3,4]', NULL, '2022-07-17 08:53:37'),
(43, '愛文芒果', 2, '[\"mango02.jpg\"]', 200, 6, '芒果是盛夏時節不可錯過的好滋味。讓你可以盡情享受夏天果實美味。愛文芒果皮紅肉黃口感Q，芒果香味別具特色，口感香甜果肉細嫩，這是夏天一定要品嘗的滋味~', 7, 30, 1, 0, 1, '[3,4,6]', NULL, '2022-07-17 08:53:37'),
(44, '有機百香果', 2, '[\"passion-fruit01.jpg\"]', 80, 6, '剖開百香果不起眼的外皮，專屬於香果的清香立即撲鼻而來，那香味刺激了味蕾，讓人忍不住要吞了吞口水，黃澄澄的果肉，飽滿又多汁，多一分則太酸，少一分則太甜，酸甜堪稱完美比例，夏天食用最是「清涼脾肚開」！', 7, 30, 1, 1, 1, '[3,4,8]', NULL, '2022-07-17 08:53:37'),
(45, '【安心安心蒜】雲林元長蒜頭-漢寶蒜', 1, '[\"garlic02.jpg\"]', 80, 8, '餐桌上蒜香味，嗅著就食指大動。牽引味蕾、激昂脾胃，台灣蒜頭，獨特又鮮明的嗆辣，是許多人情有獨鍾的味道。在種植方式上，不採用慣行農法，走的是友善耕作，通過「產銷履歷」認證。', 14, 30, 1, 0, 1, '[1,2]', NULL, '2022-07-17 08:53:37'),
(46, '台灣高山老薑', 1, '[\"ginger02.jpg\",\"v_spices_ginger_2.png\"]', 50, 8, '嚴選台灣高山老薑⛰自古以來，老祖先的智慧讓薑入藥也入菜，透過三餐就能使全家人在不知不覺之中得到保健的功效。薑從最輕微的防暈止吐，到維護心血管暢通等都有助益，對忙碌的現代人而言，無疑是絕佳的健康食物。', 14, 30, 1, 0, 1, '[1]', NULL, '2022-07-17 08:53:37'),
(47, '台灣大粒紅蔥頭', 1, '[\"v_spices_garlic_2.jpg\"]', 80, 8, '紅蔥頭本身帶有微嗆氣味，故切紅蔥頭時會產生類似切洋蔥的辛辣氣味，切片後細看內部，能發現類似洋蔥片狀的小分層。紅蔥頭可用來切片後以豬油油炸製成油蔥酥，炸後的紅蔥頭多了酥脆感，加熱後味道由微嗆味轉為香氣，用於拌麵、滷肉燥、燙炒青菜等能讓料理香噴噴。', 14, 30, 1, 0, 1, '[1]', NULL, '2022-07-17 08:53:37'),
(48, '嚴選紅蘿蔔', 1, '[\"carrots.jpg\"]', 40, 8, '天然農場品，每次採收的大小不同，所以不分大小顆出貨，敬請留意', 7, 30, 2, 0, 1, '[1]', NULL, '2022-07-17 08:53:37'),
(49, '台灣牛蕃茄', 1, '[\"tomatoes.jpg\"]', 30, 7, '自然農法悉心栽培，産地嚴選 粒粒碩大紅潤，口感鮮甜 滿滿茄紅素', 5, 30, 2, 0, 1, '[3]', NULL, '2022-07-17 08:53:37'),
(50, '有機白玉苦瓜', 1, '[\"bitter-melon.jpg\"]', 60, 5, '白苦瓜又叫白玉苦瓜，苦味較綠色苦瓜淡，口感爽脆，可以生吃也可以熟吃。苦瓜特別是維他命C的含量居瓜類之冠，有瓜中C王之稱。', 5, 30, 1, 0, 1, '[3,6]', NULL, '2022-07-17 08:53:37'),
(51, '履歷烏殼綠竹筍', 1, '[\"bamboo.jpg\"]', 120, 8, '季節商品，富膳食纖維，竹筍香氣較重。 適合快炒、湯品料理皆宜', 3, 30, 2, 1, 1, '[4,6,8]', NULL, '2022-07-17 08:53:37'),
(52, '水洗白蘿蔔', 1, '[\"white-radishes02.jpg\",\"cutboard-1.jpg\"]', 50, 5, '清甜可口，富含膳食纖維。高纖低卡，營養價值豐', 5, 30, 2, 0, 1, '[4,6,8,9]', NULL, '2022-07-17 08:53:37'),
(53, '帶皮五花肉條', 3, '[\"pork-bellys.jpg\"]', 300, 6, '帶皮的三層肉，肥瘦層層交疊，加熱後鮮甜的肥肉馬上化開，瘦肉久煮不柴，QQ的豬皮口感極佳，是做紅燒肉、焢肉的最佳選擇。', 3, 30, 3, 0, 1, '[5,6,9]', NULL, '2022-07-17 08:53:37'),
(54, '豬小排肉/肋排', 3, '[\"meat07.jpg\"]', 200, 6, '修除豬腹脅之帶肋骨部位，切製成每塊約長4公分；台糖豬小排肉為純正豬肋排切製，肥瘦黃金比例，絕不使用粗排或其他部位骨來混充，適宜紅燒、燉湯滋鮮味美、口感佳，吃了都說\"讚\"！', 3, 30, 3, 0, 1, '[5,6,9]', NULL, '2022-07-17 08:53:37'),
(55, '產銷履歷豬腰內肉', 3, '[\"pork-meat02.jpg\"]', 250, 6, '以『前後腿之伸指肌』切製，含『腿仁』之紡錘形肌束，並修除脂肪。富含筋腱、韌帶，口感Ｑ彈有嚼勁。', 3, 30, 3, 0, 1, '[5,6]', NULL, '2022-07-17 08:53:37'),
(56, '特選豬五花肉片', 3, '[\"pork-5.jpg\",\"pork-6.jpg\"]', 120, 6, '台灣產優質國產豬，油花豐富，口感鮮嫩，火鍋、燒烤、家常料理必備食材。', 3, 30, 3, 0, 1, '[5,6]', NULL, '2022-07-17 08:53:37'),
(57, '里肌豬排', 3, '[\"barbecue-animal.jpg\"]', 200, 6, '油脂偏少、肉質富咬勁，形狀和紋理工整是上等肉', 3, 30, 3, 0, 1, '[5,6]', NULL, '2022-07-17 08:53:37'),
(58, '澎湖放牧黃牛肉丁', 5, '[\"meat-beef5.jpg\"]', 350, 6, '採用肩胛肉切成小塊狀的肉丁，油脂適中肉汁多。可以鐵板、紅燒、快炒等方式呈現出黃牛肉的好滋味。', 3, 30, 4, 0, 1, '[5,6]', NULL, '2022-07-17 08:53:37'),
(59, '【御牧牛】台灣牛大骨', 5, '[\"pork-bone.jpg\"]', 200, 6, '在家自製燉滷元氣滿滿的鮮甜高湯好滋味，為一天補充滿滿的元氣', 3, 30, 4, 0, 1, '[5,6]', NULL, '2022-07-17 08:53:37'),
(60, '台灣溫體牛肉_半筋半肉', 5, '[\"fresh-sliced-pork.jpg\"]', 300, 6, '肉質Q軟，可供長時間久煮，只有台灣牛肉才擁有的夢幻逸品，適合用來煮牛肉湯及清燉料理，特別適合給老人與小孩食用', 3, 30, 3, 0, 1, '[5,6]', NULL, '2022-07-17 08:53:37'),
(61, '原切嫩肩里肌重磅牛排', 5, '[\"fresh-beef02.jpg\"]', 400, 6, 'Q嫩有勁，鮮甜多汁', 3, 30, 3, 0, 1, '[5,6]', NULL, '2022-07-17 08:53:37'),
(62, '台灣產銷履歷沙朗牛排', 5, '[\"fresh-beef-01.jpg\"]', 350, 6, '養在雲林的台灣牛選用閹牛，肉質不腥，且格外的軟嫩，在飼育的過程中不使用瘦肉精、生長激素、在宰殺牛之前也不灌水，是小農一直以來的三大堅持！搭配在地新鮮紅蘿蔔及根莖，除了讓肉質更甜美，牛肉也擁有多一份自然的清香！', 3, 30, 3, 0, 1, '[5,6]', NULL, '2022-07-17 08:53:37'),
(63, 'Prime巨無霸熟成丁骨牛排', 5, '[\"steak-bone.jpg\"]', 400, 6, '最高等PRIME級牛排，大理石油花豐富口感佳，同時享受軟嫩多汁與油花豐富有嚼勁的部位', 3, 30, 4, 0, 1, '[5,6]', NULL, '2022-07-17 08:53:37'),
(64, '有心肉舖子台灣純血黃牛-牛肋條切塊', 5, '[\"beef07.jpg\"]', 380, 6, '嚴選台灣黃牛牛肋條，位於牛腹脇部，肋骨與肋骨之間，呈細長條，肉表面有骨膜，肉質軟且油脂較多。燉滷小菜熱門部位！媽媽燉滷最愛肉品之一！', 3, 30, 3, 1, 1, '[5,6]', NULL, '2022-07-17 08:53:37'),
(65, '金采雞-雞腿切塊', 4, '[\"chicken-legs-02.jpg\"]', 120, 6, 'HACCP合格認證、取得白肉雞屠宰、分切產銷履歷認證。白羽雞取肉主要以雞胸為大宗、雞腿為輔，肉色呈現較淡之褐紅色、肉質肥厚飽滿、含脂率較高、口感較為鬆散軟嫩。', 3, 30, 1, 0, 1, '[5,6]', NULL, '2022-07-17 08:53:37'),
(66, '國產華陀雞肉', 4, '[\"allchicken.jpg\"]', 400, 6, '來自雲林的自然純淨，採低密度自然放養、雞隻堅持自然熟成，細緻的肌肉纖維，渾然天成的彈牙口感，SGS全球級標準食品檢驗合格，無藥物殘留，擁有專業品質認證的安心食材', 3, 30, 5, 0, 1, '[5,6]', NULL, '2022-07-17 08:53:37'),
(67, '白羽雞 去骨雞腿肉', 4, '[\"chicken-leg.jpg\"]', 280, 6, '本產品為【無調味】生鮮去骨腿肉，可依照個人喜好的風味進行醃製、料理。', 3, 30, 5, 0, 1, '[5,6]', NULL, '2022-07-17 08:53:37'),
(68, '黑鑽雞 清胸肉', 4, '[\"chicken-breasts02.jpg\"]', 80, 6, '運動養生首選，美味新鮮安心保證', 3, 30, 1, 1, 1, '[5,6]', NULL, '2022-07-17 08:53:37'),
(69, '放心豬-培根肉片', 3, '[\"fresh-pork01.jpg\"]', 130, 6, '選用放心豬五花肉部分製成，油花均勻，肥瘦適中，口感不肥不膩。香煎後口感鮮嫩多汁，是火鍋或燒烤的上等食材首選。', 3, 30, 3, 0, 1, '[5,6]', NULL, '2022-07-17 08:53:37'),
(70, '能量豬 低脂腿肉', 3, '[\"fresh-pork01.jpg\"]', 200, 6, '堅持不吃藥、不打針、不施打瘦肉精，採用較有生機概念的生機飲食玄米、益生菌以及蒜精，其中玄米所富含的維他命Ｂ群、維生素Ｅ、及膳食纖維，是提升豬隻免疫力的重要營養配方，促使每隻豬隻都擁有自然精壯的體質，可不藉由施打藥物就能健康快樂長大。', 3, 30, 3, 0, 1, '[5,6]', NULL, '2022-07-17 08:53:37'),
(71, '紅玉雞-雞胸肉', 4, '[\"chicken-breast.jpg\"]', 150, 6, '◎全台首創：自養高品質紅玉雞，全程餵養非基改玉米黃豆。◎獨門技術：飼料拌入有機紅玉紅茶，雞肉香甜無腥味。◎最高標準：最嚴格的博士級團隊，飼養全程無用藥。', 3, 30, 5, 0, 1, '[5,6]', NULL, '2022-07-17 08:53:37'),
(72, '黃金土雞-土雞腳', 4, '[\"chickenshot.jpg\"]', 90, 6, '嚴選皇金土雞，結合紅仿與黑羽培育之新品種，外型直立挺拔，肌肉細緻Q彈，肌肉間脂肪含量高，吃起來鮮味十足。', 3, 30, 1, 0, 1, '[5,6]', NULL, '2022-07-17 08:53:37'),
(73, '龍虎石斑全魚', 8, '[\"black-tilapia.jpg\"]', 290, 5, '由專業採購手精心挑選，基隆崁仔頂魚市場的新鮮龍虎石斑，經冷凍技術妥善保存配送，並於鮮度絕佳時進行嚴謹、衛生的加工處理，確保能鎖住新鮮口感。為您奉上肥美的嚴選龍虎石斑，讓你在簡單料理的同時，享受來自大海的新鮮美味！', 3, 30, 6, 0, 1, '[5,6,7]', NULL, '2022-07-17 08:53:37'),
(74, '無刺白帶魚捲', 8, '[\"fish06.jpg\"]', 250, 5, '嚴選大小適中，產自台灣近海海域的白帶魚 ，每包約8-10顆，使用新鮮白帶魚去骨取肉，並經冷凍技術妥善保存配送。為您奉上魚捲魚香十足，滿口滿足的白帶魚捲，讓你能以簡單料理享受來自大海的新鮮美味！', 3, 30, 6, 0, 1, '[6]', NULL, '2022-07-17 08:53:37'),
(75, '大比目魚切片', 8, '[\"mackerel-steak.jpg\"]', 300, 6, '嚴選產自格陵蘭至冰島50-2000米大西洋海域的格棱蘭扁鱈，保證野生捕捉，經冷凍厚切鎖住鮮味。為您奉上肉質細嫩無比，魚肉香氣滿滿的格棱蘭扁鱈，讓你能以簡單料理享受來自遠方的鮮味。', 3, 30, 6, 0, 1, '[6,7]', NULL, '2022-07-17 08:53:37'),
(76, '帶殼養殖鮑魚', 7, '[\"abalones.jpg\"]', 400, 6, '嚴選人工養殖環境的優質原隻鮑魚，體型大小適中，原隻新鮮冷凍，鎖住軟嫩口感，並經冷凍技術妥善保存配送。為您奉上肉質軟嫩的原隻鮑魚，讓你能以簡單料理享受來自大海的新鮮美味！', 3, 30, 7, 0, 1, '[6]', NULL, '2022-07-17 08:53:37'),
(77, '海水白蝦仁', 7, '[\"s_shrimp_6.jpg\",\"s_shrimp_1.jpg\"]', 260, 6, '嚴選經剝製的台灣養殖白蝦，蝦仁已去除沙腸，經冷凍技術妥善保存配送，並於鮮度絕佳時進行嚴謹、衛生的加工處理，確保能鎖住新鮮口感。為您奉上肥美的嚴選海水白蝦仁，讓你在簡單料理的同時，享受來自大海的新鮮美味！', 3, 30, 7, 0, 1, '[6,7]', NULL, '2022-07-17 08:53:37'),
(78, '現流小卷', 8, '[\"bunch-squid.jpg\"]', 320, 6, '嚴選台灣野生船凍小卷，由漁船野生捕撈及活體冷凍，保持肉質鮮度與脆度，經冷凍技術妥善保存配送。為您奉上爽脆的野生船凍台灣小卷，讓你可簡單料理，享受來自大海的新鮮美味', 3, 30, 7, 1, 1, '[6,7]', NULL, '2022-07-17 08:53:37'),
(79, '頂級軟絲', 8, '[\"fresh-squid.jpg\"]', 350, 6, '嚴選台灣野生船凍軟絲，由漁船野生捕撈及活體冷凍，保持肉質鮮度與脆度，經冷凍技術妥善保存配送。為您奉上爽脆的野生船凍台灣軟絲，讓你可簡單料理，享受來自大海的新鮮美味！', 3, 30, 6, 0, 1, '[6,7]', NULL, '2022-07-17 08:53:37'),
(80, '九孔', 7, '[\"assortment.jpg\",\"mussels-white.jpg\"]', 450, 6, '魚肉鮮嫩多汁，油脂分佈均勻，產地直送、急速冷凍，獨立真空包裝，讓品質、鮮度及口感維持在最好的狀態，口感滑潤富有彈性。適合 烤、煎、蒸、炒 等熟食料理。', 3, 30, 7, 0, 1, '[6,7]', NULL, '2022-07-17 08:53:37'),
(81, '生食級生蠔', 7, '[\"oysters.jpg\"]', 629, 6, '『無包冰 冷凍乾燥』超低溫冷凍乾燥 鎖住新鮮 可生食 烹煮退冰不失重過分縮水，『嚴格認證分級制度』每一顆的品質層層把關 嚴格分級制度 標準規格', 3, 30, 6, 0, 1, '[6,7]', NULL, '2022-07-17 08:53:37'),
(82, '生食級鮪魚', 8, '[\"cubes.jpg\"]', 250, 6, '一次一片小倆口大小剛剛好，佐佐鮮厚切鮭魚片鮮美橘黃色澤，適合乾煎是家常的好食材', 3, 30, 6, 0, 1, '[6,7]', NULL, '2022-07-17 08:53:37'),
(83, '根島生態草蝦仁', 7, '[\"v_spices_garlic_2.jpg\"]', 320, 6, '野放草蝦生長於天然無汙染的自然環境，水域乾淨不受汙染，無添加硼砂、無發泡、無包冰，無使用二氧化硫漂白，新鮮扎實安全健康', 3, 30, 7, 0, 1, '[6]', NULL, '2022-07-17 08:53:37'),
(84, '產銷履歷黃金鯧魚', 8, '[\"red-fish.jpg\"]', 350, 5, '為推廣「100%台灣食魚好生活」，一夫水產用心匯集台灣優質水產品，與您分享台灣優質水產品的新鮮美味。一夫水產與青年漁民夥伴共同精心為您挑選魚鮮好禮，主打「安心、美味、台灣在地」，送禮體面又安心、吃得美味又滿意。', 3, 30, 6, 0, 1, '[5,6,7]', NULL, '2022-07-17 08:53:37'),
(85, '【屏東萬丹】大火龍果', 2, '[\"dragon-fruit-01.jpg\"]', 80, 7, '白色火龍果低熱量 高纖維成分，可促進腸胃蠕動，幫助排便，讓它成為養生的好水果，白肉口感清甜爽脆，清淡香甜，具有青草味，果肉糖分以天然葡萄糖為主，營養容易讓人體吸收。', 5, 30, 1, 0, 1, '[1,2]', NULL, '2022-07-17 08:53:37'),
(86, '「生食級」無刺鮭魚切片組', 8, '[\"salmon-sashimi.jpg\",\"sashimi-salmon.jpg\"]', 200, 6, '嚴選澳洲冰鮮鮭魚，冰鮮空運產地到餐桌，清肉切塊無需動刀切，解凍擺盤後即可輕鬆上菜，天冷不想出門時，一人也能開心享吃優鮮鮭魚生魚片啦！', 3, 30, 6, 1, 1, '[6,7]', NULL, '2022-07-17 08:53:37'),
(87, '有機青椒', 1, '[\"eggplant.jpg\"]', 60, 8, '青椒含有青椒素及維生素A、C等多種營養物質，尤其是其維生素C含量是番茄含量的7～15倍，在蔬菜中占首位。', 5, 30, 2, 0, 1, '[2,3]', NULL, '2022-07-17 08:53:37'),
(88, '孢子甘藍', 1, '[\"cabbage-fresh-organi.jpg\"]', 180, 8, '營養價值居甘藍之首，口感軟嫩帶有微苦味及天然甜味', 7, 30, 2, 0, 1, '[2]', NULL, '2022-07-17 08:53:37'),
(89, '芥藍菜', 1, '[\"kale-vegetable.jpg\"]', 30, 8, '是芥藍菜之一個品種，含維生素A、鈣、鐵等營養。可以香蒜清炒或加肉絲（片）拌炒！', 3, 30, 1, 0, 1, '[1,2,4]', NULL, '2022-07-17 08:53:37'),
(90, '【綠水晶無籽葡萄】', 2, '[\"grapes-green01.jpg\",\"green-grapes-02.jpg\",\"\"]', 160, 1, '綠水晶葡萄的風味也很適合喜歡淡雅的朋友，不會有濃烈的葡萄味道，反而能在柔嫩中吃到清新的芭樂滋味，雖然葡萄本身具有芭樂的酸甜清香，但果皮卻不會有澀味，整體來說非常推薦大家嘗試的！', 6, 30, 2, 1, 1, '[3,8,9]', NULL, '2022-07-17 08:53:37'),
(91, '梨山青龍蘋果', 2, '[\"green-apples.jpg\",\"green-apple02.jpg\",\"green-apples02.jpg\"]', 60, 7, '清脆、微甜、多汁的青蘋果：青龍蘋果。吃起來清脆紮實又爽口，果肉細膩，甘甜多汁，也沒有甚麼酸澀味，一口咬下十分過癮，蘋果清新的風味在口齒間流竄，實屬為青蘋果界的人氣王。', 12, 30, 2, 0, 1, '[3,8]', NULL, '2022-07-17 08:53:37'),
(92, '花蓮野生山苦瓜', 1, '[\"chopped-bitter.jpg\"]', 75, 5, '苦瓜富含維生素C、B1、B2、葉酸及鈣、鎂、鉀等礦物質；山苦瓜營養價值更高，鉀含量是一般苦瓜的1.8倍、鈣質是2.3倍，鎂是2.4倍', 5, 30, 1, 0, 1, '[3,6,8,9]', NULL, '2022-07-17 08:53:37'),
(93, '脆口小章魚', 8, '[\"small-octopus.jpg\"]', 340, 6, '野生的澎湖石佢章魚，活動力強，肉質Q彈厚實，新鮮捕撈漁港直送的章魚，用來烘烤、鮮炒、煮火鍋或是簡單川燙都可以吃到鮮甜滋味，低熱量高蛋白的營養價值，多吃也不會有負擔。', 3, 30, 6, 0, 1, '[6]', NULL, '2022-07-17 08:53:37'),
(94, '精選羊肋排', 6, '[\"lamb03.jpg\"]', 480, 6, '因油花豐盛度比擬和牛而有和羊之稱，擺脫傳統羊羶味，擁有清爽的香氣', 3, 30, 5, 0, 1, '[5]', NULL, '2022-07-17 08:53:37'),
(95, '脆口山東大白菜', 1, '[\"chinese-cabbage02.jpg\"]', 60, 7, '大白菜中含有大量的鐵，鈣、鎂、維生素A，以及各種微量元素，和維生素C等等，而這些營養物質都是人體所必須的，其功效自然也就不言而喻。', 5, 30, 1, 0, 1, '[1,2,8]', NULL, '2022-07-17 08:53:37');

-- --------------------------------------------------------

--
-- Table structure for table `product_management`
--

CREATE TABLE `product_management` (
  `sid` int(50) NOT NULL,
  `shop_product_id` int(50) NOT NULL,
  `product_name` varchar(255) NOT NULL,
  `product_sell_amount` int(50) NOT NULL,
  `product_remaining` int(50) NOT NULL
) ENGINE=InnoDB DEFAULT CHARSET=utf8mb4;

-- --------------------------------------------------------

--
-- Table structure for table `product_type`
--

CREATE TABLE `product_type` (
  `product_type_sid` int(11) NOT NULL,
  `product_type` varchar(255) NOT NULL
) ENGINE=InnoDB DEFAULT CHARSET=utf8mb4;

--
-- Dumping data for table `product_type`
--

INSERT INTO `product_type` (`product_type_sid`, `product_type`) VALUES
(1, '蔬菜'),
(2, '水果'),
(3, '肉品'),
(4, '海鮮'),
(5, '餐點'),
(6, '客製化餐點');

-- --------------------------------------------------------

--
-- Table structure for table `recipe`
--

CREATE TABLE `recipe` (
  `recipes_sid` int(11) NOT NULL,
  `recipes_name` varchar(255) CHARACTER SET utf8mb4 COLLATE utf8mb4_unicode_ci NOT NULL,
  `recipes_time_cost` int(11) NOT NULL,
  `recipes_type` varchar(255) CHARACTER SET utf8mb4 COLLATE utf8mb4_unicode_ci NOT NULL,
  `recipes_cooking_degree` varchar(255) CHARACTER SET utf8mb4 COLLATE utf8mb4_unicode_ci NOT NULL,
  `recipes_ingredient` varchar(255) CHARACTER SET utf8mb4 COLLATE utf8mb4_unicode_ci NOT NULL,
  `recipes_cooking_method` varchar(255) CHARACTER SET utf8mb4 COLLATE utf8mb4_unicode_ci NOT NULL,
  `recipes_description` varchar(255) CHARACTER SET utf8mb4 COLLATE utf8mb4_unicode_ci NOT NULL,
  `recipes_calories` varchar(11) CHARACTER SET utf8mb4 COLLATE utf8mb4_unicode_ci NOT NULL,
  `recipes_img` varchar(255) CHARACTER SET utf8mb4 COLLATE utf8mb4_unicode_ci NOT NULL,
  `recipes_merchant` varchar(255) NOT NULL,
  `cooking_create_member_Id` int(20) NOT NULL,
  `created_at` date NOT NULL
) ENGINE=InnoDB DEFAULT CHARSET=utf8mb4;

--
-- Dumping data for table `recipe`
--

INSERT INTO `recipe` (`recipes_sid`, `recipes_name`, `recipes_time_cost`, `recipes_type`, `recipes_cooking_degree`, `recipes_ingredient`, `recipes_cooking_method`, `recipes_description`, `recipes_calories`, `recipes_img`, `recipes_merchant`, `cooking_create_member_Id`, `created_at`) VALUES
(1, '櫛瓜骰子牛', 15, '台式料理', '簡單', '櫛瓜一條\r\n骰子牛一包\r\n蒜頭3-4粒\r\n鹽適量\r\n黑胡椒適量\r\n自製豬油或橄欖油適量', '1.準備一條櫛瓜，和一包骰子牛\r\n2.櫛瓜切片\r\n3.兩面煎焦黃，撒點鹽和黑胡椒調味，起鍋備用\r\n4.原鍋子煎蒜頭和骰子牛\r\n5.最後把櫛瓜加進來翻炒後起鍋', '減脂也要美味，美味也要減脂', '400', 'f7c081cb10d82c37fcf66cd296c2c52f.jpg', '開心農場', 123456, '2022-06-01'),
(2, '破布子蒸魚', 20, '台式料理', '新手輕鬆入門', '比目魚切片1片(約260公克)\r\n米酒1又1/2大匙\r\n鹽少許\r\n蔥二支\r\n薑25公克\r\n紅辣椒1~1/2條\r\n破布子(含汁)2大匙\r\n醬油1小匙\r\n白胡椒粉1/8小匙\r\n香油1/2小匙', '1.準備食材。蔥洗淨分成蔥段和蔥絲。薑，去皮切成絲。紅辣椒，切成絲。\r\n2.比目魚切片洗淨，塗抹少許鹽在魚身上，並淋上米酒。\r\n3.調製淋醬，將破布子含汁、醬油、香油、白胡椒粉，到入拌勻。\r\n4.圓盤底先放上蔥段，再放上比目魚切片，放上薑絲，淋上醬汁。\r\n5.電鍋外鍋先預放水蒸熱，待電鍋水蒸氣冒煙時，再將魚放入電鍋內蒸，約蒸15分鐘。\r\n6.蒸好時，再放入蔥絲、紅辣椒絲，回蒸一下子(約1分鐘)即可。', '破布子蒸魚，使用電鍋即可輕鬆完成，零廚藝美味料理。', '500', 'ca7b8438864a56726c10d30bd91a578e.jpg', '開心農場', 123456, '2022-06-01'),
(3, '味噌烤鯖魚', 15, '日式料理', '新手輕鬆入門', '半邊鯖魚 2片\r\n味噌 2 湯匙\r\n日式料理酒 2 湯匙\r\n味醂 2 湯匙\r\n日本醬油 1/2 茶匙\r\n糖 2 茶匙', '1.把鯖魚洗淨印乾後，每塊切成3份\r\n2.把味噌、日式料理酒、味醂、日本醬油和糖拌勻成醬汁。\r\n3.把鯖魚和醬汁放入食物袋中，讓鯖魚都沾到醬汁，放入冰箱(4℃)醃2小時以上。\r\n4.在烤盤上鋪上鋁箔紙並放上網架，在網架上抹油。把鯖魚放在網架上，把一些餘下的醬汁掃在鯖魚上。\r\n5.放入己預熱至200℃的烤箱中層烤5分鐘。\r\n6.取出鯖魚，再把一些餘下的醬汁掃在鯖魚上，放回烤箱中多烤5分鐘即成。', '冷凍鯖魚便宜又方便，除了做鹽燒鯖魚或照燒鯖魚，可以試試做這個金黃色的味噌鯖魚，好看又好吃！', '300', 'bccb8a1828f502a9a3d7dc3d605251b9.jpg', '開心農場', 123456, '2022-06-01'),
(4, '金沙蒜醬焗烤明蝦 (澎湖野生大明蝦)', 20, '台式料理', '新手輕鬆入門', '澎湖野生大明蝦  4隻\r\n焗烤起司絲  10g\r\n金沙蒜醬\r\n鹹蛋黃  3顆\r\n米酒  2匙\r\n大蒜  2瓣\r\n美乃滋  2匙\r\n檸檬汁  1匙', '1.料理前，將明蝦以流水沖5分鐘即可退冰，更能完整保持野生大明蝦Q彈鮮脆的肉質\r\n2.退冰後的澎湖野生大明蝦，取一把剪刀，從蝦頭和蝦身的間隙，剪開蝦背。\r\n3.將腸泥取出丟掉，大明蝦就處理完成。\r\n4.準備鹹蛋黃、美乃滋、蒜末、檸檬汁。\r\n5.將米酒淋在鹹蛋黃上，稍微浸泡1分鐘。因為生的鹹蛋黃味道較腥，用米酒浸泡一下，可以去除腥味。\r\n6.泡好的鹹蛋黃，瀝乾後，置於烤盤，放入烤箱，用150°C烤15分鐘。\r\n7.用叉子將鹹蛋黃壓碎，壓成顆粒細緻的狀態即可。\r\n8.將美乃滋、蒜末、檸檬汁，加入壓碎的鹹蛋黃中', '來自水質清澈的沙質海底，「澎湖野生大明蝦」肉質Q彈鮮脆，而且非常鮮甜，隻隻肥美、蝦膏濃郁，是老饕的最愛。\r\n搭配鹹蛋黃做成的金沙蒜醬，只要焗烤一下，口味香濃的宵夜立即上桌。', '600', '0f06264e9e2497a0449ac3dbdcf68533.jpg', '開心農場', 123456, '2022-06-01'),
(5, '水牛城辣雞翅', 30, '西式料理', '餐廳廚師料理', '雞二節翅 20支\r\n地瓜粉 兩大匙\r\n大蒜粉 一大匙\r\n黑胡椒 1匙\r\n白胡椒 1匙\r\n鹽 2/1匙\r\n紅椒粉 一大匙（可調整）\r\n泰國是拉差辣醬 大量\r\n奶油 30克\r\n蜂蜜 兩大匙\r\n檸檬汁 半顆\r\n洋蔥末 8/1顆\r\nTabasco 適量（可調整）', '1.料理前，將明蝦以流水沖5分鐘即可退冰，更能完整保持野生大明蝦Q彈鮮1.食材準備好後，將雞翅裝入碗或塑膠袋中，倒入食材頁面所打的調味料比例開始拌勻\r\n2.調味料拌勻後，靜置約10分鐘，烤箱先調200度預熱準備\r\n3.烤箱熱後雞翅放入烤20分鐘\r\n4.準備辣醬汁材料，洋蔥切成末預備\r\n5.將平底鍋預熱加入奶油，融化後再加泰國是拉差辣醬、蜂蜜、檸檬汁、洋蔥末，小火攪拌煮至稠狀關火預備(愛吃辣的朋友可加入適量Tabasco調味)\r\n6.將烤好雞翅取出放入辣醬中，開小火小心拌炒，盡量讓每支雞翅都能吸收辣醬\r\n7', '在美國紅到有特定節日的料理，用烤箱及鍋子即可完成', '600', '5fae45ceb8a9db0f9f77d8b77856f8c2.jpg', '開心農場', 123456, '2022-06-01'),
(6, '蕃茄肉捲', 10, '台式料理', '新手輕鬆入門', '1.豬五花火鍋肉片12片\r\n2.小蕃茄12個\r\n3.鹽適量\r\n4.黑胡椒適量', '1.豬五花肉片攤平後把小蕃茄捲起\r\n2.再用竹籤串並固定，放進烤箱用200度烤10至15分即完成', '適合中秋節烤肉的料理', '500', 'de83857d411770e5527cd1e85ec7b73b.jpg', '開心農場', 123456, '2022-06-01'),
(7, '蔥香肉排', 15, '台式料理', '新手輕鬆入門', '豬絞肉（細）  350克\r\n蔥末  30克\r\n醬油  1大匙\r\n干貝風味調味粉  2克\r\n白胡椒粉  適量\r\n太白粉  1大匙\r\n香油  4、5滴', '1.將所有材料混合抓勻。（胡椒粉多一些，香氣更濃郁）\r\n2.平底不沾鍋放入適量油，先大火熱鍋約1分半鐘，轉小火。熱鍋的時候，將混拌均勻的絞肉抓取一坨，先在手上擠成一丸，用手壓扁些（如照片），等熱鍋完成就放入平底鍋。\r\n3.煎熟即可上桌', '肉排多汁且混合蔥香、胡椒香，風味迷人。', '400', '2e918083242e60250e5cdf7577bd2a45.jpg', '開心農場', 123456, '2022-06-01'),
(8, '醬燒豆包', 15, '台式料理', '餐廳廚師料理', '1.豆包  6片\r\n2.素蠔油  2大匙\r\n3.蕃茄醬  1大匙\r\n4.烏醋  1/2大匙\r\n5.白胡椒粉  1小匙\r\n6.熱開水  1/3碗\r\n7.蔥花  3大匙\r\n8.辣椒(配色用，可略)  少許', '1.豆包對切，入油鍋，以中火煎至二面略呈酥皮狀。\r\n2.所有調味料拌勻\r\n3.爐火轉中小火，將醬汁酌量(約1/3)倒入步驟1當中，使豆包二面均勻沾裹醬汁後盛盤。\r\n4.原鍋續倒入剩餘的醬汁、蔥花及辣椒(可略)，以小火煮滾。\r\n5.在盛盤的豆包淋上蔥花醬汁，料理完成。', '常見的家常菜，食材易取得，容易料理', '500', 'f10727d349096eb6c58b8257138e3733.jpg', '開心農場', 123456, '2022-06-01'),
(9, '韓式辣味豆芽菜', 20, '韓式料理', '簡單新手輕鬆入門', '黃豆芽一包\r\n調味料\r\n1.鹽巴適量\r\n2.蒜泥適量\r\n3.醬油適量\r\n4.辣椒粉適量\r\n5.蔥花適量', '1.先煮一鍋滾水，放入少許鹽與黃豆芽，蓋上鍋蓋中火煮約3分鐘。\r\n2.煮好後撈起立刻沖水，讓黃豆芽口感較清脆。\r\n3.取一保鮮盒，放入蒜泥、醬油、鹽、白芝麻油或辣椒粉，一起攪拌均勻，最後灑一點蔥花點綴，即完成。', '涼拌製作的韓式料理，使用蔬菜、調味與辛香料', '200', '1a4805637aa3dc71a75ca73c564e6d5c.jpg', '開心農場', 123456, '2022-06-01'),
(10, '雞胸酪梨卷', 20, '台式料理', '新手輕鬆入門', '1.雞胸肉(去皮)150g\r\n2.酪梨1/4個\r\n3.大杏鮑菇1/2根\r\n4.蒜頭1瓣\r\n5.起士片1片\r\n調味料\r\n1.白醋1大匙\r\n2.蜂蜜1大匙\r\n3.醬油1小匙\r\n4.鹽適量\r\n5.黑胡椒適量', '1.熱平底鍋倒入少許油，先煎肉卷接合面，熟後翻面，煎至整個肉卷均成金黃色，取出切塊備用。\r\n2.平底鍋開小火，倒入白醋、醬油、蜂蜜攪拌均勻，完成醬汁，淋上肉卷即可盛盤。', '適合夏天的西式料理，相當爽口', '600', '3890202e8e05abeecd81b6c5ce50857c.jpg', '開心農場', 123456, '2022-06-01'),
(11, '台式打拋豬', 10, '台式料理', '新手輕鬆入門', '1.豬絞肉  150克\r\n2.杏鮑菇  2小條\r\n3.綠櫛瓜  1/3條\r\n4.九層塔  半包\r\n5.鹽巴或雞粉  適量\r\n6.小辣椒  1條（非必要）', '1.九層塔洗淨，粗梗摘除。杏鮑菇與櫛瓜切成大小差不多的方塊狀，辣椒切小段備用。\r\n2.熱過後加油，放入絞肉炒至半熟。\r\n3.加入櫛瓜/杏鮑菇塊，拌炒至熟。\r\n4.加入調味料後，加九層塔葉拌炒，香味出來就差不多可以了。須注意不需要炒太久，保持九層塔葉漂亮的綠色。', '打拋豬是一道非常下飯的料理，減醣的時候少吃精緻澱粉，直接吃也不會過鹹，非常清爽', '600', '33e408ef1e154e615600395ca2ea1182.jpg', '開心農場', 123456, '2022-06-01'),
(12, '涼拌金針菇', 10, '台式料理', '新手輕鬆入門', '金針菇  200g\r\n紅蘿蔔  40g\r\n小黃瓜  70g\r\n蒜頭  3瓣\r\n青蔥  1/2根\r\n香油  1大匙\r\n鹽  1/5茶匙\r\n糖  1/8茶匙\r\n醬油  1大匙\r\n白胡椒粉  少許\r\n烏醋  1.25大匙', '1.紅蘿蔔、小黃瓜切絲；蒜頭切末；青蔥切蔥花；金針菇去根部撥散備用。\r\n2.將小黃瓜絲以1/4茶匙的鹽抓醃，去青出水。\r\n3.起一鍋沸水，放入金針菇煮2分鐘，再放入紅蘿蔔汆燙30秒，取出瀝乾水份，倒入調理盆。\r\n4.另取鍋，倒入香油，中火爆香蒜末及蔥白。\r\n5.將步驟4倒入步驟3，撒上蔥花及小黃瓜絲。\r\n6.加入鹽、糖、白胡椒粉及醬油拌勻，最後再加入烏醋提味即可。', '做法快速又簡單，絕對是零失敗料理', '200', '3438af3529e58685c40e56e33cca6519.jpg', '開心農場', 123456, '2022-06-01'),
(13, '杏鮑菇炒空心菜', 10, '台式料理', '新手輕鬆入門', '1.空心菜  1大把\r\n2.杏鮑菇  3根\r\n3.鹽巴  適量\r\n4.油  適量', '1.備料，杏鮑菇切塊，切空心菜。\r\n2.油下，先炒杏鮑菇。\r\n3.鍋蓋蓋上悶杏鮑菇，火別太大，等菇慢慢出水。\r\n4.出來的水可以炒菜。加鹽調味，完成。', '快速簡單。夏天的葉菜種類較少，用菇類做點變化。', '300', 'db494ecec400f7d582d0962c3fa46607.jpg', '開心農場', 123456, '2022-06-01'),
(14, '麻油肉燥燙地瓜葉', 5, '台式料理', '新手輕鬆入門', '1.地瓜葉  半包\r\n2.麻油  1小匙\r\n3.肉燥料理包  1包', '1.清洗乾淨後挑葉子，葉梗去硬皮。地瓜葉富含鐵質，遇到空氣易變黑，挑菜時可以戴著手套。\r\n2.切地瓜葉每段5公分，葉梗、葉子分開放。\r\n3.鍋子水滾加點油防葉子變黑先放葉梗悶煮，再放青菜約2分鐘。\r\n4.起鍋加少許麻油及泡麵沒用的肉燥料理包，就可以輕鬆上菜。', '地瓜葉又稱蕃薯葉，清燙再加上靈魂醬汁，就是道完美的家常菜', '300', 't48d6f946c292a72ec440dbc4422fa5d.jpg', '開心農場', 123456, '2022-06-01'),
(15, '蛋香高麗菜鮮蝦湯麵', 20, '台式料理', '新手輕鬆入門', '1.冷凍大蝦子  依個人喜愛\r\n2.鮮肉貢丸  依個人喜愛\r\n3.高麗菜  1/6顆\r\n4.雞蛋  2顆\r\n5.青蔥  1支\r\n6.刀削麵  2片\r\n7.鹽巴  依個人喜愛\r\n8.味精  依個人喜愛', '1.蝦子不需退冰、高麗菜洗好撥小塊、青蔥切段、雞蛋打散\r\n2.熱鍋下油把蛋煎熟，稍微焦焦的更香，接著放入青蔥稍微拌炒。加入約1000cc開水，放入貢丸等水滾\r\n3.水開始滾後放入高麗菜，把高麗菜煮軟\r\n4.接著放入麵條\r\n5.麵條微軟之後放入蝦子並調味\r\n6.等蝦子煮熟就可以起鍋', '適合冬天喝下，暖胃的熱湯', '500', '75e15d6f8727399802b1392c400b99b2.jpg', '開心農場', 123456, '2022-06-01'),
(16, '櫻花蝦油飯', 10, '台式料理', '新手輕鬆入門', '1.糯米  3杯\r\n2.肉絲  適量\r\n3.香菇(泡水0.4杯)  4朵\r\n4.櫻花蝦  適量\r\n5.紅蔥頭  適量\r\n6.醬油  2匙\r\n7.蠔油  2匙\r\n8.鹽  1匙\r\n9.太白粉  1匙\r\n10水  40cc\r\n11.白胡椒  適量', '1.油2大匙、紅蔥頭、櫻花蝦5匙，炒香\r\n2.加香菇絲、鹽2匙，炒半軟\r\n3.加肉絲，拌炒變色，熄火備用\r\n4.糯米3杯、香菇水、水2杯、炒料，選擇糯米，開始炊飯', '糯米搭配香菇與蝦米的飯食料理', '500', 'e4fa1e2b21e2a9ee98a9ccb1b8e1fefe.jpg', '開心農場', 123456, '2022-06-01'),
(17, '煎蛋湯', 10, '台式料理', '新手輕鬆入門', '1.雞蛋（土雞蛋最香）  5顆\r\n2.蔥（切蔥花）  2支\r\n3.鹽巴或雞粉  適量\r\n4.白胡椒  少許', '1.起油鍋，熱油（油要比平常再多一些些），油要夠蛋才會香\r\n2.兩面煎金黃，油冒泡泡\r\n3.加水約900ml，煮到沸騰，再用鍋鏟把蛋切開，繼續煮到湯變白\r\n4.調味，最後下蔥花和白胡椒\r\n5.喜歡吃麵可以加麵，喜歡吃飯可以湯拌飯。', '蛋花湯的變化，顛覆大眾對蛋花湯的印象', '500', 'b161f75f968c10be8f35001b502d14c0.jpg', '開心農場', 123456, '2022-06-01'),
(18, '紙包檸檬鮭魚菲力(氣炸鍋版)', 20, '日式料理', '新手輕鬆入門', '1.鮭魚菲力  250g\r\n2.無鹽奶油  10g\r\n3.檸檬  半顆\r\n4.四季豆(甜椒、花椰菜、玉米筍)  適量\r\n5.胡椒鹽  2茶匙\r\n6.蒜頭  4~6瓣', '1.鮭魚菲力沖洗乾淨，輕輕擦乾\r\n2.將鮭魚放在烘焙紙上，塗抹胡椒鹽、擠上檸檬汁，放入奶油及四季豆(依個人喜好四季豆可替換為其他時蔬)，鋪上檸檬片\r\n3.將烘焙紙像糖果一樣包起來，兩邊扭結，氣炸鍋溫度180度，時間20分鐘(依鮭魚菲力大小調整時間，本次使用鮭魚較厚，時間有烤比較久)\r\n4.烤完即可食用', '零失敗食譜，在家也能完成西餐廳料理', '600', 'b0fd632a003a439d13eef6fef4027a0a.jpg', '開心農場', 123456, '2022-06-01'),
(19, '照燒油豆腐', 20, '台式料理', '新手輕鬆入門', '1.油豆腐  1盒\r\n2.蔥  2-3根\r\n3.醬油  1匙\r\n4.米酒  少許\r\n5.砂糖  少許', '1.下少許油煎油豆腐至兩面金黃，再加入蔥白段炒香。\r\n2.再加入醬油、米酒、砂糖煮至兩面入味，醬汁收乾，即可上桌。', '食材容易取得，簡單製作的家常料理', '400', 'c69f681687ed7a38177b1495fc79fe7c.jpg', '開心農場', 123456, '2022-06-01'),
(20, '魚香茄子', 10, '台式料理', '新手輕鬆入門', '1.茄子  兩條\r\n2.豬絞肉  約100克\r\n3.米酒  適量\r\n4.蒜末  適量\r\n5.大辣椒碎  半支\r\n6.醬油  一大匙\r\n7.糖  一茶匙\r\n8.水  約半碗\r\n9.九層塔  適量', '1.茄子切等長、辣椒蒜頭切末備用\r\n2.開中大火加油熱鍋，倒入豬絞肉翻炒，大致熟透後加入適量米酒去腥\r\n3.加入蒜末炒香、辣椒碎(怕辣的話可以最後再加)與茄子拌炒均勻\r\n4.茄子都吃到油後，加入醬油炒出醬香，再加入一小匙糖\r\n5.拌炒均勻後加入約半碗水煨煮\r\n6.收汁收的差不多的時候加入九層塔拌炒\r\n7.下飯的魚香茄子就完成', '好吃的茄子料理，食材容易取得', '300', '30269561b4750bc5bcb5bbbf2a05e12c.jpg', '開心農場', 123456, '2022-06-01'),
(21, '虱目魚肚粥', 20, '台式料理', '新手輕鬆入門', '1.虱目魚肚  2塊\r\n2.白飯  1.5碗\r\n3.蛤蜊  200克\r\n4.蒜末  10克\r\n5.紅蔥頭  10克\r\n6.薑絲  10克\r\n7.芹菜末  適量\r\n8.蒜酥  適量\r\n9.高湯或水  1000毫升\r\n10.鹽  適量\r\n11.胡椒粉  1匙\r\n12.米酒  1匙', '1、虱目魚肚洗淨，擦乾水分，少許油2面各煎30秒撈出備用。\r\n2、放入蒜末、紅蔥頭、薑絲炒香，加入高湯或水，放入米飯，煮至喜愛的口感。\r\n3、放入蛤蜊煮開，加米酒、胡椒粉增添鮮味，試味道後，鹽巴調味。\r\n4、再放入魚肚煮3分鐘即可，食用前，撒點芹菜、蒜酥增添風味即可上桌。', '所謂台南人的早餐～虱目魚肚粥', '500', '6a1fe9731f8707ff07a0943d8aed637b.jpg', '開心農場', 123456, '2022-06-01'),
(22, '紅酒馬鈴薯燉肉', 120, '日式料理', '餐廳廚師料理', '1.豬岬心  300g\r\n2.馬鈴薯  2顆\r\n3.薑  3片\r\n4.紅酒  60-100g\r\n5.日式風味醬油  40g\r\n6.冰糖  30g\r\n7.紅蘿蔔  1根\r\n8.洋蔥  1/4', '1.豬岬心切塊\r\n2.豬肉熱水汆燙 把薑三片一起丟進去去腥\r\n3.汆燙完 進燉鍋 稍微煎一下\r\n4.加水到淹過食材\r\n5.邊滾邊加入食材，先投入紅酒 日式風味醬油、冰糖，再投入馬鈴薯 紅蘿蔔 洋蔥，燉到收汁即可', '風味獨特的西式料理，加白靈菇、鴻喜菇也不錯', '500', 'eb8462298c2bbeffaac86db7833517d0.jpg', '開心農場', 123456, '2022-06-01'),
(23, '左宗棠雞', 25, '中式料理', '餐廳廚師料理', '1.去骨雞腿排  500g\r\n2.大辣椒  3條\r\n3.食用油 (耐高溫)  120ml\r\n4.醬油  2.5大匙\r\n5.雞蛋  1顆\r\n6.太白粉  1.5大匙\r\n7.油  1茶匙\r\n8.蕃茄醬  1大匙\r\n9.蒜頭  3瓣\r\n10.細砂糖  1大匙\r\n11.白醋  1大匙\r\n12.料理米酒  1大匙\r\n13.太白粉  1/2茶匙\r\n14.水  1大匙\r\n15.白胡椒粉  少許', '1.去骨雞腿先劃刀 (加速雞肉熟成及入味速度)再切成適口大小，辣椒切段(不嗜辣者可去籽)；蒜頭切末；蔥切絲後泡水擺盤用。\r\n2.雞肉與醃料拌勻醃15分鐘（下鍋前再依序抓太白粉和油）。加入油可讓雞肉下鍋油炸時，肉較不易黏在一團。\r\n3.將蒜末與調好之醬汁拌勻備用。\r\n4.鍋內倒入120ml的油，將步驟1的雞肉以中火半煎炸的方式煎至表面呈金黃色後先起鍋備用。(二面各約2分鐘左右) 若使用傳統油炸方式，雞肉表面會更加香酥 (油炸可用160度炸至表面金黃)\r\n5.鍋內留下一大匙的油，小火爆香辣椒，放入步驟4的雞肉', '歸類於中國菜系中的湘菜，卻不被湖南人認同。多見於美國與加拿大的中餐館。', '500', '1ed4a6dbd27be33a03c874fe5d51b6cd.jpg', '開心農場', 123456, '2022-06-01'),
(24, '日式蔥燒雞', 15, '台式料理', '新手輕鬆入門', '1.雞腿肉  2塊\r\n2.蔥  1大把\r\n3.鹽  1/3小匙\r\n4.黑胡椒  1/3小匙\r\n5.米酒  1 大匙\r\n6.太白粉  2大匙\r\n7.S&B 生蒜泥醬  1小匙\r\n8.砂糖  1大匙\r\n9.味霖  2大匙\r\n10.醬油  2大匙', '1.將肉切成入口大小，以鹽、黑胡椒、米酒醃 10 分鐘，下鍋前再放入太白粉裏勻\r\n2.將所有【醬汁】先放入小碗中拌勻\r\n3.將醃好的肉下鍋煎至金黃！雞皮朝下開始煎，中火一面1分鐘\r\n4.倒入醬汁，蓋上鍋蓋，悶煮約30秒\r\n5.開蓋後後放入蔥稍微拌炒一下\r\n6.收汁後就算完成，如果要做成燴飯就不要煮太久～', '滿滿的蔥香加上鹹甜的醬汁，非常下飯的一道料理！也可以直接做成燴飯', '600', '0d9a2f7c41b04b9e4b35d5bb69979ed1.jpg', '開心農場', 123456, '2022-06-01'),
(25, '步步高升排骨', 20, '台式料理', '新手輕鬆入門', '1.排骨  一斤\r\n2.米酒  一大匙\r\n3.砂糖  二大匙\r\n4.白醋  三大匙\r\n5.醬油  四大匙\r\n6.水  五大匙', '1.首先川燙排骨至肉變白，將水倒掉。\r\n2.依序加入所有調味。蓋鍋蓋轉中火，偶爾攪拌顏色才會均勻。 水滾後轉中小火，慢慢燜乾。\r\n3.醬汁快乾時轉大火，增添排骨的顏色。', '簡單的調味，就能有好吃的排骨。', '400', '802882fb633fbdbac90d6830a59ff6e2.jpg', '開心農場', 123456, '2022-06-01'),
(26, '三杯雞', 20, '台式料理', '新手輕鬆入門', '1.雞肉  適量\r\n2.醬油  一大匙\r\n3.米酒  一大匙\r\n4.太白粉  一大匙\r\n5.麻油  30g\r\n6.醬油  5大匙\r\n7.米酒  5大匙\r\n8.水  4大匙', '1.熱鍋後加入油先把A下去煎熟,取出盤\r\n2.把瀝起來的雞油+薑片炒乾後再加入蒜頭+冰糖小火炒(記得持攪拌後+放入步驟一雞肉炒\r\n3.接著把步驟B材料放入小火收汁後加入辣椒,放入砂鍋內再放入九層塔蓋蓋子,在到一點點米酒在蓋子周圍即可', '簡單容易料理的家常菜，常見於各家庭餐桌', '600', '3f030b6a61d4dea41b126b71d0653bb3.jpg', '開心農場', 123456, '2022-06-01'),
(27, '懶人版墨西哥雞肉捲餅', 10, '西式料理', '新手輕鬆入門', '1.墨西哥餅皮  2張\r\n2.起士片  1片\r\n3.生菜  適量\r\n4.雞肉串  適量\r\n5.荷包蛋  2顆', '1.雞肉串直接用氣炸鍋加熱。\r\n2.用平底鍋加熱墨西哥餅皮、放上半片起士片。\r\n3.接著將生菜以及荷包蛋擺上、最後放上烤好的雞肉串並包起來即可。', '很適合搭配啤酒的墨西哥料理', '600', 'c40d596c1b82739b1da0a38ade00f23c.jpg', '開心農場', 123456, '2022-06-01'),
(28, '蒜香蔥油雞', 30, '台式料理', '新手輕鬆入門', '1.雞腿肉丁  400克\r\n2.蒜片  20克\r\n3.蔥花  200克\r\n4.香油  2大匙\r\n5.醬油  1大匙\r\n6.米酒  1大匙\r\n7.糖  1匙\r\n8.胡椒粉  1匙\r\n9.鹽巴  2小匙', '1.雞腿肉用醬油、米酒、糖、胡椒粉、鹽，醃漬10分鐘\r\n2.放入蒸鍋或電鍋蒸熟\r\n3.用鍋子將香油加熱，再放蒜片炒香，再放入大把蔥花快速拌炒出香氣即可\r\n4.將蔥油淋上雞肉，美味上桌', '蔥是提高免疫力，抗病毒很好的食材，享受美食的同時，順便增強免疫力', '500', '1dfc348ade6572df05a1dcc33ecd9e71.jpg', '開心農場', 123456, '2022-06-01'),
(29, '豆腐鮮蝦大阪燒', 20, '日式料理', '新手輕鬆入門', '1.嫩豆腐  150g\r\n2.雞蛋  1顆\r\n3.柴魚片  2撮\r\n4.鹽  1茶匙\r\n5.烹大師  1小匙\r\n6.高麗菜  200g\r\n7.白蝦  8-10隻\r\n8.橄欖油  1大匙\r\n9.低脂美乃滋  依喜好\r\n10.大阪燒醬  依喜好\r\n11.海苔粉  依喜好\r\n12.柴魚片  依喜好', '1.嫩豆腐用廚房紙巾吸乾水份後 用打蛋器搗碎\r\n2.加入雞蛋、鹽、烹大師和捏碎的柴魚片 攪拌均勻\r\n3.將高麗菜切成1*1公分的小塊\r\n4.把高麗菜和已去殼、去腸泥、切小塊的蝦子 一起放入剛才的豆腐糊裡 攪拌均勻將可以開始煎，也可加透抽、章魚、小珠貝、蟹肉\r\n5.開中小火、在鍋裡倒入一匙橄欖油預熱\r\n6.將大阪燒糊分成四等份，放入平底鍋中 稍微整形一下。接著蓋上鍋蓋計時4分鐘 翻面再煎2分鐘即可\r\n7.盛盤後 淋上低脂美乃滋和大阪燒醬 灑上海苔粉 最後放上柴魚片就完成了。', '原本大阪燒的主體是以低筋麵粉+高湯來製作，這次以雞蛋+嫩豆腐來取代，不只降低熱量、升醣值，也提升了蛋白質含量！口感一樣鬆軟好吃！適合正在減脂、不敢吃高GI澱粉的人', '700', 'ae106a35333b963601030a32f1de31c5.jpg', '開心農場', 123456, '2022-06-01'),
(30, '10分鐘 迷迭香蒜蘑菇餃', 10, '西式料理', '餐廳廚師料理', '1.蘑菇  200克\r\n2.洋蔥  200克\r\n3.橄欖油  1大匙\r\n4.生蒜泥  1匙\r\n5.白酒  100ml\r\n6.高湯  350ml\r\n7.帕瑪森起司  30g\r\n8.義大利香料粉(可省略)  適量\r\n9.新鮮或乾燥迷迭香  適量\r\n10.玫瑰鹽  適量\r\n11.黑胡椒  適量\r\n12.水餃  24顆(8顆/份)', '1.將迷迭香加入雞高湯中，將湯煮沸，味道相融後過濾掉。\r\n2.鍋內放橄欖油、無鹽奶油、月桂葉，拌炒洋蔥至透明軟化狀。\r\n3.加入蘑菇拌炒。\r\n4.加生蒜泥拌炒，很快會飄出香味。\r\n5.再將高湯、清酒加入，加黑胡椒、鹽調味後熄火、移除月桂葉並拌入帕瑪森起司、一大匙無鹽奶油（份量外）。\r\n6.淋上已經煮熟的水餃，完成。', '只要花10分鐘就可以搞定的營養健康美食', '500', '508ba85ad2e55a0d02fc8db292029879.jpg', '開心農場', 123456, '2022-06-01'),
(31, '香菇高麗菜飯', 15, '台式料理', '新手輕鬆入門', '1.香菇(泡水1.5杯)  4朵\r\n2.肉絲  1-2片\r\n3.米  2.5杯\r\n4.高麗菜  適量\r\n5.蒜  適量\r\n6.辣椒  1根\r\n7.櫻花蝦  5匙\r\n8.鹽  1匙\r\n9.醬油  2匙\r\n10.太白粉  1匙\r\n11.白胡椒  適量', '1.熱油4匙，加蒜、辣椒、櫻花蝦，炒香\r\n2.加高麗菜、香菇絲、香菇水、鹽2匙、醬油2匙，加蓋3分鐘，炒半軟\r\n3.加肉絲，拌炒變色，關火備用\r\n4.生米、水1杯，加炒料，開始炊飯', '簡易的家常料理，容易上手', '400', '55a83f978b3f8e9c7b13528dbb863108.jpg', '開心農場', 123456, '2022-06-01'),
(32, '蒜香鹹蛋黃烤南瓜', 20, '西式料理', '新手輕鬆入門', '1.南瓜  600克\r\n2.鹹蛋黃  2顆\r\n3.橄欖油  1匙\r\n4.蒜末  10克\r\n5.胡椒粉  少許\r\n6.蔥花  少許', '1、南瓜去籽切塊，鹹蛋黃切碎\r\n2、南瓜放所有調味料，蒜末、鹹蛋黃，拌勻\r\n3、放入氣炸鍋，180度烤15分鐘，再撒點蔥花即可', '鮮甜可口的南瓜，裹上鹹香，口感沙沙的鹹蛋黃，營養飽腹，超級美味', '300', '57817de4a830a813609ba21e0aa0613b.jpg', '開心農場', 123456, '2022-06-01'),
(33, '紅燒吳郭魚', 10, '台式料理', '新手輕鬆入門', '1.吳郭魚  1條\r\n2.蔥白  適量\r\n3.蔥綠  適量\r\n4.蒜頭  適量\r\n5.薑  4-5片\r\n6.米酒  2湯匙\r\n7.鹽  適量\r\n8.食用油  少許\r\n9.水  1米杯\r\n10.醬油  2.5湯匙', '1.蔥薑蒜先切好備用，蔥綠另外放，最後才下，蔥綠可以切段，也可以切絲，最後裝飾較美觀，醬汁先調好備用，米酒備用，最後起鍋前再加\r\n2.魚洗乾淨（內臟要清乾淨才不會有土味喔），接著擦乾多餘水份，在魚身上斜劃3-4刀，幫助入味，之後也好觀察魚肉有沒有熟，再來兩面均勻抹上鹽巴，稍微放置一下\r\n3.用不沾鍋，不用太多油熱鍋也不會沾黏魚皮，油熱後下魚煎至兩面金黃，中間有上蓋幫助快熟，一面中火煎約3-4分鐘，翻面的時候鏟子靠背鰭那面翻，魚較有支撐比較不會散掉。\r\n4.兩面金黃後，把魚移到邊邊騰出空間來，油集中到下面爆', '很家常的魚料理，考驗對食材的掌握度', '500', 'b395572ac1fbc63429928c07e4c1415e.jpg', '開心農場', 123456, '2022-06-01'),
(34, '簡易版牛肉羅宋湯', 90, '日式料理', '米其林名廚作品', '1..牛肋條  3條\r\n2.義式番茄糊  1/2罐\r\n3.馬鈴薯（小顆）  2顆\r\n4.紅蘿蔔  1/3條\r\n5.洋蔥  適量\r\n6.西洋芹  1根\r\n7.高麗菜  1/4顆\r\n8.即食雞湯  1罐', '1.牛肋條切小塊，鍋子不加油燒熱，直接煎牛肋條塊，可以先加入一些海鹽、黑胡椒調味。\r\n2.用煸出的牛油一起拌炒紅蘿蔔跟洋蔥\r\n3.即食雞高湯加熱，將炒過的牛肉、蔬菜倒入鍋中，加入義式番茄糊\r\n4.中小火先燉煮40分鐘\r\n5.燉煮40分鐘後，水份會少一點（但不致於會燒到鍋子乾掉），加入馬鈴薯（切中小丁）再煮15分鐘\r\n6.40分鐘+15分鐘，可以試吃一下牛肉的軟爛程度和味道，即可上桌', '擁有豐富茄紅素的湯品料理', '500', 'ef2cae0b21276b63b6be9a6b3a23e509.jpg', '開心農場', 123456, '2022-06-01'),
(35, '香辣干貝醬佐杏鮑菇', 20, '台式料理', '餐廳廚師料理', '1.豬絞肉  約300克\r\n2.杏鮑菇  2根\r\n3.蒜頭  2瓣\r\n4.干貝海鮮醬-小辣  2大匙\r\n5.水  3/1碗\r\n6.糖  適量\r\n7.白胡椒粉  1小匙\r\n8.米酒  2大匙', '1.先將豬絞肉撒一些白胡椒粉&加上約2湯匙的米酒捏捏放置備料約15分鐘（前置作業）\r\n2.蒜頭切末\r\n3.熱鍋熱油後，蒜末爆香金黃表面，再下豬絞肉拌炒約3分\r\n4.加入2湯匙干貝醬及杏鮑菇後加入約1/3碗水及砂糖調味，翻炒5～6分鐘熟後 即可起鍋', '又香又辣的白飯殺手料理', '200', '7dbcfd8937745e5dbc8a191394920561.jpg', '開心農場', 123456, '2022-06-01'),
(36, '肉捲飯糰', 60, '日式料理', '餐廳廚師料理', '1.白芝麻粒  適量\r\n2.豬梅花肉片  2盒\r\n3.鹽  適量\r\n4.醬油  2匙\r\n5.味霖  2匙\r\n6.米酒  2匙\r\n7.細砂糖  1匙\r\n8.壽司米  2米杯\r\n9.水  2.4米杯\r\n10.油  少許\r\n11.香鬆  適量', '1. 煮飯（比例壽司米1：水1.2）\r\n2. 待電鍋跳起微悶後用飯匙鬆飯，靜置微涼後加入香鬆攪拌均勻備用\r\n3.取一碗調製醬料， 豬梅花肉片灑上適量的鹽醃製15分鐘， 戴上手套將飯捏成圓形狀（可製作成9顆）\r\n4.取一保鮮膜，將肉片平鋪後放上飯糰捲起，再鋪上一片肉片另一邊開口處再捲起（每個飯糰使用2片肉片包）\r\n5.捲好的飯糰上均勻撒上適量太白粉，平底鍋加上適量油小火即可放入飯糰將每面煎至焦香\r\n6.加入半米杯水蓋上鍋蓋悶5分鐘至肉片熟透，加入照燒醬汁讓飯糰每面都沾裹到醬汁到收汁\r\n7. 盛盤飯糰上撒上適', '裹上照燒醬汁的肉捲飯糰', '500', 'bee12560c33037987b6e0c767ef83f5f.jpg', '開心農場', 123456, '2022-06-01'),
(37, '泰式檸檬魚', 20, '東南亞料理', '餐廳廚師料理', '1.鱸魚  半隻\r\n2.檸檬  一顆\r\n3.老薑  5篇\r\n4.蒜頭  8顆\r\n5.辣椒  1條\r\n6.洋蔥  半顆\r\n7.米酒  3大湯匙\r\n8.糖  一大湯匙\r\n9.魚露  3大湯匙', '1.洋蔥、蒜頭、辣椒切丁，檸檬切3片備用，其他擠汁\r\n2.鱸魚放入盤中，加米酒、薑片、蔥段放入電鍋蒸\r\n3.放入三片檸檬、蔥段再悶2分鐘\r\n4.洋蔥、蒜頭、辣椒打碎，並加入魚露\r\n5.調整一下擺盤，淋上醬料即完成', '炎炎夏日開胃的一道好料理', '500', 'dd0d41a6e1b248b174171ad1738129c3.jpg', '開心農場', 123456, '2022-06-01'),
(38, '味噌湯', 10, '日式料理', '新手輕鬆入門', '1.味噌1小包  140公克\r\n2.洋蔥  半顆\r\n3.嫩豆腐  1盒\r\n4.水  1000cc\r\n5.奶粉  20公克\r\n6.砂糖  10公克\r\n7.柴魚片  少許(可不加)', '1.洋蔥半顆切絲\r\n2.嫩豆腐一盒切塊狀(大小依自己喜好)\r\n3.開大火，將1000cc的水先預熱，水煮熱之後，撈一些水起來先將味噌跟奶粉攪散\r\n4.水開始小滾(冒泡泡)之後，就可以下洋蔥絲，等水再次小滾，就下豆腐\r\n5.靜置1分鐘，再將攪好的味噌跟奶粉下鍋\r\n6.味噌下之後，蓋上鍋蓋直到再次小滾\r\n7.味噌澱粉含量高，如果大滾會整個冒出來，所以小滾就可以先將鍋蓋打開，開蓋之後轉小火，並將砂糖及柴魚下鍋，輕輕地拌勻\r\n9.等到湯滾了，就可以起鍋', '煮起來不會死鹹又甘甜的湯', '300', '0e9b7457b20d44981c93b8f190e80150.jpg', '開心農場', 123456, '2022-06-01'),
(39, '鮮蚵嫩豆腐', 10, '台式料理', '新手輕鬆入門', '1.鮮蚵  半斤\r\n2.豆腐  一盒\r\n3.豆瓣醬  兩匙\r\n4.醬油  一匙\r\n5.香油  一匙\r\n6.米酒  一匙\r\n7.洋蔥  1/5\r\n8.蒜頭  4瓣\r\n9.辣椒  一根\r\n10.蔥  少許\r\n11.香菜  兩片', '1.熱鍋放油，辣椒/洋蔥/蔥花爆香\r\n2.倒入切好的嫩豆腐\r\n3.加入米酒/醬油/豆瓣醬，拿鏟子稍微推一下小心弄破豆腐\r\n4.加入鮮蚵\r\n5.等到收汁加點香油就可以起鍋\r\n6.加入香菜點綴', '搭配嫩豆腐根本是白飯殺手，煮起來又很簡單上手', '400', '07e11f51f9d409804bafa4a34e937bac.jpg', '開心農場', 123456, '2022-06-01'),
(40, '沙嗲烤雞肉串', 45, '東南亞料理', '餐廳廚師料理', '1.雞肉  600克\r\n2.沙嗲醬  1小匙\r\n3.醬油  1小匙\r\n4.糖  1小匙\r\n5.香油  1大匙\r\n6.白胡椒粉  少許\r\n6.奶油  25克\r\n7.蒜末  1小匙\r\n8.沙嗲醬  1大匙\r\n9.花生醬  2小匙\r\n10.豆瓣醬（可省略）  1小匙\r\n11.糖  1大匙\r\n12.水  120毫升\r\n13.椰漿  120毫升', '1.將雞肉切小塊，然後用醃料醃雞肉最少一個小時\r\n2.將竹籤浸在熱水5分鐘，這可防止在烤時竹籤變黑。然將雞肉串起\r\n3.將雞肉串放在鋪有鋁箔紙的烤盤上，放入已預熱180度烤箱，烤約15 -18分鐘，烤至一半時間時，將雞肉翻面再烤（可在雞肉上塗少許油）\r\n4.沙嗲沾醬做法：將奶油放在鍋內，煮至溶化，然後下蒜末\r\n5.再下所有沾醬材料拌勻（除了椰漿），煮至醬汁濃稠後，再加椰漿煮沸即可完成', '充滿東南亞風味的沙嗲烤雞串', '600', 'ffecb64e499a7cce7222fcb03ea9d208.jpg', '開心農場', 123456, '2022-06-01');

-- --------------------------------------------------------

--
-- Table structure for table `sightseeing_activity_order`
--

CREATE TABLE `sightseeing_activity_order` (
  `order_no` int(255) NOT NULL,
  `customer_id` int(255) NOT NULL,
  `shop_id` int(255) NOT NULL,
  `activity_id` int(11) NOT NULL,
  `order_status` varchar(255) NOT NULL,
  `product_amount_total` int(11) NOT NULL,
  `created_time` datetime NOT NULL,
  `activity_date` date NOT NULL,
  `customer_remark` varchar(255) NOT NULL,
  `pay_channel` varchar(255) NOT NULL
) ENGINE=InnoDB DEFAULT CHARSET=utf8mb4;

-- --------------------------------------------------------

--
-- Table structure for table `sightseeing_order_details`
--

CREATE TABLE `sightseeing_order_details` (
  `sid` int(50) NOT NULL,
  `order_no` int(50) NOT NULL,
  `customer_email` varchar(255) NOT NULL,
  `customer_address` varchar(255) NOT NULL,
  `activity_id` int(11) NOT NULL,
  `activity_name` varchar(255) NOT NULL,
  `activity_price` int(11) NOT NULL,
  `activity_member_count` int(11) NOT NULL,
  `discount_amount` int(11) NOT NULL,
  `subtotal` int(11) NOT NULL,
  `customer_remark(ex:vege)` varchar(255) NOT NULL,
  `pay_channel_id` int(11) NOT NULL
) ENGINE=InnoDB DEFAULT CHARSET=utf8mb4;

-- --------------------------------------------------------

--
-- Table structure for table `statement_of_account`
--

CREATE TABLE `statement_of_account` (
  `sid` int(50) NOT NULL,
  `shop_id` int(11) NOT NULL,
  `order_no` int(11) NOT NULL,
  `order_total_price` int(11) NOT NULL,
  `activity_order_no` int(11) NOT NULL,
  `activity_total_price` int(11) NOT NULL,
  `total_amount` int(11) NOT NULL
) ENGINE=InnoDB DEFAULT CHARSET=utf8mb4;

-- --------------------------------------------------------

--
-- Table structure for table `supervisor_list`
--

CREATE TABLE `supervisor_list` (
  `supervisor_id` int(11) NOT NULL,
  `name` varchar(255) NOT NULL,
  `email` varchar(255) NOT NULL,
  `password` varchar(255) NOT NULL,
  `creat_at` datetime NOT NULL DEFAULT current_timestamp()
) ENGINE=InnoDB DEFAULT CHARSET=utf8mb4;

--
-- Dumping data for table `supervisor_list`
--

INSERT INTO `supervisor_list` (`supervisor_id`, `name`, `email`, `password`, `creat_at`) VALUES
(1, 'bob', 'bob@test.com', '1234', '2022-06-01 14:53:17'),
(2, 'bopin', 'bopin@farmer26.com', '$2y$10$Wqyg66dB05tvCrRUWIAvX.5OA4t/wqxH7MwCnG.kPNsFkfq0hBrwS', '2022-06-01 14:53:17'),
(3, 'bob', 'bobchen@farmer26.com', '$2y$10$Epu2H3WYsWX3B2afNZzuhuvYpKrTTiVxjAoivRSboz7AaMlN22zWS', '2022-06-01 03:13:23'),
(5, 'farmer', 'farmer26@farmer26.com', 'd9ba32f9b0dbd1561607ccab6f998ef6dffe4f6b', '2022-06-07 14:52:12');

--
-- Indexes for dumped tables
--

--
-- Indexes for table `changeproduct_01`
--
ALTER TABLE `changeproduct_01`
  ADD PRIMARY KEY (`product_sid`);

--
-- Indexes for table `change_01`
--
ALTER TABLE `change_01`
  ADD PRIMARY KEY (`change_sid`);

--
-- Indexes for table `change_product`
--
ALTER TABLE `change_product`
  ADD PRIMARY KEY (`change_sid`);

--
-- Indexes for table `contact_us`
--
ALTER TABLE `contact_us`
  ADD PRIMARY KEY (`sid`);

--
-- Indexes for table `customer_data`
--
ALTER TABLE `customer_data`
  ADD PRIMARY KEY (`customer_id`);

--
-- Indexes for table `customized_lunch`
--
ALTER TABLE `customized_lunch`
  ADD PRIMARY KEY (`sid`),
  ADD KEY `lunch_1` (`lunch_1`),
  ADD KEY `lunch_2` (`lunch_2`),
  ADD KEY `lunch_3` (`lunch_3`),
  ADD KEY `lunch_4` (`lunch_4`),
  ADD KEY `lunch_5` (`lunch_5`),
  ADD KEY `reference_receipt_id` (`reference_receipt_id`);

--
-- Indexes for table `firm`
--
ALTER TABLE `firm`
  ADD PRIMARY KEY (`firm_id`);

--
-- Indexes for table `firm_type`
--
ALTER TABLE `firm_type`
  ADD PRIMARY KEY (`firm_type_id`);

--
-- Indexes for table `orderlist`
--
ALTER TABLE `orderlist`
  ADD PRIMARY KEY (`order_no`);

--
-- Indexes for table `order_details`
--
ALTER TABLE `order_details`
  ADD PRIMARY KEY (`sid`);

--
-- Indexes for table `order_details_tobuy`
--
ALTER TABLE `order_details_tobuy`
  ADD PRIMARY KEY (`sid`);

--
-- Indexes for table `product`
--
ALTER TABLE `product`
  ADD PRIMARY KEY (`sid`),
  ADD KEY `product_name` (`product_name`),
  ADD KEY `product_type` (`product_type`),
  ADD KEY `product_price` (`product_price`),
  ADD KEY `product_hashtag` (`product_hashtag`),
  ADD KEY `product_inventory` (`product_inventory`);

--
-- Indexes for table `product_management`
--
ALTER TABLE `product_management`
  ADD PRIMARY KEY (`sid`);

--
-- Indexes for table `product_type`
--
ALTER TABLE `product_type`
  ADD PRIMARY KEY (`product_type_sid`);

--
-- Indexes for table `recipe`
--
ALTER TABLE `recipe`
  ADD PRIMARY KEY (`recipes_sid`);

--
-- Indexes for table `sightseeing_activity_order`
--
ALTER TABLE `sightseeing_activity_order`
  ADD PRIMARY KEY (`order_no`);

--
-- Indexes for table `sightseeing_order_details`
--
ALTER TABLE `sightseeing_order_details`
  ADD PRIMARY KEY (`sid`);

--
-- Indexes for table `statement_of_account`
--
ALTER TABLE `statement_of_account`
  ADD PRIMARY KEY (`sid`);

--
-- Indexes for table `supervisor_list`
--
ALTER TABLE `supervisor_list`
  ADD PRIMARY KEY (`supervisor_id`);

--
-- AUTO_INCREMENT for dumped tables
--

--
-- AUTO_INCREMENT for table `changeproduct_01`
--
ALTER TABLE `changeproduct_01`
  MODIFY `product_sid` int(11) NOT NULL AUTO_INCREMENT, AUTO_INCREMENT=7;

--
-- AUTO_INCREMENT for table `change_01`
--
ALTER TABLE `change_01`
  MODIFY `change_sid` int(11) NOT NULL AUTO_INCREMENT, AUTO_INCREMENT=213;

--
-- AUTO_INCREMENT for table `change_product`
--
ALTER TABLE `change_product`
  MODIFY `change_sid` int(11) NOT NULL AUTO_INCREMENT, AUTO_INCREMENT=11532;

--
-- AUTO_INCREMENT for table `contact_us`
--
ALTER TABLE `contact_us`
  MODIFY `sid` int(11) NOT NULL AUTO_INCREMENT, AUTO_INCREMENT=155;

--
-- AUTO_INCREMENT for table `customer_data`
--
ALTER TABLE `customer_data`
  MODIFY `customer_id` int(11) NOT NULL AUTO_INCREMENT, AUTO_INCREMENT=509;

--
-- AUTO_INCREMENT for table `customized_lunch`
--
ALTER TABLE `customized_lunch`
  MODIFY `sid` int(11) NOT NULL AUTO_INCREMENT, AUTO_INCREMENT=83;

--
-- AUTO_INCREMENT for table `firm`
--
ALTER TABLE `firm`
  MODIFY `firm_id` int(11) NOT NULL AUTO_INCREMENT, AUTO_INCREMENT=35;

--
-- AUTO_INCREMENT for table `firm_type`
--
ALTER TABLE `firm_type`
  MODIFY `firm_type_id` int(11) NOT NULL AUTO_INCREMENT, AUTO_INCREMENT=5;

--
-- AUTO_INCREMENT for table `orderlist`
--
ALTER TABLE `orderlist`
  MODIFY `order_no` int(255) NOT NULL AUTO_INCREMENT, AUTO_INCREMENT=194;

--
-- AUTO_INCREMENT for table `order_details`
--
ALTER TABLE `order_details`
  MODIFY `sid` int(11) NOT NULL AUTO_INCREMENT, AUTO_INCREMENT=301;

--
-- AUTO_INCREMENT for table `order_details_tobuy`
--
ALTER TABLE `order_details_tobuy`
  MODIFY `sid` int(11) NOT NULL AUTO_INCREMENT, AUTO_INCREMENT=301;

--
-- AUTO_INCREMENT for table `product`
--
ALTER TABLE `product`
  MODIFY `sid` int(11) NOT NULL AUTO_INCREMENT, AUTO_INCREMENT=96;

--
-- AUTO_INCREMENT for table `product_management`
--
ALTER TABLE `product_management`
  MODIFY `sid` int(50) NOT NULL AUTO_INCREMENT;

--
-- AUTO_INCREMENT for table `product_type`
--
ALTER TABLE `product_type`
  MODIFY `product_type_sid` int(11) NOT NULL AUTO_INCREMENT, AUTO_INCREMENT=7;

--
-- AUTO_INCREMENT for table `recipe`
--
ALTER TABLE `recipe`
  MODIFY `recipes_sid` int(11) NOT NULL AUTO_INCREMENT, AUTO_INCREMENT=45;

--
-- AUTO_INCREMENT for table `sightseeing_activity_order`
--
ALTER TABLE `sightseeing_activity_order`
  MODIFY `order_no` int(255) NOT NULL AUTO_INCREMENT;

--
-- AUTO_INCREMENT for table `sightseeing_order_details`
--
ALTER TABLE `sightseeing_order_details`
  MODIFY `sid` int(50) NOT NULL AUTO_INCREMENT;

--
-- AUTO_INCREMENT for table `statement_of_account`
--
ALTER TABLE `statement_of_account`
  MODIFY `sid` int(50) NOT NULL AUTO_INCREMENT;

--
-- AUTO_INCREMENT for table `supervisor_list`
--
ALTER TABLE `supervisor_list`
  MODIFY `supervisor_id` int(11) NOT NULL AUTO_INCREMENT, AUTO_INCREMENT=6;
COMMIT;

/*!40101 SET CHARACTER_SET_CLIENT=@OLD_CHARACTER_SET_CLIENT */;
/*!40101 SET CHARACTER_SET_RESULTS=@OLD_CHARACTER_SET_RESULTS */;
/*!40101 SET COLLATION_CONNECTION=@OLD_COLLATION_CONNECTION */;
